# This file uses centimeters as units for non-parametric coordinates.

mtllib Microscope.mtl
v -8.786972 55.943054 -10.259049
v -8.312878 55.714355 -10.468022
v -7.838428 55.637886 -10.767668
v -7.410065 55.721134 -11.128655
v -7.069719 55.955948 -11.515651
v -6.850707 56.319344 -11.890769
v -6.774466 56.775749 -12.217294
v -6.848460 57.280491 -12.463261
v -7.065444 57.784157 -12.604594
v -7.404181 58.237446 -12.627460
v -7.831511 58.595989 -12.529616
v -8.305605 58.824688 -12.320645
v -8.780054 58.901157 -12.021000
v -9.208417 58.817913 -11.660012
v -9.548762 58.583096 -11.273018
v -9.767775 58.219700 -10.897899
v -9.844016 57.763294 -10.571375
v -9.770022 57.258556 -10.325407
v -9.553038 56.754890 -10.184073
v -9.214301 56.301601 -10.161209
v -4.512191 58.910870 -3.380084
v -3.773216 58.554394 -3.705811
v -3.033687 58.435200 -4.172871
v -2.365993 58.564960 -4.735547
v -1.835493 58.930965 -5.338758
v -1.494116 59.497395 -5.923460
v -1.375278 60.208801 -6.432417
v -1.490613 60.995544 -6.815809
v -1.828829 61.780613 -7.036107
v -2.356822 62.487160 -7.071746
v -3.022905 63.046024 -6.919239
v -3.761879 63.402500 -6.593513
v -4.501408 63.521694 -6.126452
v -5.169102 63.391937 -5.563777
v -5.699602 63.025928 -4.960565
v -6.040979 62.459499 -4.375864
v -6.159816 61.748096 -3.866907
v -6.044482 60.961353 -3.483515
v -5.706265 60.176285 -3.263217
v -5.178274 59.469738 -3.227578
v -3.767548 60.978447 -5.149662
v -8.618820 56.080376 -10.027848
v -9.046150 56.438919 -9.930006
v -9.384886 56.892208 -9.952870
v -9.601871 57.395874 -10.094204
v -9.675864 57.900616 -10.340172
v -9.599623 58.357021 -10.666696
v -9.380610 58.720417 -11.041816
v -9.040266 58.955231 -11.428809
v -8.611902 59.038475 -11.789798
v -8.137453 58.962009 -12.089442
v -7.663359 58.733307 -12.298414
v -7.236029 58.374763 -12.396256
v -6.897293 57.921474 -12.373392
v -6.680308 57.417809 -12.232059
v -6.606314 56.913071 -11.986092
v -6.682555 56.456665 -11.659566
v -6.901568 56.093266 -11.284448
v -7.241913 55.858452 -10.897452
v -7.670277 55.775208 -10.536465
v -8.144726 55.851673 -10.236819
v -8.389635 55.955425 -9.115343
v -8.959409 56.433483 -8.984888
v -9.411057 57.037868 -9.015373
v -9.700371 57.709427 -9.203818
v -9.799028 58.382412 -9.531775
v -9.697373 58.990955 -9.967141
v -9.405357 59.475483 -10.467300
v -8.951563 59.788567 -10.983294
v -8.380412 59.899563 -11.464610
v -7.747812 59.797604 -11.864138
v -7.115687 59.492672 -12.142767
v -6.545913 59.014614 -12.273223
v -6.094264 58.410229 -12.242737
v -5.804951 57.738670 -12.054293
v -5.706293 57.065685 -11.726336
v -5.807948 56.457142 -11.290969
v -6.099964 55.972614 -10.790810
v -6.553759 55.659531 -10.274817
v -7.124910 55.548534 -9.793499
v -7.757510 55.650490 -9.393972
v -8.747790 56.051846 -10.352161
v -9.140072 56.380985 -10.262344
v -9.451027 56.797096 -10.283334
v -9.650216 57.259457 -10.413075
v -9.718141 57.722797 -10.638869
v -9.648152 58.141773 -10.938614
v -9.447103 58.475365 -11.282968
v -9.134670 58.690918 -11.638223
v -8.741440 58.767338 -11.969604
v -8.305902 58.697140 -12.244673
v -7.870692 58.487198 -12.436507
v -7.478410 58.158062 -12.526323
v -7.167455 57.741947 -12.505334
v -6.968266 57.279591 -12.375592
v -6.900342 56.816246 -12.149797
v -6.970330 56.397274 -11.850054
v -7.171380 56.063683 -11.505700
v -7.483811 55.848125 -11.150445
v -7.877042 55.771706 -10.819064
v -8.312580 55.841904 -10.543994
v -8.264340 55.881298 -10.477667
v -8.699552 56.091244 -10.285834
v -8.261003 57.308918 -11.328007
v -7.828803 55.811104 -10.752737
v -7.435572 55.887524 -11.084118
v -7.123140 56.103077 -11.439373
v -6.922091 56.436668 -11.783727
v -6.852102 56.855644 -12.083470
v -6.920027 57.318985 -12.309265
v -7.119216 57.781345 -12.439007
v -7.430171 58.197456 -12.459996
v -7.822453 58.526596 -12.370179
v -8.257664 58.736538 -12.178346
v -8.693201 58.806732 -11.903276
v -9.086432 58.730316 -11.571895
v -9.398863 58.514759 -11.216640
v -9.599914 58.181168 -10.872287
v -9.669901 57.762196 -10.572543
v -9.601976 57.298851 -10.346748
v -9.402787 56.836494 -10.217007
v -9.091833 56.420380 -10.196017
v -5.420550 58.380096 -5.032954
v -5.990324 58.858154 -4.902498
v -6.441972 59.462543 -4.932984
v -6.731286 60.134098 -5.121429
v -6.829944 60.807083 -5.449386
v -6.728289 61.415627 -5.884752
v -6.436272 61.900154 -6.384911
v -5.982478 62.213238 -6.900904
v -5.411327 62.324234 -7.382221
v -4.778727 62.222275 -7.781748
v -4.146602 61.917343 -8.060377
v -3.576828 61.439285 -8.190834
v -3.125180 60.834900 -8.160348
v -2.835866 60.163342 -7.971903
v -2.737208 59.490356 -7.643946
v -2.838862 58.881813 -7.208580
v -3.130879 58.397285 -6.708421
v -3.584674 58.084202 -6.192428
v -4.155825 57.973206 -5.711110
v -4.788425 58.075165 -5.311583
v -5.059851 58.463631 -4.133099
v -5.725935 59.022495 -3.980592
v -6.253926 59.729046 -4.016232
v -6.592143 60.514114 -4.236529
v -6.707477 61.300858 -4.619921
v -6.588640 62.012260 -5.128878
v -6.247262 62.578690 -5.713580
v -5.716763 62.944695 -6.316791
v -5.049068 63.074455 -6.879467
v -4.309540 62.955261 -7.346527
v -3.570565 62.598785 -7.672254
v -2.904482 62.039921 -7.824760
v -2.376490 61.333374 -7.789122
v -2.038274 60.548302 -7.568823
v -1.922939 59.761559 -7.185432
v -2.041776 59.050156 -6.676475
v -2.383153 58.483727 -6.091773
v -2.913653 58.117718 -5.488561
v -3.581347 57.987961 -4.925885
v -4.320877 58.107155 -4.458825
v -16.774096 43.234608 15.138699
v -15.138699 43.234608 16.774096
v -16.774096 45.627602 15.138699
v -15.138699 45.627602 16.774096
v 16.774096 43.234608 15.138699
v 15.138699 43.234608 16.774096
v 16.774096 45.627602 15.138699
v 15.138699 45.627602 16.774096
v -16.774096 45.627602 -15.138699
v -15.138699 45.627602 -16.774096
v -16.774096 43.234608 -15.138699
v -15.138699 43.234608 -16.774096
v 15.138699 45.627602 -16.774096
v 16.774096 45.627602 -15.138699
v 16.774096 43.234608 -15.138699
v 15.138699 43.234608 -16.774096
v -17.672291 1.383642 -32.336006
v -18.029640 1.383642 -33.037342
v -18.586224 1.383642 -33.593925
v -19.287563 1.383642 -33.951275
v -20.065001 1.383642 -34.074409
v -20.842440 1.383642 -33.951275
v -21.543777 1.383642 -33.593925
v -22.100359 1.383642 -33.037342
v -22.457708 1.383642 -32.336006
v -22.580843 1.383642 -31.558565
v -22.457708 1.383642 -30.781128
v -22.100359 1.383642 -30.079790
v -21.543777 1.383642 -29.523207
v -20.842438 1.383642 -29.165857
v -20.065001 1.383642 -29.042723
v -19.287563 1.383642 -29.165857
v -18.586226 1.383642 -29.523207
v -18.029642 1.383642 -30.079790
v -17.672293 1.383642 -30.781128
v -17.549158 1.383642 -31.558565
v -16.923960 5.367224 -32.579151
v -17.393072 5.367224 -33.499832
v -18.123730 5.367224 -34.230495
v -19.044415 5.367224 -34.699608
v -20.065001 5.367224 -34.861252
v -21.085587 5.367224 -34.699608
v -22.006271 5.367224 -34.230492
v -22.736929 5.367224 -33.499832
v -23.206041 5.367224 -32.579151
v -23.367685 5.367224 -31.558565
v -23.206041 5.367224 -30.537979
v -22.736929 5.367224 -29.617296
v -22.006269 5.367224 -28.886637
v -21.085587 5.367224 -28.417524
v -20.065001 5.367224 -28.255880
v -19.044415 5.367224 -28.417524
v -18.123732 5.367224 -28.886637
v -17.393074 5.367224 -29.617296
v -16.923960 5.367224 -30.537979
v -16.762318 5.367224 -31.558565
v -20.065001 1.383642 -31.558565
v -16.923960 4.298814 -32.579151
v -16.762318 4.298814 -31.558565
v -16.923960 4.298814 -30.537979
v -17.393074 4.298814 -29.617296
v -18.123732 4.298814 -28.886637
v -19.044415 4.298814 -28.417524
v -20.065001 4.298814 -28.255880
v -21.085587 4.298814 -28.417524
v -22.006269 4.298814 -28.886637
v -22.736929 4.298814 -29.617296
v -23.206041 4.298814 -30.537979
v -23.367685 4.298814 -31.558565
v -23.206041 4.298814 -32.579151
v -22.736929 4.298814 -33.499832
v -22.006271 4.298814 -34.230492
v -21.085587 4.298814 -34.699608
v -20.065001 4.298814 -34.861252
v -19.044415 4.298814 -34.699608
v -18.123730 4.298814 -34.230495
v -17.393072 4.298814 -33.499832
v -13.201292 48.554821 -10.707167
v -13.201292 48.253838 -10.707167
v -10.790367 48.253838 -11.609725
v -10.790367 48.554821 -11.609725
v -11.798983 46.825779 -6.961302
v -11.798983 46.524784 -6.961302
v -9.388058 46.524784 -7.863861
v -9.388058 46.825779 -7.863861
v -8.032743 46.524784 3.099115
v -7.535769 46.524784 3.325346
v -8.032743 46.825779 3.099115
v -7.535769 46.825779 3.325346
v -5.621819 46.524784 2.196556
v -5.848050 46.524784 2.693528
v -5.621819 46.825779 2.196556
v -5.848050 46.825779 2.693528
v -14.045224 48.554821 -12.961487
v -13.818992 48.554821 -13.458460
v -14.045224 48.253838 -12.961487
v -13.818992 48.253838 -13.458460
v -11.634299 48.554821 -13.864045
v -12.131273 48.554821 -14.090278
v -11.634299 48.253838 -13.864045
v -12.131273 48.253838 -14.090278
v -1.996146 41.362125 -1.304691
v -2.038599 41.304111 -0.017496
v -3.301363 41.494194 0.000000
v -3.139782 41.494194 -1.020177
v -3.139782 41.494194 1.020177
v -1.983581 41.356384 1.247190
v -2.670858 41.494194 1.940492
v -1.940492 41.494194 2.670858
v -1.020177 41.494194 3.139782
v -1.002607 41.259380 1.434641
v -0.000000 41.494194 3.301363
v -0.002663 41.239300 1.542809
v 1.020177 41.494194 3.139782
v 0.973241 41.261669 1.459048
v 1.940492 41.494194 2.670858
v 1.991372 41.360874 1.236210
v 2.670858 41.494194 1.940492
v 3.139781 41.494194 1.020177
v 3.301362 41.494194 0.000000
v 2.038695 41.308765 -0.024266
v 3.139784 41.494194 -1.020177
v 1.967019 41.360218 -1.296561
v 2.670859 41.494194 -1.940493
v 1.940493 41.494194 -2.670859
v 0.972221 41.259586 -1.468755
v 1.020178 41.494194 -3.139783
v -0.024332 41.238701 -1.561740
v 0.000000 41.494194 -3.301363
v -1.002898 41.263508 -1.498941
v -1.020177 41.494194 -3.139783
v -2.670858 41.494194 -1.940492
v -1.940493 41.494194 -2.670859
v -0.011915 41.197124 -0.013883
v -1.013790 41.232304 -0.024349
v 0.993342 41.232304 -0.012549
v -11.599405 45.065353 -12.902910
v -11.812592 45.065353 -13.221967
v -12.131648 45.065353 -13.435155
v -12.508002 45.065353 -13.510015
v -12.884354 45.065353 -13.435155
v -13.203410 45.065353 -13.221968
v -13.416597 45.065353 -12.902911
v -13.491459 45.065353 -12.526557
v -13.416597 45.065353 -12.150207
v -13.203411 45.065353 -11.831150
v -12.884354 45.065353 -11.617963
v -12.508003 45.065353 -11.543098
v -12.131649 45.065353 -11.617963
v -11.812593 45.065353 -11.831150
v -11.599405 45.065353 -12.150207
v -11.524544 45.065353 -12.526557
v -12.508003 45.065353 -12.526557
v -12.508003 49.640530 -12.526557
v -11.599405 48.667133 -12.902910
v -11.524544 48.667133 -12.526557
v -11.599405 48.667133 -12.150207
v -11.812593 48.667133 -11.831150
v -12.131649 48.667133 -11.617963
v -12.508003 48.667133 -11.543098
v -12.884354 48.667133 -11.617963
v -13.203411 48.667133 -11.831150
v -13.416597 48.667133 -12.150207
v -13.491459 48.667133 -12.526557
v -13.416597 48.667133 -12.902911
v -13.203410 48.667133 -13.221968
v -12.884354 48.667133 -13.435155
v -12.508002 48.667133 -13.510015
v -12.131648 48.667133 -13.435155
v -11.812592 48.667133 -13.221967
v -11.428968 48.667133 -12.973506
v -11.340065 48.667133 -12.526557
v -11.428970 48.667133 -12.079610
v -11.682146 48.667133 -11.700703
v -12.061052 48.667133 -11.447529
v -12.508003 48.667133 -11.358624
v -12.954950 48.667133 -11.447527
v -13.333858 48.667133 -11.700702
v -13.587032 48.667133 -12.079610
v -13.675936 48.667133 -12.526557
v -13.587032 48.667133 -12.973507
v -13.333858 48.667133 -13.352416
v -12.954950 48.667133 -13.605591
v -12.508002 48.667133 -13.694494
v -12.061051 48.667133 -13.605591
v -11.682144 48.667133 -13.352414
v -11.612335 49.640530 -12.897553
v -11.428968 49.445869 -12.973506
v -11.340065 49.445869 -12.526557
v -11.538541 49.640530 -12.526557
v -11.428970 49.445869 -12.079610
v -11.612336 49.640530 -12.155560
v -11.682146 49.445869 -11.700703
v -11.822488 49.640530 -11.841044
v -12.061052 49.445869 -11.447529
v -12.137004 49.640530 -11.630895
v -12.508003 49.445869 -11.358624
v -12.508003 49.640530 -11.557096
v -12.954950 49.445869 -11.447527
v -12.878999 49.640530 -11.630893
v -13.333858 49.445869 -11.700702
v -13.193517 49.640530 -11.841043
v -13.587032 49.445869 -12.079610
v -13.403666 49.640530 -12.155560
v -13.675936 49.445869 -12.526557
v -13.477464 49.640530 -12.526557
v -13.587032 49.445869 -12.973507
v -13.403666 49.640530 -12.897555
v -13.333858 49.445869 -13.352416
v -13.193516 49.640530 -13.212072
v -12.954950 49.445869 -13.605591
v -12.879000 49.640530 -13.422224
v -12.508002 49.445869 -13.694494
v -12.508002 49.640530 -13.496019
v -12.061051 49.445869 -13.605591
v -12.137003 49.640530 -13.422224
v -11.682144 49.445869 -13.352414
v -11.822486 49.640530 -13.212070
v 22.457733 1.383642 14.755129
v 22.100384 1.383642 14.053791
v 21.543800 1.383642 13.497208
v 20.842463 1.383642 13.139858
v 20.065023 1.383642 13.016724
v 19.287586 1.383642 13.139858
v 18.586248 1.383642 13.497208
v 18.029665 1.383642 14.053792
v 17.672316 1.383642 14.755129
v 17.549181 1.383642 15.532568
v 17.672316 1.383642 16.310005
v 18.029665 1.383642 17.011343
v 18.586248 1.383642 17.567926
v 19.287586 1.383642 17.925276
v 20.065023 1.383642 18.048410
v 20.842461 1.383642 17.925276
v 21.543800 1.383642 17.567926
v 22.100382 1.383642 17.011343
v 22.457731 1.383642 16.310005
v 22.580866 1.383642 15.532568
v 23.206066 5.367224 14.511982
v 22.736954 5.367224 13.591297
v 22.006294 5.367224 12.860639
v 21.085609 5.367224 12.391526
v 20.065023 5.367224 12.229881
v 19.044437 5.367224 12.391527
v 18.123755 5.367224 12.860640
v 17.393095 5.367224 13.591298
v 16.923983 5.367224 14.511982
v 16.762339 5.367224 15.532568
v 16.923983 5.367224 16.553154
v 17.393095 5.367224 17.473837
v 18.123755 5.367224 18.204496
v 19.044437 5.367224 18.673609
v 20.065023 5.367224 18.835253
v 21.085609 5.367224 18.673609
v 22.006294 5.367224 18.204496
v 22.736952 5.367224 17.473837
v 23.206064 5.367224 16.553154
v 23.367708 5.367224 15.532568
v 20.065023 1.383642 15.532568
v 23.206066 4.298814 14.511982
v 23.367708 4.298814 15.532568
v 23.206064 4.298814 16.553154
v 22.736952 4.298814 17.473837
v 22.006294 4.298814 18.204496
v 21.085609 4.298814 18.673609
v 20.065023 4.298814 18.835253
v 19.044437 4.298814 18.673609
v 18.123755 4.298814 18.204496
v 17.393095 4.298814 17.473837
v 16.923983 4.298814 16.553154
v 16.762339 4.298814 15.532568
v 16.923983 4.298814 14.511982
v 17.393095 4.298814 13.591298
v 18.123755 4.298814 12.860640
v 19.044437 4.298814 12.391527
v 20.065023 4.298814 12.229881
v 21.085609 4.298814 12.391526
v 22.006294 4.298814 12.860639
v 22.736954 4.298814 13.591297
v 13.416793 45.065353 -12.902910
v 13.203607 45.065353 -13.221967
v 12.884550 45.065353 -13.435155
v 12.508197 45.065353 -13.510015
v 12.131845 45.065353 -13.435155
v 11.812789 45.065353 -13.221968
v 11.599602 45.065353 -12.902911
v 11.524740 45.065353 -12.526557
v 11.599602 45.065353 -12.150207
v 11.812788 45.065353 -11.831150
v 12.131845 45.065353 -11.617963
v 12.508196 45.065353 -11.543098
v 12.884549 45.065353 -11.617963
v 13.203606 45.065353 -11.831150
v 13.416793 45.065353 -12.150207
v 13.491654 45.065353 -12.526557
v 12.508196 45.065353 -12.526557
v 12.508196 49.640530 -12.526557
v 13.416793 48.667133 -12.902910
v 13.491654 48.667133 -12.526557
v 13.416793 48.667133 -12.150207
v 13.203606 48.667133 -11.831150
v 12.884549 48.667133 -11.617963
v 12.508196 48.667133 -11.543098
v 12.131845 48.667133 -11.617963
v 11.812788 48.667133 -11.831150
v 11.599602 48.667133 -12.150207
v 11.524740 48.667133 -12.526557
v 11.599602 48.667133 -12.902911
v 11.812789 48.667133 -13.221968
v 12.131845 48.667133 -13.435155
v 12.508197 48.667133 -13.510015
v 12.884550 48.667133 -13.435155
v 13.203607 48.667133 -13.221967
v 13.587231 48.667133 -12.973506
v 13.676134 48.667133 -12.526557
v 13.587229 48.667133 -12.079610
v 13.334053 48.667133 -11.700703
v 12.955146 48.667133 -11.447529
v 12.508196 48.667133 -11.358624
v 12.061249 48.667133 -11.447527
v 11.682340 48.667133 -11.700702
v 11.429167 48.667133 -12.079610
v 11.340263 48.667133 -12.526557
v 11.429167 48.667133 -12.973507
v 11.682341 48.667133 -13.352416
v 12.061249 48.667133 -13.605591
v 12.508197 48.667133 -13.694494
v 12.955147 48.667133 -13.605591
v 13.334055 48.667133 -13.352414
v 13.403864 49.640530 -12.897553
v 13.587231 49.445869 -12.973506
v 13.676134 49.445869 -12.526557
v 13.477658 49.640530 -12.526557
v 13.587229 49.445869 -12.079610
v 13.403863 49.640530 -12.155560
v 13.334053 49.445869 -11.700703
v 13.193711 49.640530 -11.841044
v 12.955146 49.445869 -11.447529
v 12.879195 49.640530 -11.630895
v 12.508196 49.445869 -11.358624
v 12.508196 49.640530 -11.557096
v 12.061249 49.445869 -11.447527
v 12.137199 49.640530 -11.630893
v 11.682340 49.445869 -11.700702
v 11.822681 49.640530 -11.841043
v 11.429167 49.445869 -12.079610
v 11.612533 49.640530 -12.155560
v 11.340263 49.445869 -12.526557
v 11.538734 49.640530 -12.526557
v 11.429167 49.445869 -12.973507
v 11.612533 49.640530 -12.897555
v 11.682341 49.445869 -13.352416
v 11.822682 49.640530 -13.212072
v 12.061249 49.445869 -13.605591
v 12.137198 49.640530 -13.422224
v 12.508197 49.445869 -13.694494
v 12.508197 49.640530 -13.496019
v 12.955147 49.445869 -13.605591
v 12.879196 49.640530 -13.422224
v 13.334055 49.445869 -13.352414
v 13.193713 49.640530 -13.212070
v 3.657056 41.220081 -1.188249
v 3.110878 41.220081 -2.260185
v 2.260185 41.220081 -3.110878
v 1.188249 41.220081 -3.657056
v 0.000000 41.220081 -3.845256
v -1.188249 41.220081 -3.657056
v -2.260185 41.220081 -3.110877
v -3.110877 41.220081 -2.260184
v -3.657054 41.220081 -1.188249
v -3.845255 41.220081 0.000000
v -3.657054 41.220081 1.188249
v -3.110877 41.220081 2.260184
v -2.260184 41.220081 3.110877
v -1.188249 41.220081 3.657053
v -0.000000 41.220081 3.845254
v 1.188249 41.220081 3.657053
v 2.260184 41.220081 3.110876
v 3.110876 41.220081 2.260184
v 3.657053 41.220081 1.188249
v 3.845254 41.220081 0.000000
v 4.383676 43.438435 -1.424343
v 3.728978 43.438435 -2.709260
v 2.709260 43.438435 -3.728977
v 1.424343 43.438435 -4.383676
v 0.000000 43.438435 -4.609269
v -1.424343 43.438435 -4.383675
v -2.709260 43.438435 -3.728977
v -3.728976 43.438435 -2.709260
v -4.383675 43.438435 -1.424342
v -4.609268 43.438435 0.000000
v -4.383675 43.438435 1.424342
v -3.728976 43.438435 2.709260
v -2.709260 43.438435 3.728976
v -1.424342 43.438435 4.383674
v -0.000000 43.438435 4.609267
v 1.424342 43.438435 4.383674
v 2.709259 43.438435 3.728975
v 3.728975 43.438435 2.709259
v 4.383673 43.438435 1.424342
v 4.609267 43.438435 0.000000
v 0.000000 43.438435 0.000000
v 4.383676 43.108524 -1.424343
v 4.609267 43.108524 0.000000
v 4.383673 43.108524 1.424342
v 3.728975 43.108524 2.709259
v 2.709259 43.108524 3.728975
v 1.424342 43.108524 4.383674
v -0.000000 43.108524 4.609267
v -1.424342 43.108524 4.383674
v -2.709260 43.108524 3.728976
v -3.728976 43.108524 2.709260
v -4.383675 43.108524 1.424342
v -4.609268 43.108524 0.000000
v -4.383675 43.108524 -1.424342
v -3.728976 43.108524 -2.709260
v -2.709260 43.108524 -3.728977
v -1.424343 43.108524 -4.383675
v 0.000000 43.108524 -4.609269
v 1.424343 43.108524 -4.383676
v 2.709260 43.108524 -3.728977
v 3.728978 43.108524 -2.709260
v 3.073398 41.220081 -0.998607
v 3.231560 41.220081 0.000000
v 3.073395 41.220081 0.998607
v 2.614387 41.220081 1.899463
v 1.899463 41.220081 2.614387
v 0.998607 41.220081 3.073395
v -0.000000 41.220081 3.231560
v -0.998607 41.220081 3.073395
v -1.899463 41.220081 2.614388
v -2.614388 41.220081 1.899463
v -3.073396 41.220081 0.998607
v -3.231560 41.220081 0.000000
v -3.073396 41.220081 -0.998607
v -2.614388 41.220081 -1.899463
v -1.899464 41.220081 -2.614388
v -0.998607 41.220081 -3.073398
v 0.000000 41.220081 -3.231561
v 0.998607 41.220081 -3.073398
v 1.899464 41.220081 -2.614388
v 2.614388 41.220081 -1.899464
v 2.614388 41.536755 -1.899464
v 3.073398 41.536755 -0.998607
v 0.000000 41.536755 0.000000
v 1.899464 41.536755 -2.614388
v 0.998607 41.536755 -3.073398
v 0.000000 41.536755 -3.231561
v -0.998607 41.536755 -3.073398
v -1.899464 41.536755 -2.614388
v -2.614388 41.536755 -1.899463
v -3.073396 41.536755 -0.998607
v -3.231560 41.536755 0.000000
v -3.073396 41.536755 0.998607
v -2.614388 41.536755 1.899463
v -1.899463 41.536755 2.614388
v -0.998607 41.536755 3.073395
v -0.000000 41.536755 3.231560
v 0.998607 41.536755 3.073395
v 1.899463 41.536755 2.614387
v 2.614387 41.536755 1.899463
v 3.073395 41.536755 0.998607
v 3.231560 41.536755 0.000000
v 7.857287 26.993361 -21.679737
v 7.857288 27.125607 -21.435257
v 7.857287 27.489283 -21.190779
v 7.857288 28.150511 -21.190779
v 7.857287 28.514185 -21.435257
v 7.857288 28.646431 -21.679737
v 7.857287 29.661005 -21.977642
v 7.857288 29.904434 -21.843472
v 7.857287 30.342554 -21.834419
v 7.857288 30.898813 -22.191906
v 7.857288 31.072582 -22.594193
v 7.857288 31.051659 -22.871361
v 7.857287 31.744112 -23.670496
v 7.857288 32.021435 -23.689228
v 7.857287 32.394901 -23.918480
v 7.857288 32.669582 -24.519955
v 7.857287 32.598274 -24.952326
v 7.857287 32.430824 -25.174183
v 7.857287 32.581306 -26.220825
v 7.857287 32.804478 -26.386518
v 7.857287 32.994713 -26.781286
v 7.857287 32.900612 -27.435783
v 7.857288 32.606861 -27.760965
v 7.857287 32.346050 -27.857071
v 7.857287 31.906788 -28.818920
v 7.857288 32.004951 -29.078968
v 7.857287 31.951559 -29.513914
v 7.857288 31.518547 -30.013638
v 7.857288 31.095625 -30.128386
v 7.857287 30.824257 -30.068230
v 7.857288 29.934710 -30.639908
v 7.857287 29.876699 -30.911741
v 7.857287 29.596632 -31.248777
v 7.857287 28.962189 -31.435066
v 7.857287 28.544367 -31.302950
v 7.857288 28.348600 -31.105631
v 7.857287 27.291193 -31.105631
v 7.857288 27.095427 -31.302950
v 7.857287 26.677605 -31.435068
v 7.857288 26.043159 -31.248777
v 7.857287 25.763094 -30.911741
v 7.857288 25.705082 -30.639908
v 7.857287 24.815535 -30.068230
v 7.857287 24.544167 -30.128386
v 7.857287 24.121244 -30.013638
v 7.857288 23.688232 -29.513914
v 7.857287 23.634842 -29.078968
v 7.857287 23.733004 -28.818924
v 7.857287 23.293741 -27.857073
v 7.857288 23.032930 -27.760965
v 7.857288 22.739182 -27.435783
v 7.857287 22.645079 -26.781288
v 7.857287 22.835314 -26.386520
v 7.857287 23.058485 -26.220827
v 7.857288 23.208969 -25.174183
v 7.857288 23.041519 -24.952328
v 7.857287 22.970209 -24.519957
v 7.857287 23.244892 -23.918482
v 7.857288 23.618355 -23.689232
v 7.857288 23.895679 -23.670496
v 7.857288 24.588133 -22.871361
v 7.857288 24.567209 -22.594194
v 7.857287 24.740978 -22.191906
v 7.857288 25.297239 -21.834419
v 7.857287 25.735357 -21.843472
v 7.857288 25.978786 -21.977642
v 13.235846 27.158669 -22.618044
v 13.235847 27.264465 -22.422461
v 13.235847 27.555407 -22.226875
v 13.235847 28.084389 -22.226875
v 13.235847 28.375330 -22.422461
v 13.235848 28.481127 -22.618044
v 13.235847 29.292786 -22.856369
v 13.235847 29.487528 -22.749031
v 13.235847 29.838024 -22.741789
v 13.235847 30.283031 -23.027779
v 13.235847 30.422047 -23.349609
v 13.235847 30.405308 -23.571342
v 13.235847 30.959270 -24.210651
v 13.235847 31.181129 -24.225637
v 13.235847 31.479900 -24.409039
v 13.235847 31.699646 -24.890219
v 13.235847 31.642597 -25.236116
v 13.235847 31.508640 -25.413599
v 13.235847 31.629025 -26.250916
v 13.235847 31.807564 -26.383469
v 13.235847 31.959751 -26.699284
v 13.235847 31.884468 -27.222881
v 13.235847 31.649471 -27.483027
v 13.235847 31.440821 -27.559912
v 13.235847 31.089411 -28.329393
v 13.235847 31.167942 -28.537428
v 13.235847 31.125229 -28.885386
v 13.235847 30.778818 -29.285164
v 13.235847 30.440481 -29.376965
v 13.235847 30.223387 -29.328838
v 13.235847 29.511749 -29.786180
v 13.235847 29.465340 -30.003649
v 13.235847 29.241287 -30.273277
v 13.235847 28.733732 -30.422308
v 13.235847 28.399475 -30.316614
v 13.235847 28.242861 -30.158760
v 13.235847 27.396935 -30.158760
v 13.235847 27.240322 -30.316614
v 13.235847 26.906065 -30.422310
v 13.235847 26.398508 -30.273277
v 13.235847 26.174456 -30.003649
v 13.235847 26.128046 -29.786180
v 13.235847 25.416409 -29.328838
v 13.235847 25.199314 -29.376965
v 13.235847 24.860977 -29.285166
v 13.235847 24.514566 -28.885387
v 13.235847 24.471853 -28.537428
v 13.235847 24.550385 -28.329393
v 13.235847 24.198975 -27.559912
v 13.235847 23.990324 -27.483027
v 13.235847 23.755325 -27.222883
v 13.235847 23.680044 -26.699284
v 13.235847 23.832232 -26.383471
v 13.235847 24.010769 -26.250917
v 13.235846 24.131157 -25.413603
v 13.235847 23.997196 -25.236118
v 13.235847 23.940147 -24.890221
v 13.235847 24.159895 -24.409039
v 13.235847 24.458666 -24.225639
v 13.235847 24.680525 -24.210651
v 13.235847 25.234488 -23.571342
v 13.235847 25.217749 -23.349611
v 13.235847 25.356762 -23.027779
v 13.235847 25.801771 -22.741789
v 13.235847 26.152267 -22.749033
v 13.235847 26.347010 -22.856369
v 7.857286 27.819897 -26.371273
v 13.235847 27.819897 -26.371273
v -6.515007 36.798115 -17.302969
v 6.515007 36.798115 -17.302969
v -6.515007 18.486485 -17.302969
v 6.515007 18.486485 -17.302969
v -6.515007 18.486485 -16.802919
v -6.015057 18.486485 -16.302969
v -6.515007 36.798115 -16.802919
v -6.015057 36.798115 -16.302969
v 6.515007 18.486485 -16.802919
v 6.015057 18.486485 -16.302969
v 6.515007 36.798115 -16.802919
v 6.015057 36.798115 -16.302969
v 7.104871 57.786369 -12.574007
v 6.889668 57.282192 -12.431766
v 6.817091 56.777939 -12.184382
v 6.894240 56.322968 -11.856075
v 7.113566 55.961815 -11.478979
v 7.453598 55.729828 -11.090008
v 7.881053 55.649723 -10.727238
v 8.354087 55.729336 -10.426177
v 8.826398 55.960876 -10.216297
v 9.251751 56.321674 -10.118141
v 9.588511 56.776421 -10.141319
v 9.803713 57.280594 -10.283561
v 9.876291 57.784847 -10.530945
v 9.799142 58.239822 -10.859251
v 9.579817 58.600975 -11.236347
v 9.239784 58.832958 -11.625318
v 8.812329 58.913067 -11.988089
v 8.339295 58.833454 -12.289149
v 7.866984 58.601913 -12.499029
v 7.441631 58.241112 -12.597184
v 1.830532 61.777428 -7.037343
v 1.495095 60.991566 -6.815629
v 1.381966 60.205582 -6.430031
v 1.502220 59.496410 -5.918295
v 1.844085 58.933475 -5.330512
v 2.374098 58.571880 -4.724219
v 3.040375 58.447018 -4.158764
v 3.777699 58.571110 -3.689498
v 4.513894 58.932011 -3.362356
v 5.176897 59.494396 -3.209361
v 5.701807 60.203213 -3.245488
v 6.037245 60.989075 -3.467202
v 6.150373 61.775059 -3.852800
v 6.030119 62.484226 -4.364536
v 5.688254 63.047161 -4.952319
v 5.158243 63.408760 -5.558611
v 4.491965 63.533623 -6.124066
v 3.754642 63.409531 -6.593332
v 3.018447 63.048626 -6.920474
v 2.355444 62.486244 -7.073469
v 3.766170 60.990318 -5.141415
v 6.935281 57.923687 -12.343857
v 7.272042 58.378433 -12.367034
v 7.697395 58.739231 -12.268878
v 8.169705 58.970772 -12.058998
v 8.642740 59.050385 -11.757938
v 9.070195 58.970280 -11.395167
v 9.410227 58.738293 -11.006197
v 9.629553 58.377140 -10.629101
v 9.706702 57.922169 -10.300794
v 9.634124 57.417915 -10.053411
v 9.418922 56.913738 -9.911168
v 9.082162 56.458996 -9.887991
v 8.656809 56.098194 -9.986147
v 8.184498 55.866653 -10.196027
v 7.711464 55.787041 -10.497087
v 7.284009 55.867149 -10.859858
v 6.943976 56.099133 -11.248829
v 6.724651 56.460285 -11.625924
v 6.647501 56.915260 -11.954232
v 6.720079 57.419514 -12.201614
v 6.129591 58.409218 -12.217661
v 6.578606 59.015545 -12.248564
v 7.145743 59.496613 -12.117690
v 7.775492 59.805332 -11.837850
v 8.406204 59.911484 -11.436436
v 8.976144 59.804676 -10.952741
v 9.429521 59.495361 -10.434113
v 9.721954 59.013821 -9.931318
v 9.824821 58.407192 -9.493575
v 9.728050 57.734856 -9.163731
v 9.441114 57.062622 -8.974075
v 8.992101 56.456295 -8.943172
v 8.424963 55.975227 -9.074045
v 7.795215 55.666508 -9.353886
v 7.164501 55.560356 -9.755300
v 6.594562 55.667164 -10.238995
v 6.141184 55.976479 -10.757624
v 5.848750 56.458019 -11.260418
v 5.745884 57.064648 -11.698161
v 5.842655 57.736984 -12.028006
v 7.206720 57.744953 -12.474248
v 7.515861 58.162403 -12.495524
v 7.906328 58.493610 -12.405419
v 8.339902 58.706161 -12.212752
v 8.774140 58.779243 -11.936384
v 9.166536 58.705708 -11.603366
v 9.478681 58.492748 -11.246297
v 9.680018 58.161213 -10.900129
v 9.750840 57.743557 -10.598748
v 9.684215 57.280663 -10.371655
v 9.486663 56.817837 -10.241078
v 9.177523 56.400387 -10.219802
v 8.787055 56.069180 -10.309907
v 8.353481 55.856628 -10.502574
v 7.919243 55.783546 -10.778942
v 7.526846 55.857082 -11.111960
v 7.214702 56.070042 -11.469029
v 7.013364 56.401573 -11.815197
v 6.942542 56.819233 -12.116578
v 7.009168 57.282127 -12.343672
v 6.960516 57.321522 -12.277647
v 7.158068 57.784348 -12.408222
v 8.298039 57.320789 -11.291638
v 6.893890 56.858627 -12.050553
v 6.964713 56.440971 -11.749172
v 7.166050 56.109436 -11.403004
v 7.478194 55.896477 -11.045935
v 7.870591 55.822941 -10.712916
v 8.304830 55.896023 -10.436548
v 8.738403 56.108574 -10.243881
v 9.128871 56.439781 -10.153776
v 9.438011 56.857231 -10.175054
v 9.635563 57.320057 -10.305629
v 9.702188 57.782951 -10.532722
v 9.631367 58.200611 -10.834104
v 9.430029 58.532143 -11.180271
v 9.117885 58.745102 -11.537340
v 8.725489 58.818638 -11.870358
v 8.291250 58.745556 -12.146728
v 7.857677 58.533005 -12.339395
v 7.467209 58.201797 -12.429499
v 3.135123 60.833893 -8.153853
v 3.584137 61.440216 -8.184756
v 4.151276 61.921284 -8.053883
v 4.781023 62.230003 -7.774043
v 5.411736 62.336155 -7.372628
v 5.981676 62.229347 -6.888934
v 6.435053 61.920033 -6.370306
v 6.727487 61.438496 -5.867511
v 6.830353 60.831863 -5.429768
v 6.733582 60.159527 -5.099924
v 6.446646 59.487293 -4.910268
v 5.997633 58.880966 -4.879364
v 5.430494 58.399899 -5.010238
v 4.800747 58.091179 -5.290078
v 4.170033 57.985027 -5.691492
v 3.600094 58.091835 -6.175188
v 3.146716 58.401150 -6.693816
v 2.854282 58.882690 -7.196610
v 2.751416 59.489319 -7.634354
v 2.848187 60.161655 -7.964198
v 2.382875 61.330189 -7.786930
v 2.907787 62.039001 -7.823056
v 3.570789 62.601387 -7.670060
v 4.306984 62.962288 -7.342918
v 5.044308 63.086384 -6.873653
v 5.710585 62.961521 -6.308198
v 6.240597 62.599922 -5.701906
v 6.582462 62.036987 -5.114123
v 6.702716 61.327820 -4.602387
v 6.589587 60.541836 -4.216789
v 6.254150 59.755970 -3.995075
v 5.729239 59.047157 -3.958948
v 5.066237 58.484772 -4.111943
v 4.330042 58.123871 -4.439085
v 3.592718 57.999775 -4.908351
v 2.926440 58.124638 -5.473806
v 2.396428 58.486237 -6.080099
v 2.054563 59.049171 -6.667882
v 1.934309 59.758339 -7.179618
v 2.047437 60.544327 -7.565216
v -3.260628 81.045769 10.078046
v -3.706939 81.842720 9.714551
v -4.402085 82.475189 9.426079
v -5.278019 82.881248 9.240871
v -6.249000 83.021172 9.177053
v -7.219981 82.881248 9.240871
v -8.095915 82.475189 9.426079
v -8.791059 81.842720 9.714551
v -9.237370 81.045769 10.078046
v -9.391159 80.162346 10.480981
v -9.237370 79.278915 10.883915
v -8.791059 78.481964 11.247410
v -8.095915 77.849495 11.535882
v -7.219981 77.443428 11.721093
v -6.249000 77.303513 11.784908
v -5.278020 77.443428 11.721093
v -4.402087 77.849495 11.535882
v -3.706941 78.481964 11.247410
v -3.260630 79.278915 10.883915
v -3.106842 80.162346 10.480981
v -3.464667 83.316406 15.216109
v -3.880505 84.058945 14.877433
v -4.528188 84.648216 14.608656
v -5.344315 85.026558 14.436098
v -6.249000 85.156937 14.376634
v -7.153685 85.026558 14.436098
v -7.969812 84.648216 14.608656
v -8.617495 84.058945 14.877433
v -9.033332 83.316406 15.216109
v -9.176620 82.493294 15.591537
v -9.033332 81.670181 15.966960
v -8.617495 80.927643 16.305635
v -7.969812 80.338364 16.574406
v -7.153685 79.960014 16.746979
v -6.249000 79.829651 16.806438
v -5.344316 79.960014 16.746979
v -4.528189 80.338364 16.574406
v -3.880507 80.927643 16.305635
v -3.464668 81.670181 15.966960
v -3.321381 82.493294 15.591537
v -3.260628 81.195709 10.406770
v -3.106842 80.312279 10.809707
v -3.260630 79.428848 11.212639
v -3.706941 78.631889 11.576136
v -4.402087 77.999428 11.864607
v -5.278020 77.593361 12.049814
v -6.249000 77.453438 12.113634
v -7.219981 77.593361 12.049814
v -8.095915 77.999428 11.864607
v -8.791059 78.631889 11.576136
v -9.237370 79.428848 11.212639
v -9.391159 80.312279 10.809707
v -9.237370 81.195709 10.406770
v -8.791059 81.992661 10.043269
v -8.095915 82.625122 9.754801
v -7.219981 83.031189 9.569592
v -6.249000 83.171112 9.505772
v -5.278019 83.031189 9.569592
v -4.402085 82.625122 9.754801
v -3.706939 81.992661 10.043269
v -4.227477 83.829575 14.982044
v -4.780277 84.332535 14.752647
v -5.476847 84.655457 14.605361
v -6.249000 84.766724 14.554609
v -7.021153 84.655457 14.605361
v -7.717723 84.332535 14.752647
v -8.270523 83.829575 14.982049
v -8.625443 83.195816 15.271111
v -8.747741 82.493294 15.591537
v -8.625443 81.790764 15.911964
v -8.270523 81.156998 16.201021
v -7.717723 80.654053 16.430424
v -7.021153 80.331131 16.577709
v -6.249000 80.219864 16.628460
v -5.476847 80.331131 16.577709
v -4.780278 80.654053 16.430424
v -4.227477 81.156998 16.201021
v -3.872558 81.790764 15.911964
v -3.750260 82.493294 15.591537
v -3.872556 83.195824 15.271109
v -3.872556 83.055367 14.963154
v -4.227477 83.689110 14.674089
v -6.249000 82.352837 15.283582
v -4.780277 84.192078 14.444693
v -5.476847 84.514999 14.297406
v -6.249000 84.626274 14.246655
v -7.021153 84.514999 14.297406
v -7.717723 84.192078 14.444693
v -8.270523 83.689117 14.674094
v -8.625443 83.055359 14.963157
v -8.747741 82.352837 15.283582
v -8.625443 81.650307 15.604010
v -8.270523 81.016533 15.893066
v -7.717723 80.513596 16.122469
v -7.021153 80.190674 16.269756
v -6.249000 80.079407 16.320505
v -5.476847 80.190674 16.269756
v -4.780278 80.513596 16.122469
v -4.227477 81.016533 15.893066
v -3.872558 81.650307 15.604010
v -3.750260 82.352837 15.283582
v -3.464667 81.357269 10.920755
v -3.321381 80.534157 11.296181
v -3.464668 79.711044 11.671602
v -3.880507 78.968506 12.010281
v -4.528189 78.379219 12.279055
v -5.344316 78.000885 12.451617
v -6.249000 77.870514 12.511080
v -7.153685 78.000885 12.451617
v -7.969812 78.379219 12.279055
v -8.617495 78.968506 12.010281
v -9.033332 79.711044 11.671602
v -9.176620 80.534157 11.296181
v -9.033332 81.357269 10.920755
v -8.617495 82.099808 10.582075
v -7.969812 82.689087 10.313300
v -7.153685 83.067421 10.140738
v -6.249000 83.197792 10.081276
v -5.344315 83.067421 10.140738
v -4.528188 82.689087 10.313300
v -3.880505 82.099808 10.582075
v -7.810202 81.509697 15.893984
v -7.843406 82.449730 15.528994
v -8.831022 82.383301 15.350373
v -8.704649 81.657356 15.681480
v -8.704649 83.109238 15.019265
v -7.800375 83.327972 15.070969
v -8.337900 83.764122 14.720569
v -7.766675 84.283844 14.483523
v -7.046889 84.617523 14.331330
v -7.033147 83.501617 15.098389
v -6.249000 84.732498 14.278888
v -6.251083 83.586914 15.081551
v -5.451111 84.617523 14.331330
v -5.487820 83.518036 15.088385
v -4.731326 84.283844 14.483523
v -4.691532 83.318291 15.070448
v -4.160100 83.764122 14.720569
v -3.793351 83.109238 15.019266
v -3.666978 82.383301 15.350373
v -4.654521 82.442986 15.526958
v -3.793350 81.657356 15.681480
v -4.710578 81.516281 15.893078
v -4.160099 81.002472 15.980176
v -4.731325 80.482750 16.217222
v -5.488618 81.435509 16.040522
v -5.451111 80.149071 16.369417
v -6.268031 81.378014 16.089705
v -6.249000 80.034096 16.421858
v -7.033375 81.412407 16.046755
v -7.046889 80.149071 16.369417
v -8.337900 81.002472 15.980176
v -7.766675 80.482750 16.217222
v -6.258319 82.496696 15.625163
v -7.041893 82.474655 15.596553
v -5.472099 82.483047 15.592724
v -7.087756 18.072285 -18.243338
v 7.087756 18.072285 -18.243338
v -7.087756 46.245121 -18.243338
v 7.087756 46.245121 -18.243338
v -7.087756 46.245121 -34.910595
v 7.087756 46.245121 -34.910595
v -7.087756 18.072285 -34.910595
v 7.087756 18.072285 -34.910595
v 4.688126 81.509697 15.893984
v 4.654922 82.449730 15.528994
v 3.667305 82.383301 15.350373
v 3.793678 81.657356 15.681480
v 3.793678 83.109238 15.019265
v 4.697953 83.327972 15.070969
v 4.160428 83.764122 14.720569
v 4.731653 84.283844 14.483523
v 5.451438 84.617523 14.331330
v 5.465180 83.501617 15.098389
v 6.249327 84.732498 14.278888
v 6.247244 83.586914 15.081551
v 7.047216 84.617523 14.331330
v 7.010507 83.518036 15.088385
v 7.767002 84.283844 14.483523
v 7.806795 83.318291 15.070448
v 8.338227 83.764122 14.720569
v 8.704976 83.109238 15.019266
v 8.831349 82.383301 15.350373
v 7.843807 82.442986 15.526958
v 8.704977 81.657356 15.681480
v 7.787749 81.516281 15.893078
v 8.338228 81.002472 15.980176
v 7.767003 80.482750 16.217222
v 7.009709 81.435509 16.040522
v 7.047216 80.149071 16.369417
v 6.230297 81.378014 16.089705
v 6.249327 80.034096 16.421858
v 5.464952 81.412407 16.046755
v 5.451438 80.149071 16.369417
v 4.160428 81.002472 15.980176
v 4.731652 80.482750 16.217222
v 6.240008 82.496696 15.625163
v 5.456434 82.474655 15.596553
v 7.026228 82.483047 15.592724
v -17.671879 1.383642 14.755129
v -18.029228 1.383642 14.053791
v -18.585812 1.383642 13.497208
v -19.287151 1.383642 13.139858
v -20.064589 1.383642 13.016724
v -20.842028 1.383642 13.139858
v -21.543365 1.383642 13.497208
v -22.099947 1.383642 14.053792
v -22.457296 1.383642 14.755129
v -22.580431 1.383642 15.532568
v -22.457296 1.383642 16.310005
v -22.099947 1.383642 17.011343
v -21.543365 1.383642 17.567926
v -20.842026 1.383642 17.925276
v -20.064589 1.383642 18.048410
v -19.287151 1.383642 17.925276
v -18.585814 1.383642 17.567926
v -18.029230 1.383642 17.011343
v -17.671881 1.383642 16.310005
v -17.548746 1.383642 15.532568
v -16.923548 5.367224 14.511982
v -17.392660 5.367224 13.591297
v -18.123318 5.367224 12.860639
v -19.044003 5.367224 12.391526
v -20.064589 5.367224 12.229881
v -21.085175 5.367224 12.391527
v -22.005859 5.367224 12.860640
v -22.736517 5.367224 13.591298
v -23.205629 5.367224 14.511982
v -23.367273 5.367224 15.532568
v -23.205629 5.367224 16.553154
v -22.736517 5.367224 17.473837
v -22.005857 5.367224 18.204496
v -21.085175 5.367224 18.673609
v -20.064589 5.367224 18.835253
v -19.044003 5.367224 18.673609
v -18.123320 5.367224 18.204496
v -17.392662 5.367224 17.473837
v -16.923548 5.367224 16.553154
v -16.761906 5.367224 15.532568
v -20.064589 1.383642 15.532568
v -16.923548 4.298814 14.511982
v -16.761906 4.298814 15.532568
v -16.923548 4.298814 16.553154
v -17.392662 4.298814 17.473837
v -18.123320 4.298814 18.204496
v -19.044003 4.298814 18.673609
v -20.064589 4.298814 18.835253
v -21.085175 4.298814 18.673609
v -22.005857 4.298814 18.204496
v -22.736517 4.298814 17.473837
v -23.205629 4.298814 16.553154
v -23.367273 4.298814 15.532568
v -23.205629 4.298814 14.511982
v -22.736517 4.298814 13.591298
v -22.005859 4.298814 12.860640
v -21.085175 4.298814 12.391527
v -20.064589 4.298814 12.229881
v -19.044003 4.298814 12.391526
v -18.123318 4.298814 12.860639
v -17.392660 4.298814 13.591297
v -6.433182 46.378330 -27.052240
v -5.047055 46.378326 -25.666113
v -5.046641 65.809357 -25.666113
v -6.432354 66.947037 -27.052654
v -5.047055 69.638397 -6.435454
v -6.433182 71.051735 -6.435453
v 5.047055 46.378326 -25.666113
v 6.433182 46.378330 -27.052240
v 5.046641 65.809357 -25.666113
v 6.432354 66.947037 -27.052654
v 6.433182 71.051735 -6.435453
v 5.047055 69.638397 -6.435454
v -5.047055 65.809341 -35.291336
v -6.433181 65.809341 -33.905209
v -6.432687 67.466949 -33.904961
v -5.046808 68.604500 -35.291336
v -5.047055 46.378342 -35.291336
v -6.433181 46.378338 -33.905209
v 5.047055 65.809341 -35.291336
v 6.433181 65.809341 -33.905209
v 6.432688 67.467117 -33.905163
v 5.047006 68.604500 -35.291336
v 6.433181 46.378338 -33.905209
v 5.047055 46.378342 -35.291336
v 5.030690 70.520966 -25.666107
v 6.430771 69.121902 -25.666109
v 5.047079 74.349991 -6.435450
v 6.433182 72.936676 -6.435451
v -5.030763 70.520966 -25.666107
v -6.430771 69.121979 -25.666109
v -6.433182 72.936676 -6.435451
v -5.047079 74.349991 -6.435450
v 7.710415 18.166740 -2.505265
v 6.558870 18.166740 -4.765297
v 4.765297 18.166740 -6.558869
v 2.505265 18.166740 -7.710413
v 0.000000 18.166740 -8.107207
v -2.505265 18.166740 -7.710412
v -4.765297 18.166740 -6.558868
v -6.558867 18.166740 -4.765296
v -7.710411 18.166740 -2.505264
v -8.107205 18.166740 0.000000
v -7.710411 18.166740 2.505264
v -6.558867 18.166740 4.765296
v -4.765296 18.166740 6.558866
v -2.505264 18.166740 7.710409
v -0.000000 18.166740 8.107204
v 2.505263 18.166740 7.710409
v 4.765295 18.166740 6.558866
v 6.558866 18.166740 4.765296
v 7.710409 18.166740 2.505264
v 8.107203 18.166740 0.000000
v 4.042365 26.994333 -2.936950
v 2.936949 26.994333 -4.042365
v 1.544045 26.994333 -4.752083
v 0.000000 26.994333 -4.996636
v -1.544045 26.994333 -4.752082
v -2.936949 26.994333 -4.042364
v -4.042363 26.994333 -2.936949
v -4.752082 26.994333 -1.544045
v -4.996634 26.994333 0.000000
v -4.752082 26.994333 1.544045
v -4.042363 26.994333 2.936949
v -2.936948 26.994333 4.042362
v -1.544045 26.994333 4.752083
v -0.000000 26.994333 4.996634
v 1.544044 26.994333 4.752083
v 2.936947 26.994333 4.042362
v 4.042362 26.994333 2.936949
v 4.752080 26.994333 1.544045
v 4.996634 26.994333 0.000000
v 4.752084 26.994333 -1.544045
v 7.710415 24.846756 -2.505265
v 5.642482 26.994333 -1.833354
v 4.799782 26.994333 -3.487246
v 6.558870 24.846756 -4.765297
v 3.487246 26.994333 -4.799781
v 4.765297 24.846756 -6.558869
v 1.833354 26.994333 -5.642480
v 2.505265 24.846756 -7.710413
v 0.000000 26.994333 -5.932856
v 0.000000 24.846756 -8.107207
v -1.833353 26.994333 -5.642480
v -2.505265 24.846756 -7.710412
v -3.487245 26.994333 -4.799781
v -4.765297 24.846756 -6.558868
v -4.799780 26.994333 -3.487245
v -6.558867 24.846756 -4.765296
v -5.642479 26.994333 -1.833353
v -7.710411 24.846756 -2.505264
v -5.932853 26.994333 0.000000
v -8.107205 24.846756 0.000000
v -5.642479 26.994333 1.833354
v -7.710411 24.846756 2.505264
v -4.799780 26.994333 3.487243
v -6.558867 24.846756 4.765296
v -3.487244 26.994333 4.799778
v -4.765296 24.846756 6.558866
v -1.833353 26.994333 5.642478
v -2.505264 24.846756 7.710409
v -0.000000 26.994333 5.932852
v -0.000000 24.846756 8.107204
v 1.833352 26.994333 5.642478
v 2.505263 24.846756 7.710409
v 3.487243 26.994333 4.799778
v 4.765295 24.846756 6.558866
v 4.799778 26.994333 3.487243
v 6.558866 24.846756 4.765296
v 5.642477 26.994333 1.833354
v 7.710409 24.846756 2.505264
v 5.932852 26.994333 -0.000002
v 8.107203 24.846756 0.000000
v 4.752084 26.652836 -1.544044
v 4.042365 26.652836 -2.936950
v 0.000000 26.652836 0.000000
v 2.936949 26.652836 -4.042365
v 1.544045 26.652836 -4.752083
v -0.000000 26.652836 -4.996636
v -1.544045 26.652836 -4.752082
v -2.936949 26.652836 -4.042364
v -4.042363 26.652836 -2.936949
v -4.752082 26.652836 -1.544045
v -4.996634 26.652836 0.000000
v -4.752082 26.652836 1.544045
v -4.042363 26.652836 2.936949
v -2.936948 26.652836 4.042362
v -1.544045 26.652836 4.752083
v -0.000000 26.652836 4.996634
v 1.544044 26.652836 4.752083
v 2.936947 26.652836 4.042362
v 4.042362 26.652836 2.936949
v 4.752080 26.652836 1.544044
v 4.996634 26.652836 0.000000
v 8.423656 56.252190 -10.743488
v 8.906720 56.688046 -10.727532
v 9.128870 56.439785 -10.153775
v 8.738402 56.108574 -10.243880
v 9.438010 56.857231 -10.175052
v 9.298565 57.189404 -10.665899
v 9.635562 57.320057 -10.305628
v 9.702188 57.782955 -10.532722
v 9.631366 58.200611 -10.834102
v 9.167835 57.477970 -11.068076
v 9.430028 58.532143 -11.180270
v 8.964013 57.775810 -11.423643
v 9.117884 58.745102 -11.537339
v 8.677732 58.015194 -11.746596
v 8.725488 58.818638 -11.870358
v 8.292051 58.248085 -12.033034
v 8.291249 58.745556 -12.146726
v 7.857676 58.533005 -12.339393
v 7.467208 58.201797 -12.429498
v 7.875807 57.775650 -12.129682
v 7.158067 57.784348 -12.408221
v 7.430080 57.311962 -12.110558
v 6.960515 57.321526 -12.277645
v 6.893889 56.858627 -12.050551
v 7.675201 56.939735 -11.846521
v 6.964712 56.440971 -11.749170
v 7.905282 56.630630 -11.521338
v 7.166049 56.109436 -11.403003
v 8.159820 56.403275 -11.163942
v 7.478193 55.896477 -11.045934
v 8.304829 55.896023 -10.436547
v 7.870590 55.822941 -10.712915
v 8.455128 57.183891 -11.503574
v 8.684862 56.927921 -11.133089
v 8.183787 57.467876 -11.824477
v 1.721546 48.406834 -0.559364
v 1.464435 48.406834 -1.063974
v 1.063974 48.406834 -1.464435
v 0.559364 48.406834 -1.721546
v -0.000000 48.406834 -1.810141
v -0.559364 48.406834 -1.721546
v -1.063974 48.406834 -1.464435
v -1.464434 48.406834 -1.063974
v -1.721546 48.406834 -0.559364
v -1.810140 48.406834 -0.000000
v -1.721546 48.406834 0.559364
v -1.464434 48.406834 1.063974
v -1.063974 48.406834 1.464434
v -0.559364 48.406834 1.721545
v -0.000000 48.406834 1.810140
v 0.559364 48.406834 1.721545
v 1.063974 48.406834 1.464434
v 1.464434 48.406834 1.063974
v 1.721545 48.406834 0.559364
v 1.810140 48.406834 -0.000000
v 2.683392 56.972992 -0.871887
v 2.282629 56.972992 -1.658427
v 1.658427 56.972992 -2.282629
v 0.871887 56.972992 -2.683391
v 0.000000 56.972992 -2.821485
v -0.871887 56.972992 -2.683391
v -1.658427 56.972992 -2.282629
v -2.282629 56.972992 -1.658426
v -2.683391 56.972992 -0.871886
v -2.821483 56.972992 0.000000
v -2.683391 56.972992 0.871886
v -2.282628 56.972992 1.658427
v -1.658426 56.972992 2.282628
v -0.871886 56.972992 2.683390
v -0.000000 56.972992 2.821483
v 0.871886 56.972992 2.683390
v 1.658426 56.972992 2.282628
v 2.282628 56.972992 1.658426
v 2.683390 56.972992 0.871886
v 2.821483 56.972992 0.000000
v 0.000000 56.972992 0.000000
v 1.721546 48.723988 -0.559364
v 1.810140 48.723988 -0.000000
v 1.721545 48.723988 0.559364
v 1.464434 48.723988 1.063974
v 1.063974 48.723988 1.464434
v 0.559364 48.723988 1.721545
v -0.000000 48.723988 1.810140
v -0.559364 48.723988 1.721545
v -1.063974 48.723988 1.464434
v -1.464434 48.723988 1.063974
v -1.721546 48.723988 0.559364
v -1.810140 48.723988 -0.000000
v -1.721546 48.723988 -0.559364
v -1.464434 48.723988 -1.063974
v -1.063974 48.723988 -1.464435
v -0.559364 48.723988 -1.721546
v -0.000000 48.723988 -1.810141
v 0.559364 48.723988 -1.721546
v 1.063974 48.723988 -1.464435
v 1.464435 48.723988 -1.063974
v 2.295397 49.456608 -0.745820
v 2.413522 49.456608 0.000000
v 2.295396 49.456608 0.745819
v 1.952580 49.456608 1.418633
v 1.418632 49.456608 1.952580
v 0.745819 49.456608 2.295396
v -0.000000 49.456608 2.413522
v -0.745819 49.456608 2.295396
v -1.418633 49.456608 1.952580
v -1.952580 49.456608 1.418633
v -2.295396 49.456608 0.745819
v -2.413522 49.456608 0.000000
v -2.295396 49.456608 -0.745819
v -1.952580 49.456608 -1.418633
v -1.418633 49.456608 -1.952581
v -0.745820 49.456608 -2.295396
v 0.000000 49.456608 -2.413523
v 0.745820 49.456608 -2.295396
v 1.418633 49.456608 -1.952581
v 1.952581 49.456608 -1.418633
v 1.580353 48.406834 -0.513488
v 1.661680 48.406834 -0.000000
v 1.580352 48.406834 0.513487
v 1.344327 48.406834 0.976711
v 0.976711 48.406834 1.344327
v 0.513487 48.406834 1.580352
v -0.000000 48.406834 1.661680
v -0.513488 48.406834 1.580352
v -0.976711 48.406834 1.344328
v -1.344328 48.406834 0.976711
v -1.580352 48.406834 0.513487
v -1.661681 48.406834 -0.000000
v -1.580352 48.406834 -0.513488
v -1.344328 48.406834 -0.976711
v -0.976712 48.406834 -1.344328
v -0.513488 48.406834 -1.580353
v -0.000000 48.406834 -1.661681
v 0.513488 48.406834 -1.580353
v 0.976712 48.406834 -1.344328
v 1.344328 48.406834 -0.976712
v 1.344328 48.497822 -0.976712
v 1.580353 48.497822 -0.513488
v 0.000000 48.497822 0.000000
v 0.976712 48.497822 -1.344328
v 0.513488 48.497822 -1.580353
v -0.000000 48.497822 -1.661681
v -0.513488 48.497822 -1.580353
v -0.976712 48.497822 -1.344328
v -1.344328 48.497822 -0.976711
v -1.580352 48.497822 -0.513488
v -1.661681 48.497822 -0.000000
v -1.580352 48.497822 0.513487
v -1.344328 48.497822 0.976711
v -0.976711 48.497822 1.344328
v -0.513488 48.497822 1.580352
v -0.000000 48.497822 1.661680
v 0.513487 48.497822 1.580352
v 0.976711 48.497822 1.344327
v 1.344327 48.497822 0.976711
v 1.580352 48.497822 0.513487
v 1.661680 48.497822 -0.000000
v 2.295397 55.056644 -0.745820
v 2.413521 55.056644 0.000000
v 2.295395 55.056644 0.745819
v 1.952580 55.056644 1.418632
v 1.418632 55.056644 1.952580
v 0.745819 55.056644 2.295396
v -0.000000 55.056644 2.413522
v -0.745819 55.056644 2.295396
v -1.418633 55.056644 1.952580
v -1.952580 55.056644 1.418633
v -2.295396 55.056644 0.745819
v -2.413522 55.056644 0.000000
v -2.295396 55.056644 -0.745819
v -1.952580 55.056644 -1.418633
v -1.418633 55.056644 -1.952581
v -0.745820 55.056644 -2.295396
v 0.000000 55.056644 -2.413523
v 0.745820 55.056644 -2.295397
v 1.418633 55.056644 -1.952581
v 1.952581 55.056644 -1.418633
v 2.683392 55.940041 -0.871887
v 2.821483 55.940041 0.000000
v 2.683390 55.940041 0.871886
v 2.282628 55.940041 1.658426
v 1.658426 55.940041 2.282628
v 0.871886 55.940041 2.683390
v -0.000000 55.940041 2.821483
v -0.871886 55.940041 2.683390
v -1.658427 55.940041 2.282628
v -2.282629 55.940041 1.658427
v -2.683391 55.940041 0.871886
v -2.821483 55.940041 0.000000
v -2.683391 55.940041 -0.871886
v -2.282629 55.940041 -1.658426
v -1.658427 55.940041 -2.282629
v -0.871887 55.940041 -2.683391
v 0.000000 55.940041 -2.821485
v 0.871887 55.940041 -2.683391
v 1.658427 55.940041 -2.282629
v 2.282629 55.940041 -1.658427
v 10.790571 48.554821 -11.609715
v 10.790571 48.253838 -11.609715
v 13.201502 48.253838 -10.707170
v 13.201502 48.554821 -10.707170
v 9.388285 46.825779 -7.863842
v 9.388285 46.524784 -7.863842
v 11.799214 46.524784 -6.961298
v 11.799214 46.825779 -6.961298
v 5.622106 46.524784 2.196598
v 5.848342 46.524784 2.693569
v 5.622106 46.825779 2.196598
v 5.848342 46.825779 2.693569
v 8.033036 46.524784 3.099142
v 7.536065 46.524784 3.325377
v 8.033036 46.825779 3.099142
v 7.536065 46.825779 3.325377
v 11.634490 48.554821 -13.864040
v 12.131462 48.554821 -14.090276
v 11.634490 48.253838 -13.864040
v 12.131462 48.253838 -14.090276
v 14.045421 48.554821 -12.961496
v 13.819185 48.554821 -13.458467
v 14.045421 48.253838 -12.961496
v 13.819185 48.253838 -13.458467
v 8.290016 31.499744 -29.044840
v 8.290016 29.225473 -30.697195
v 8.290016 26.414320 -30.697195
v 8.290016 24.140047 -29.044840
v 8.290017 23.271353 -26.371273
v 8.290016 24.140049 -23.697706
v 8.290016 26.414320 -22.045351
v 8.290016 29.225473 -22.045351
v 8.290016 31.499744 -23.697706
v 8.290016 32.368439 -26.371273
v 7.120932 31.499744 -29.044840
v 7.120932 29.225473 -30.697195
v 7.120932 26.414320 -30.697195
v 7.120932 24.140047 -29.044840
v 7.120933 23.271353 -26.371273
v 7.120932 24.140049 -23.697706
v 7.120932 26.414320 -22.045351
v 7.120932 29.225473 -22.045351
v 7.120932 31.499744 -23.697706
v 7.120932 32.368439 -26.371273
v 22.457733 1.383642 -32.336006
v 22.100384 1.383642 -33.037342
v 21.543800 1.383642 -33.593925
v 20.842463 1.383642 -33.951275
v 20.065023 1.383642 -34.074409
v 19.287586 1.383642 -33.951275
v 18.586248 1.383642 -33.593925
v 18.029665 1.383642 -33.037342
v 17.672316 1.383642 -32.336006
v 17.549181 1.383642 -31.558565
v 17.672316 1.383642 -30.781128
v 18.029665 1.383642 -30.079790
v 18.586248 1.383642 -29.523207
v 19.287586 1.383642 -29.165857
v 20.065023 1.383642 -29.042723
v 20.842461 1.383642 -29.165857
v 21.543800 1.383642 -29.523207
v 22.100382 1.383642 -30.079790
v 22.457731 1.383642 -30.781128
v 22.580866 1.383642 -31.558565
v 23.206066 5.367224 -32.579151
v 22.736954 5.367224 -33.499832
v 22.006294 5.367224 -34.230495
v 21.085609 5.367224 -34.699608
v 20.065023 5.367224 -34.861252
v 19.044437 5.367224 -34.699608
v 18.123755 5.367224 -34.230492
v 17.393095 5.367224 -33.499832
v 16.923983 5.367224 -32.579151
v 16.762339 5.367224 -31.558565
v 16.923983 5.367224 -30.537979
v 17.393095 5.367224 -29.617296
v 18.123755 5.367224 -28.886637
v 19.044437 5.367224 -28.417524
v 20.065023 5.367224 -28.255880
v 21.085609 5.367224 -28.417524
v 22.006294 5.367224 -28.886637
v 22.736952 5.367224 -29.617296
v 23.206064 5.367224 -30.537979
v 23.367708 5.367224 -31.558565
v 20.065023 1.383642 -31.558565
v 23.206066 4.298814 -32.579151
v 23.367708 4.298814 -31.558565
v 23.206064 4.298814 -30.537979
v 22.736952 4.298814 -29.617296
v 22.006294 4.298814 -28.886637
v 21.085609 4.298814 -28.417524
v 20.065023 4.298814 -28.255880
v 19.044437 4.298814 -28.417524
v 18.123755 4.298814 -28.886637
v 17.393095 4.298814 -29.617296
v 16.923983 4.298814 -30.537979
v 16.762339 4.298814 -31.558565
v 16.923983 4.298814 -32.579151
v 17.393095 4.298814 -33.499832
v 18.123755 4.298814 -34.230492
v 19.044437 4.298814 -34.699608
v 20.065023 4.298814 -34.861252
v 21.085609 4.298814 -34.699608
v 22.006294 4.298814 -34.230495
v 22.736954 4.298814 -33.499832
v -9.719816 5.181338 20.162807
v 9.719818 5.181338 20.162807
v -9.719816 13.139446 20.162807
v 9.719818 13.139446 20.162807
v -9.719816 17.326870 -35.788368
v 9.719818 17.326870 -35.788368
v -9.719816 5.181338 -35.788368
v 9.719818 5.181338 -35.788368
v -24.595179 5.289256 8.825842
v -9.719816 5.181338 10.340516
v 9.719819 5.181338 10.340516
v 24.595179 5.289256 8.825842
v 9.719818 17.326870 10.340516
v -9.719815 17.326870 10.340516
v 8.655373 5.181338 21.451042
v 8.655373 14.001532 21.451042
v -8.655371 5.181338 21.451042
v -8.655371 14.001532 21.451042
v 8.655373 18.226871 10.340520
v -8.655370 18.226871 10.340520
v 8.655373 18.226871 -36.688374
v 8.655373 5.181338 -36.688374
v -8.655371 18.226871 -36.688374
v -8.655371 5.181338 -36.688374
v -24.595179 5.289256 17.244633
v -21.585648 5.181338 20.162807
v -24.595179 9.023379 17.233942
v -21.626179 10.806671 20.162807
v 24.595179 5.289256 17.244633
v 21.585648 5.181338 20.162807
v 21.626179 10.806671 20.162807
v 24.595179 9.023379 17.233942
v -24.595179 12.373406 8.697217
v -21.672249 15.538739 10.340516
v 24.595179 12.368176 8.696056
v 21.672249 15.538739 10.340516
v -21.630753 15.549565 -35.788368
v -24.595179 12.370344 -33.274609
v -24.595179 5.289256 -33.287289
v -21.585648 5.181338 -35.788368
v 24.595179 12.370344 -33.274609
v 21.630753 15.549565 -35.788368
v 24.595179 5.289256 -33.287289
v 21.585648 5.181338 -35.788368
v 3.079638 26.803274 -2.012867
v 3.145136 26.861284 -0.026992
v 5.093317 26.671204 0.000001
v 4.844032 26.671204 -1.573921
v 4.844032 26.671204 1.573922
v 3.060253 26.809011 1.924155
v 4.120580 26.671204 2.993777
v 2.993776 26.671204 4.120581
v 1.573922 26.671204 4.844033
v 1.546814 26.906015 2.213353
v -0.000000 26.671204 5.093317
v 0.004108 26.926096 2.380234
v -1.573922 26.671204 4.844033
v -1.501510 26.903727 2.251009
v -2.993777 26.671204 4.120581
v -3.072273 26.804522 1.907216
v -4.120580 26.671204 2.993777
v -4.844032 26.671204 1.573922
v -5.093317 26.671204 0.000001
v -3.145283 26.856632 -0.037438
v -4.844035 26.671204 -1.573922
v -3.034703 26.805180 -2.000325
v -4.120582 26.671204 -2.993777
v -2.993778 26.671204 -4.120581
v -1.499936 26.905811 -2.265985
v -1.573923 26.671204 -4.844033
v 0.037539 26.926697 -2.409441
v -0.000000 26.671204 -5.093318
v 1.547264 26.901892 -2.312555
v 1.573922 26.671204 -4.844033
v 4.120580 26.671204 -2.993776
v 2.993777 26.671204 -4.120581
v 0.018383 26.968275 -0.021418
v 1.564068 26.933096 -0.037566
v -1.532521 26.933096 -0.019360
v -0.947683 67.794617 -8.897888
v 0.947683 67.794617 -8.897888
v -0.947683 69.830872 -8.897888
v 0.947683 69.830872 -8.897888
v -6.600389 58.930248 2.511349
v -7.649788 59.896866 1.225551
v -7.649788 73.710136 1.225551
v -6.600389 73.956429 2.511349
v 7.649788 59.896866 1.225551
v 6.600389 58.930248 2.511349
v 6.600389 73.956429 2.511349
v 7.649788 73.710136 1.225551
v -11.173516 74.015640 -8.110560
v -10.041746 73.119446 -8.945751
v -11.173516 70.153122 -6.348839
v -10.041746 70.109993 -7.573112
v -9.289854 73.803543 -9.257761
v -9.758646 75.302902 -8.697702
v 9.289854 73.803543 -9.257761
v 9.758646 75.302902 -8.697702
v 11.173516 74.015640 -8.110560
v 10.041746 73.119446 -8.945751
v 11.173516 70.153122 -6.348839
v 10.041746 70.109993 -7.573112
v -9.289854 69.425888 -7.261091
v -9.758646 68.865845 -5.761697
v 9.289854 69.425888 -7.261091
v 9.758646 68.865845 -5.761697
v -11.173516 81.631058 8.585911
v -11.173516 82.110970 9.638144
v 11.173516 81.631058 8.585911
v 11.173516 82.110970 9.638144
v 9.758646 82.918335 7.998775
v 9.758646 83.398262 9.051011
v -9.758646 82.918335 7.998775
v -9.758646 83.398262 9.051011
v -9.758646 76.481224 10.934787
v -9.758646 76.961143 11.987016
v -11.173516 77.768539 10.347641
v -11.173516 78.248459 11.399869
v 9.758646 76.481224 10.934787
v 9.758646 76.961143 11.987016
v 11.173516 77.768539 10.347641
v 11.173516 78.248459 11.399869
v 10.886418 81.042938 7.583036
v 9.639725 82.177216 7.065687
v 9.639718 82.657112 8.117920
v 10.886403 81.522850 8.635271
v -9.639725 82.177216 7.065687
v -9.639718 82.657112 8.117920
v -10.886418 81.042938 7.583036
v -10.886403 81.522850 8.635271
v -9.639724 76.262520 9.763424
v -10.886416 77.396812 9.246069
v -9.639717 76.742447 10.815646
v -10.886400 77.876740 10.298291
v 9.639724 76.262520 9.763424
v 9.639717 76.742447 10.815646
v 10.886416 77.396812 9.246069
v 10.886400 77.876740 10.298291
v -9.758646 82.319275 6.685351
v 9.758646 82.319275 6.685351
v -11.173516 81.031975 7.272496
v 11.173516 81.031975 7.272496
v -9.758646 75.882172 9.621367
v 9.758646 75.882172 9.621367
v -11.173516 77.169464 9.034225
v 11.173516 77.169464 9.034225
v -2.436564 43.465939 -15.909918
v 2.436564 43.465939 -15.909918
v -2.436564 45.396267 -15.909918
v 2.436564 45.396267 -15.909918
v -2.436564 45.396267 -18.153284
v 2.436564 45.396267 -18.153284
v -2.436564 43.465939 -18.153284
v 2.436564 43.465939 -18.153284
v 9.699759 56.728256 2.983338
v 10.765641 57.860424 1.534385
v 1.068560 57.861164 -5.598413
v 0.002679 56.728996 -4.149459
v -1.056847 57.860207 -5.603810
v -10.790024 57.850735 1.479651
v -9.730494 56.719513 2.934000
v 1.079560 68.201912 -11.761145
v -1.045847 68.200951 -11.766547
v -1.050944 68.443581 -9.802220
v 1.074463 68.444542 -9.796824
v 8.485857 58.261482 3.288398
v 9.551739 59.393658 1.839446
v -8.519534 58.253838 3.245219
v -9.579064 59.385056 1.790864
v 0.000000 18.324413 -17.357567
v 0.000000 47.051010 -17.357567
v 0.000000 47.051010 -35.384975
v 0.000000 18.324413 -35.384975
v -2.465178 18.324413 -17.357567
v -2.465178 47.051010 -17.357567
v -2.465178 47.051010 -35.384975
v -2.465178 18.324413 -35.384975
v 2.465178 18.324413 -17.357567
v 2.465178 47.051010 -17.357567
v 2.465178 47.051010 -35.384975
v 2.465178 18.324413 -35.384975
v -2.465178 36.831680 -35.384975
v 0.000000 36.831680 -35.384975
v 2.465178 36.831680 -35.384975
v 2.465178 36.831680 -17.357567
v 0.000000 36.831680 -17.357567
v -2.465178 36.831680 -17.357567
v -2.465178 46.083508 -17.357567
v 0.000000 46.083508 -17.357567
v 2.465178 46.083508 -17.357567
v 2.465178 46.083508 -35.384975
v 0.000000 46.083508 -35.384975
v -2.465178 46.083508 -35.384975
v -2.465178 46.083508 -18.346060
v 0.000000 46.083508 -18.346060
v -2.465178 36.831680 -18.346060
v 0.000000 36.831680 -18.346060
v 2.465178 46.083508 -18.346060
v 2.465178 36.831680 -18.346060
v -7.648325 19.291811 -18.324970
v -6.680922 18.324408 -17.357567
v -7.648325 19.291822 -34.417572
v -6.680923 18.324419 -35.384975
v -7.648325 36.831676 -18.324970
v -6.680922 36.831680 -17.357567
v -7.648325 46.083553 -18.324970
v -6.680922 46.083508 -17.357567
v 7.648325 19.291811 -18.324970
v 6.680921 18.324408 -17.357567
v 7.648325 19.291824 -34.417572
v 6.680922 18.324419 -35.384975
v 7.648325 36.831676 -18.324970
v 6.680922 36.831680 -17.357567
v 7.648325 46.083553 -18.324970
v 6.680922 46.083508 -17.357567
v -6.680922 47.051010 -17.357567
v -7.648325 46.083519 -34.417572
v -6.680922 47.050976 -35.384975
v -6.680922 46.083473 -35.384975
v 6.680922 47.051010 -17.357567
v 7.648325 46.083572 -34.417576
v 6.680926 47.050976 -35.384975
v 6.680922 46.083473 -35.384975
v 7.648325 46.083469 -34.417572
v -7.648325 36.831642 -34.417572
v -6.680922 36.831646 -35.384975
v 7.648325 36.831642 -34.417572
v 6.680922 36.831646 -35.384975
v -1.004723 48.365753 -0.656693
v -1.026092 48.307739 -0.008806
v -1.661680 48.497822 -0.000000
v -1.580352 48.497822 -0.513488
v -1.580352 48.497822 0.513487
v -0.998399 48.360012 0.627750
v -1.344328 48.497822 0.976711
v -0.976711 48.497822 1.344327
v -0.513488 48.497822 1.580352
v -0.504644 48.263008 0.722100
v -0.000000 48.497822 1.661680
v -0.001340 48.242928 0.776544
v 0.513487 48.497822 1.580352
v 0.489863 48.265297 0.734385
v 0.976711 48.497822 1.344327
v 1.002320 48.364502 0.622223
v 1.344327 48.497822 0.976711
v 1.580352 48.497822 0.513487
v 1.661680 48.497822 -0.000000
v 1.026139 48.312393 -0.012214
v 1.580353 48.497822 -0.513488
v 0.990063 48.363846 -0.652601
v 1.344328 48.497822 -0.976712
v 0.976712 48.497822 -1.344328
v 0.489350 48.263214 -0.739271
v 0.513488 48.497822 -1.580352
v -0.012247 48.242329 -0.786073
v -0.000000 48.497822 -1.661681
v -0.504791 48.267136 -0.754465
v -0.513488 48.497822 -1.580352
v -1.344328 48.497822 -0.976711
v -0.976712 48.497822 -1.344328
v -0.005997 48.200752 -0.006988
v -0.510273 48.235931 -0.012256
v 0.499980 48.235931 -0.006316
v -7.378987 57.312439 -12.152745
v -7.842710 57.768902 -12.166170
v -7.430170 58.197456 -12.459995
v -7.119215 57.781345 -12.439005
v -7.822452 58.526596 -12.370178
v -8.264732 58.238659 -12.066534
v -8.257663 58.736538 -12.178345
v -8.693200 58.806736 -11.903275
v -9.086430 58.730316 -11.571894
v -8.627646 58.001106 -11.794566
v -9.398862 58.514759 -11.216639
v -8.927223 57.762791 -11.462689
v -9.599913 58.181168 -10.872286
v -9.132094 57.479225 -11.114585
v -9.669900 57.762196 -10.572540
v -9.258917 57.166763 -10.700679
v -9.601975 57.298851 -10.346748
v -9.402786 56.836494 -10.217006
v -9.091832 56.420380 -10.196016
v -8.864015 56.671070 -10.764962
v -8.699551 56.091244 -10.285832
v -8.380181 56.247925 -10.794948
v -8.264339 55.881302 -10.477666
v -7.828802 55.811104 -10.752735
v -8.123833 56.409203 -11.215219
v -7.435571 55.887524 -11.084117
v -7.852062 56.634411 -11.575284
v -7.123139 56.103077 -11.439371
v -7.614286 56.931465 -11.890619
v -6.922090 56.436668 -11.783725
v -6.920026 57.318985 -12.309263
v -6.852101 56.855644 -12.083469
v -8.410722 57.178432 -11.549123
v -8.136328 57.459488 -11.867358
v -8.645515 56.923592 -11.178742
v 9.237700 81.045769 10.078046
v 8.791389 81.842720 9.714551
v 8.096243 82.475189 9.426079
v 7.220308 82.881248 9.240871
v 6.249327 83.021172 9.177053
v 5.278347 82.881248 9.240871
v 4.402412 82.475189 9.426079
v 3.707267 81.842720 9.714551
v 3.260957 81.045769 10.078046
v 3.107168 80.162346 10.480981
v 3.260957 79.278915 10.883915
v 3.707267 78.481964 11.247410
v 4.402412 77.849495 11.535882
v 5.278347 77.443428 11.721093
v 6.249327 77.303513 11.784908
v 7.220308 77.443428 11.721093
v 8.096241 77.849495 11.535882
v 8.791386 78.481964 11.247410
v 9.237698 79.278915 10.883915
v 9.391486 80.162346 10.480981
v 9.033661 83.316406 15.216109
v 8.617823 84.058945 14.877433
v 7.970140 84.648216 14.608656
v 7.154012 85.026558 14.436098
v 6.249327 85.156937 14.376634
v 5.344643 85.026558 14.436098
v 4.528515 84.648216 14.608656
v 3.880833 84.058945 14.877433
v 3.464995 83.316406 15.216109
v 3.321707 82.493294 15.591537
v 3.464995 81.670181 15.966960
v 3.880833 80.927643 16.305635
v 4.528515 80.338364 16.574406
v 5.344643 79.960014 16.746979
v 6.249327 79.829651 16.806438
v 7.154012 79.960014 16.746979
v 7.970139 80.338364 16.574406
v 8.617821 80.927643 16.305635
v 9.033659 81.670181 15.966960
v 9.176947 82.493294 15.591537
v 9.237700 81.195709 10.406770
v 9.391486 80.312279 10.809707
v 9.237698 79.428848 11.212639
v 8.791386 78.631889 11.576136
v 8.096241 77.999428 11.864607
v 7.220308 77.593361 12.049814
v 6.249327 77.453438 12.113634
v 5.278347 77.593361 12.049814
v 4.402412 77.999428 11.864607
v 3.707267 78.631889 11.576136
v 3.260957 79.428848 11.212639
v 3.107168 80.312279 10.809707
v 3.260957 81.195709 10.406770
v 3.707267 81.992661 10.043269
v 4.402412 82.625122 9.754801
v 5.278347 83.031189 9.569592
v 6.249327 83.171112 9.505772
v 7.220308 83.031189 9.569592
v 8.096243 82.625122 9.754801
v 8.791389 81.992661 10.043269
v 8.270851 83.829575 14.982044
v 7.718050 84.332535 14.752647
v 7.021480 84.655457 14.605361
v 6.249327 84.766724 14.554609
v 5.477174 84.655457 14.605361
v 4.780604 84.332535 14.752647
v 4.227804 83.829575 14.982049
v 3.872884 83.195816 15.271111
v 3.750587 82.493294 15.591537
v 3.872884 81.790764 15.911964
v 4.227804 81.156998 16.201021
v 4.780604 80.654053 16.430424
v 5.477174 80.331131 16.577709
v 6.249327 80.219864 16.628460
v 7.021480 80.331131 16.577709
v 7.718050 80.654053 16.430424
v 8.270850 81.156998 16.201021
v 8.625769 81.790764 15.911964
v 8.748067 82.493294 15.591537
v 8.625772 83.195824 15.271109
v 8.625772 83.055367 14.963154
v 8.270851 83.689110 14.674089
v 6.249327 82.352837 15.283582
v 7.718050 84.192078 14.444693
v 7.021480 84.514999 14.297406
v 6.249327 84.626274 14.246655
v 5.477174 84.514999 14.297406
v 4.780604 84.192078 14.444693
v 4.227804 83.689117 14.674094
v 3.872884 83.055359 14.963157
v 3.750587 82.352837 15.283582
v 3.872884 81.650307 15.604010
v 4.227804 81.016533 15.893066
v 4.780604 80.513596 16.122469
v 5.477174 80.190674 16.269756
v 6.249327 80.079407 16.320505
v 7.021480 80.190674 16.269756
v 7.718050 80.513596 16.122469
v 8.270850 81.016533 15.893066
v 8.625769 81.650307 15.604010
v 8.748067 82.352837 15.283582
v 9.033661 81.357269 10.920755
v 9.176947 80.534157 11.296181
v 9.033659 79.711044 11.671602
v 8.617821 78.968506 12.010281
v 7.970139 78.379219 12.279055
v 7.154012 78.000885 12.451617
v 6.249327 77.870514 12.511080
v 5.344643 78.000885 12.451617
v 4.528515 78.379219 12.279055
v 3.880833 78.968506 12.010281
v 3.464995 79.711044 11.671602
v 3.321707 80.534157 11.296181
v 3.464995 81.357269 10.920755
v 3.880833 82.099808 10.582075
v 4.528515 82.689087 10.313300
v 5.344643 83.067421 10.140738
v 6.249327 83.197792 10.081276
v 7.154012 83.067421 10.140738
v 7.970140 82.689087 10.313300
v 8.617823 82.099808 10.582075
vt 0.648603 0.107966
vt 0.626409 0.064408
vt 0.591842 0.029841
vt 0.548284 0.007647
vt 0.500000 -0.000000
vt 0.451716 0.007647
vt 0.408159 0.029841
vt 0.373591 0.064409
vt 0.351397 0.107966
vt 0.343750 0.156250
vt 0.351397 0.204534
vt 0.373591 0.248091
vt 0.408159 0.282659
vt 0.451716 0.304853
vt 0.500000 0.312500
vt 0.548284 0.304853
vt 0.591841 0.282659
vt 0.626409 0.248091
vt 0.648603 0.204534
vt 0.656250 0.156250
vt 0.375000 0.312500
vt 0.387500 0.312500
vt 0.400000 0.312500
vt 0.412500 0.312500
vt 0.425000 0.312500
vt 0.437500 0.312500
vt 0.450000 0.312500
vt 0.462500 0.312500
vt 0.475000 0.312500
vt 0.487500 0.312500
vt 0.500000 0.312500
vt 0.512500 0.312500
vt 0.525000 0.312500
vt 0.537500 0.312500
vt 0.550000 0.312500
vt 0.562500 0.312500
vt 0.575000 0.312500
vt 0.587500 0.312500
vt 0.600000 0.312500
vt 0.612500 0.312500
vt 0.625000 0.312500
vt 0.375000 0.687500
vt 0.387500 0.687500
vt 0.400000 0.687500
vt 0.412500 0.687500
vt 0.425000 0.687500
vt 0.437500 0.687500
vt 0.450000 0.687500
vt 0.462500 0.687500
vt 0.475000 0.687500
vt 0.487500 0.687500
vt 0.500000 0.687500
vt 0.512500 0.687500
vt 0.525000 0.687500
vt 0.537500 0.687500
vt 0.550000 0.687500
vt 0.562500 0.687500
vt 0.575000 0.687500
vt 0.587500 0.687500
vt 0.600000 0.687500
vt 0.612500 0.687500
vt 0.625000 0.687500
vt 0.648603 0.795466
vt 0.626409 0.751908
vt 0.591842 0.717341
vt 0.548284 0.695147
vt 0.500000 0.687500
vt 0.451716 0.695147
vt 0.408159 0.717341
vt 0.373591 0.751909
vt 0.351397 0.795466
vt 0.343750 0.843750
vt 0.351397 0.892034
vt 0.373591 0.935591
vt 0.408159 0.970159
vt 0.451716 0.992353
vt 0.500000 1.000000
vt 0.548284 0.992353
vt 0.591841 0.970159
vt 0.626409 0.935591
vt 0.648603 0.892034
vt 0.656250 0.843750
vt 0.500000 0.156250
vt 0.500000 0.843750
vt 0.625000 0.326384
vt 0.375000 0.326384
vt 0.612500 0.326384
vt 0.600000 0.326384
vt 0.587500 0.326384
vt 0.575000 0.326384
vt 0.562500 0.326384
vt 0.550000 0.326384
vt 0.537500 0.326384
vt 0.525000 0.326384
vt 0.512500 0.326384
vt 0.500000 0.326384
vt 0.487500 0.326384
vt 0.475000 0.326384
vt 0.462500 0.326384
vt 0.450000 0.326384
vt 0.437500 0.326384
vt 0.425000 0.326384
vt 0.412500 0.326384
vt 0.400000 0.326384
vt 0.387500 0.326384
vt 0.625000 0.358456
vt 0.375000 0.358456
vt 0.612500 0.358456
vt 0.600000 0.358456
vt 0.587500 0.358456
vt 0.575000 0.358456
vt 0.562500 0.358456
vt 0.550000 0.358456
vt 0.537500 0.358456
vt 0.525000 0.358456
vt 0.512500 0.358456
vt 0.500000 0.358456
vt 0.487500 0.358456
vt 0.475000 0.358456
vt 0.462500 0.358456
vt 0.450000 0.358456
vt 0.437500 0.358456
vt 0.425000 0.358456
vt 0.412500 0.358456
vt 0.400000 0.358456
vt 0.387500 0.358456
vt 0.636415 0.111926
vt 0.643435 0.156250
vt 0.636415 0.200574
vt 0.616041 0.240559
vt 0.584309 0.272291
vt 0.544324 0.292665
vt 0.500000 0.299685
vt 0.455676 0.292665
vt 0.415691 0.272291
vt 0.383959 0.240559
vt 0.363585 0.200574
vt 0.356565 0.156250
vt 0.363585 0.111926
vt 0.383959 0.071941
vt 0.415691 0.040209
vt 0.455676 0.019835
vt 0.500000 0.012815
vt 0.544324 0.019835
vt 0.584309 0.040209
vt 0.616041 0.071941
vt 0.616041 0.071941
vt 0.636415 0.111926
vt 0.584309 0.040209
vt 0.544324 0.019835
vt 0.500000 0.012815
vt 0.455676 0.019835
vt 0.415691 0.040209
vt 0.383959 0.071941
vt 0.363585 0.111926
vt 0.356565 0.156250
vt 0.363585 0.200574
vt 0.383959 0.240559
vt 0.415691 0.272291
vt 0.455676 0.292665
vt 0.500000 0.299685
vt 0.544324 0.292665
vt 0.584309 0.272291
vt 0.616041 0.240559
vt 0.636415 0.200574
vt 0.643435 0.156250
vt 0.625000 0.603608
vt 0.375000 0.603608
vt 0.612500 0.603608
vt 0.600000 0.603608
vt 0.587500 0.603608
vt 0.575000 0.603608
vt 0.562500 0.603608
vt 0.550000 0.603608
vt 0.537500 0.603608
vt 0.525000 0.603608
vt 0.512500 0.603608
vt 0.500000 0.603608
vt 0.487500 0.603608
vt 0.475000 0.603608
vt 0.462500 0.603608
vt 0.450000 0.603608
vt 0.437500 0.603608
vt 0.425000 0.603608
vt 0.412500 0.603608
vt 0.400000 0.603608
vt 0.387500 0.603608
vt 0.625000 0.642281
vt 0.375000 0.642281
vt 0.612500 0.642281
vt 0.600000 0.642281
vt 0.587500 0.642281
vt 0.575000 0.642281
vt 0.562500 0.642281
vt 0.550000 0.642281
vt 0.537500 0.642281
vt 0.525000 0.642281
vt 0.512500 0.642281
vt 0.500000 0.642281
vt 0.487500 0.642281
vt 0.475000 0.642281
vt 0.462500 0.642281
vt 0.450000 0.642281
vt 0.437500 0.642281
vt 0.425000 0.642281
vt 0.412500 0.642281
vt 0.400000 0.642281
vt 0.387500 0.642281
vt 0.381249 0.250000
vt 0.381249 0.000000
vt 0.618751 0.000000
vt 0.618751 0.250000
vt 0.381249 0.750000
vt 0.381249 0.500000
vt 0.618751 0.500000
vt 0.618751 0.750000
vt 0.631249 0.250000
vt 0.631249 0.000000
vt 0.868751 0.000000
vt 0.868751 0.250000
vt 0.131249 0.250000
vt 0.131249 0.000000
vt 0.368751 0.000000
vt 0.368751 0.250000
vt 0.375000 0.493751
vt 0.625000 0.493751
vt 0.375000 0.756249
vt 0.625000 0.756249
vt 0.625000 0.993751
vt 0.375000 0.993751
vt 0.375000 0.256249
vt 0.625000 0.256249
vt 0.618751 1.000000
vt 0.381249 1.000000
vt 0.375000 0.312500
vt 0.387500 0.312500
vt 0.387500 0.610393
vt 0.375000 0.610393
vt 0.400000 0.312500
vt 0.400000 0.610393
vt 0.412500 0.312500
vt 0.412500 0.610393
vt 0.425000 0.312500
vt 0.425000 0.610393
vt 0.437500 0.312500
vt 0.437500 0.610393
vt 0.450000 0.312500
vt 0.450000 0.610393
vt 0.462500 0.312500
vt 0.462500 0.610393
vt 0.475000 0.312500
vt 0.475000 0.610393
vt 0.487500 0.312500
vt 0.487500 0.610393
vt 0.500000 0.312500
vt 0.500000 0.610393
vt 0.512500 0.312500
vt 0.512500 0.610393
vt 0.525000 0.312500
vt 0.525000 0.610393
vt 0.537500 0.312500
vt 0.537500 0.610393
vt 0.550000 0.312500
vt 0.550000 0.610393
vt 0.562500 0.312500
vt 0.562500 0.610393
vt 0.575000 0.312500
vt 0.575000 0.610393
vt 0.587500 0.312500
vt 0.587500 0.610393
vt 0.600000 0.312500
vt 0.600000 0.610393
vt 0.612500 0.312500
vt 0.612500 0.610393
vt 0.625000 0.312500
vt 0.625000 0.610393
vt 0.626409 0.064408
vt 0.648603 0.107966
vt 0.500000 0.156250
vt 0.591842 0.029841
vt 0.548284 0.007647
vt 0.500000 -0.000000
vt 0.451716 0.007647
vt 0.408159 0.029841
vt 0.373591 0.064409
vt 0.351397 0.107966
vt 0.343750 0.156250
vt 0.351397 0.204534
vt 0.373591 0.248091
vt 0.408159 0.282659
vt 0.451716 0.304853
vt 0.500000 0.312500
vt 0.548284 0.304853
vt 0.591841 0.282659
vt 0.626409 0.248091
vt 0.648603 0.204534
vt 0.656250 0.156250
vt 0.625000 0.687500
vt 0.612500 0.687500
vt 0.600000 0.687500
vt 0.587500 0.687500
vt 0.575000 0.687500
vt 0.562500 0.687500
vt 0.550000 0.687500
vt 0.537500 0.687500
vt 0.525000 0.687500
vt 0.512500 0.687500
vt 0.500000 0.687500
vt 0.487500 0.687500
vt 0.475000 0.687500
vt 0.462500 0.687500
vt 0.450000 0.687500
vt 0.437500 0.687500
vt 0.425000 0.687500
vt 0.412500 0.687500
vt 0.400000 0.687500
vt 0.387500 0.687500
vt 0.375000 0.687500
vt 0.412496 0.250000
vt 0.412496 0.000000
vt 0.587504 0.000000
vt 0.587504 0.250000
vt 0.412496 0.749998
vt 0.412496 0.500002
vt 0.587504 0.500002
vt 0.587504 0.749998
vt 0.375000 0.841167
vt 0.625000 0.841167
vt 0.625000 0.994489
vt 0.587504 1.000000
vt 0.412496 1.000000
vt 0.375000 0.994489
vt 0.630511 0.250000
vt 0.630511 0.000000
vt 0.783833 0.000000
vt 0.783833 0.250000
vt 0.216167 0.250000
vt 0.216167 0.000000
vt 0.369489 0.000000
vt 0.369489 0.250000
vt 0.130089 0.249998
vt 0.130089 0.000002
vt 0.161815 0.000000
vt 0.161815 0.249998
vt 0.838185 0.250000
vt 0.838185 0.000002
vt 0.869911 0.000002
vt 0.869911 0.249998
vt 0.375000 0.463185
vt 0.625000 0.463185
vt 0.625000 0.494911
vt 0.375000 0.494911
vt 0.375000 0.786815
vt 0.625000 0.786815
vt 0.375000 0.408833
vt 0.625000 0.408833
vt 0.375000 0.255511
vt 0.625000 0.255511
vt 0.375000 0.755089
vt 0.625000 0.755089
vt 0.251628 0.000000
vt 0.957073 0.000000
vt 0.928547 0.828541
vt 0.000000 1.000000
vt 0.000000 0.000000
vt 1.000000 0.000000
vt 1.000000 1.000000
vt 0.000000 1.000000
vt 0.000000 1.000000
vt 0.000000 0.000000
vt 0.000000 0.500000
vt 1.000000 0.000000
vt 0.000000 0.000000
vt 1.000000 0.000000
vt 1.000000 1.000000
vt 0.000000 1.000000
vt 0.000000 0.000000
vt 1.000000 0.000000
vt 1.000000 1.000000
vt 0.000000 1.000000
vt 0.000000 0.000000
vt 1.000000 0.000000
vt 1.000000 1.000000
vt 0.000000 1.000000
vt 0.000000 0.000000
vt 1.000000 0.000000
vt 1.000000 1.000000
vt 0.000000 1.000000
vt 0.000000 1.000000
vt 0.000000 0.000000
vt 1.000000 0.500000
vt 0.000000 1.000000
vt 0.000000 0.000000
vt 1.000000 0.000000
vt 1.000000 1.000000
vt 0.000000 1.000000
vt 0.000000 0.000000
vt 1.000000 0.000000
vt 1.000000 1.000000
vt 0.000000 1.000000
vt 0.000000 1.000000
vt 0.000000 0.000000
vt 0.000000 0.500000
vt 1.000000 0.000000
vt 0.000000 0.000000
vt 1.000000 0.000000
vt 1.000000 1.000000
vt 0.000000 1.000000
vt 0.000000 0.000000
vt 1.000000 0.000000
vt 1.000000 1.000000
vt 0.000000 1.000000
vt 0.000000 0.000000
vt 1.000000 0.000000
vt 1.000000 1.000000
vt 0.000000 1.000000
vt 0.000000 0.500000
vt 1.000000 0.000000
vt 1.000000 0.000000
vt 1.000000 1.000000
vt 0.000000 0.000000
vt 1.000000 0.000000
vt 1.000000 1.000000
vt 0.000000 1.000000
vt 0.000000 0.000000
vt 1.000000 0.000000
vt 1.000000 0.500000
vt 0.000000 0.500000
vt 0.000000 0.000000
vt 1.000000 0.000000
vt 1.000000 0.500000
vt 0.000000 0.500000
vt 1.000000 1.000000
vt 0.000000 1.000000
vt 1.000000 1.000000
vt 0.000000 1.000000
vt 0.000000 0.000000
vt 1.000000 0.000000
vt 1.000000 1.000000
vt 0.000000 1.000000
vt 0.000000 0.000000
vt 1.000000 0.000000
vt 1.000000 1.000000
vt 0.000000 1.000000
vt 0.000000 0.000000
vt 1.000000 0.000000
vt 1.000000 1.000000
vt 0.000000 1.000000
vt 0.000000 0.000000
vt 1.000000 0.000000
vt 1.000000 1.000000
vt 0.000000 1.000000
vt 0.375000 0.312500
vt 0.390625 0.312500
vt 0.390625 0.607716
vt 0.375000 0.607716
vt 0.406250 0.312500
vt 0.406250 0.607716
vt 0.421875 0.312500
vt 0.421875 0.607716
vt 0.437500 0.312500
vt 0.437500 0.607716
vt 0.453125 0.312500
vt 0.453125 0.607716
vt 0.468750 0.312500
vt 0.468750 0.607716
vt 0.484375 0.312500
vt 0.484375 0.607716
vt 0.500000 0.312500
vt 0.500000 0.607716
vt 0.515625 0.312500
vt 0.515625 0.607716
vt 0.531250 0.312500
vt 0.531250 0.607716
vt 0.546875 0.312500
vt 0.546875 0.607716
vt 0.562500 0.312500
vt 0.562500 0.607716
vt 0.578125 0.312500
vt 0.578125 0.607716
vt 0.593750 0.312500
vt 0.593750 0.607716
vt 0.609375 0.312500
vt 0.609375 0.607716
vt 0.625000 0.312500
vt 0.625000 0.607716
vt 0.610485 0.045765
vt 0.644356 0.096456
vt 0.500000 0.156250
vt 0.559794 0.011894
vt 0.500000 0.000000
vt 0.440206 0.011894
vt 0.389515 0.045765
vt 0.355644 0.096456
vt 0.343750 0.156250
vt 0.355644 0.216044
vt 0.389515 0.266735
vt 0.440206 0.300606
vt 0.500000 0.312500
vt 0.559794 0.300606
vt 0.610485 0.266735
vt 0.644356 0.216044
vt 0.656250 0.156250
vt 0.625000 0.607716
vt 0.609375 0.607716
vt 0.593750 0.607716
vt 0.578125 0.607716
vt 0.562500 0.607716
vt 0.546875 0.607716
vt 0.531250 0.607716
vt 0.515625 0.607716
vt 0.500000 0.607716
vt 0.484375 0.607716
vt 0.468750 0.607716
vt 0.453125 0.607716
vt 0.437500 0.607716
vt 0.421875 0.607716
vt 0.406250 0.607716
vt 0.390625 0.607716
vt 0.375000 0.607716
vt 0.396242 0.714052
vt 0.375000 0.671545
vt 0.390625 0.671545
vt 0.409212 0.714052
vt 0.625000 0.671545
vt 0.603758 0.714052
vt 0.590788 0.714052
vt 0.609375 0.671545
vt 0.577819 0.714052
vt 0.593750 0.671545
vt 0.564849 0.714052
vt 0.578125 0.671545
vt 0.551879 0.714052
vt 0.562500 0.671545
vt 0.538909 0.714052
vt 0.546875 0.671545
vt 0.525940 0.714052
vt 0.531250 0.671545
vt 0.512970 0.714052
vt 0.515625 0.671545
vt 0.500000 0.714052
vt 0.500000 0.671545
vt 0.487030 0.714052
vt 0.484375 0.671545
vt 0.474060 0.714052
vt 0.468750 0.671545
vt 0.461091 0.714052
vt 0.453125 0.671545
vt 0.448121 0.714052
vt 0.437500 0.671545
vt 0.435151 0.714052
vt 0.421875 0.671545
vt 0.422181 0.714052
vt 0.406250 0.671545
vt 0.500000 0.843750
vt 0.375000 0.312500
vt 0.387500 0.312500
vt 0.387500 0.610393
vt 0.375000 0.610393
vt 0.400000 0.312500
vt 0.400000 0.610393
vt 0.412500 0.312500
vt 0.412500 0.610393
vt 0.425000 0.312500
vt 0.425000 0.610393
vt 0.437500 0.312500
vt 0.437500 0.610393
vt 0.450000 0.312500
vt 0.450000 0.610393
vt 0.462500 0.312500
vt 0.462500 0.610393
vt 0.475000 0.312500
vt 0.475000 0.610393
vt 0.487500 0.312500
vt 0.487500 0.610393
vt 0.500000 0.312500
vt 0.500000 0.610393
vt 0.512500 0.312500
vt 0.512500 0.610393
vt 0.525000 0.312500
vt 0.525000 0.610393
vt 0.537500 0.312500
vt 0.537500 0.610393
vt 0.550000 0.312500
vt 0.550000 0.610393
vt 0.562500 0.312500
vt 0.562500 0.610393
vt 0.575000 0.312500
vt 0.575000 0.610393
vt 0.587500 0.312500
vt 0.587500 0.610393
vt 0.600000 0.312500
vt 0.600000 0.610393
vt 0.612500 0.312500
vt 0.612500 0.610393
vt 0.625000 0.312500
vt 0.625000 0.610393
vt 0.626409 0.064408
vt 0.648603 0.107966
vt 0.500000 0.156250
vt 0.591842 0.029841
vt 0.548284 0.007647
vt 0.500000 -0.000000
vt 0.451716 0.007647
vt 0.408159 0.029841
vt 0.373591 0.064409
vt 0.351397 0.107966
vt 0.343750 0.156250
vt 0.351397 0.204534
vt 0.373591 0.248091
vt 0.408159 0.282659
vt 0.451716 0.304853
vt 0.500000 0.312500
vt 0.548284 0.304853
vt 0.591841 0.282659
vt 0.626409 0.248091
vt 0.648603 0.204534
vt 0.656250 0.156250
vt 0.625000 0.687500
vt 0.612500 0.687500
vt 0.600000 0.687500
vt 0.587500 0.687500
vt 0.575000 0.687500
vt 0.562500 0.687500
vt 0.550000 0.687500
vt 0.537500 0.687500
vt 0.525000 0.687500
vt 0.512500 0.687500
vt 0.500000 0.687500
vt 0.487500 0.687500
vt 0.475000 0.687500
vt 0.462500 0.687500
vt 0.450000 0.687500
vt 0.437500 0.687500
vt 0.425000 0.687500
vt 0.412500 0.687500
vt 0.400000 0.687500
vt 0.387500 0.687500
vt 0.375000 0.687500
vt 0.375000 0.312500
vt 0.390625 0.312500
vt 0.390625 0.607716
vt 0.375000 0.607716
vt 0.406250 0.312500
vt 0.406250 0.607716
vt 0.421875 0.312500
vt 0.421875 0.607716
vt 0.437500 0.312500
vt 0.437500 0.607716
vt 0.453125 0.312500
vt 0.453125 0.607716
vt 0.468750 0.312500
vt 0.468750 0.607716
vt 0.484375 0.312500
vt 0.484375 0.607716
vt 0.500000 0.312500
vt 0.500000 0.607716
vt 0.515625 0.312500
vt 0.515625 0.607716
vt 0.531250 0.312500
vt 0.531250 0.607716
vt 0.546875 0.312500
vt 0.546875 0.607716
vt 0.562500 0.312500
vt 0.562500 0.607716
vt 0.578125 0.312500
vt 0.578125 0.607716
vt 0.593750 0.312500
vt 0.593750 0.607716
vt 0.609375 0.312500
vt 0.609375 0.607716
vt 0.625000 0.312500
vt 0.625000 0.607716
vt 0.610485 0.045765
vt 0.644356 0.096456
vt 0.500000 0.156250
vt 0.559794 0.011894
vt 0.500000 0.000000
vt 0.440206 0.011894
vt 0.389515 0.045765
vt 0.355644 0.096456
vt 0.343750 0.156250
vt 0.355644 0.216044
vt 0.389515 0.266735
vt 0.440206 0.300606
vt 0.500000 0.312500
vt 0.559794 0.300606
vt 0.610485 0.266735
vt 0.644356 0.216044
vt 0.656250 0.156250
vt 0.625000 0.607716
vt 0.609375 0.607716
vt 0.593750 0.607716
vt 0.578125 0.607716
vt 0.562500 0.607716
vt 0.546875 0.607716
vt 0.531250 0.607716
vt 0.515625 0.607716
vt 0.500000 0.607716
vt 0.484375 0.607716
vt 0.468750 0.607716
vt 0.453125 0.607716
vt 0.437500 0.607716
vt 0.421875 0.607716
vt 0.406250 0.607716
vt 0.390625 0.607716
vt 0.375000 0.607716
vt 0.396242 0.714052
vt 0.375000 0.671545
vt 0.390625 0.671545
vt 0.409212 0.714052
vt 0.625000 0.671545
vt 0.603758 0.714052
vt 0.590788 0.714052
vt 0.609375 0.671545
vt 0.577819 0.714052
vt 0.593750 0.671545
vt 0.564849 0.714052
vt 0.578125 0.671545
vt 0.551879 0.714052
vt 0.562500 0.671545
vt 0.538909 0.714052
vt 0.546875 0.671545
vt 0.525940 0.714052
vt 0.531250 0.671545
vt 0.512970 0.714052
vt 0.515625 0.671545
vt 0.500000 0.714052
vt 0.500000 0.671545
vt 0.487030 0.714052
vt 0.484375 0.671545
vt 0.474060 0.714052
vt 0.468750 0.671545
vt 0.461091 0.714052
vt 0.453125 0.671545
vt 0.448121 0.714052
vt 0.437500 0.671545
vt 0.435151 0.714052
vt 0.421875 0.671545
vt 0.422181 0.714052
vt 0.406250 0.671545
vt 0.500000 0.843750
vt 0.387500 0.312500
vt 0.387500 0.631731
vt 0.375000 0.631731
vt 0.375000 0.312500
vt 0.400000 0.631731
vt 0.400000 0.312500
vt 0.412500 0.631731
vt 0.412500 0.312500
vt 0.425000 0.631731
vt 0.425000 0.312500
vt 0.437500 0.631731
vt 0.437500 0.312500
vt 0.450000 0.631731
vt 0.450000 0.312500
vt 0.462500 0.631731
vt 0.462500 0.312500
vt 0.475000 0.631731
vt 0.475000 0.312500
vt 0.487500 0.631731
vt 0.487500 0.312500
vt 0.500000 0.631731
vt 0.500000 0.312500
vt 0.512500 0.631731
vt 0.512500 0.312500
vt 0.525000 0.631731
vt 0.525000 0.312500
vt 0.537500 0.631731
vt 0.537500 0.312500
vt 0.550000 0.631731
vt 0.550000 0.312500
vt 0.562500 0.631731
vt 0.562500 0.312500
vt 0.575000 0.631731
vt 0.575000 0.312500
vt 0.587500 0.631731
vt 0.587500 0.312500
vt 0.600000 0.631731
vt 0.600000 0.312500
vt 0.612500 0.631731
vt 0.612500 0.312500
vt 0.625000 0.631731
vt 0.625000 0.312500
vt 0.602110 0.082063
vt 0.620037 0.117248
vt 0.500000 0.156250
vt 0.574187 0.054140
vt 0.539002 0.036213
vt 0.500000 0.030035
vt 0.460998 0.036213
vt 0.425813 0.054140
vt 0.397890 0.082063
vt 0.379963 0.117248
vt 0.373785 0.156250
vt 0.379963 0.195252
vt 0.397890 0.230437
vt 0.425813 0.258360
vt 0.460998 0.276287
vt 0.500000 0.282464
vt 0.539002 0.276287
vt 0.574187 0.258360
vt 0.602110 0.230437
vt 0.620037 0.195252
vt 0.626215 0.156250
vt 0.648603 0.892034
vt 0.626409 0.935591
vt 0.500000 0.843750
vt 0.591841 0.970159
vt 0.548284 0.992353
vt 0.500000 1.000000
vt 0.451716 0.992353
vt 0.408159 0.970159
vt 0.373591 0.935591
vt 0.351397 0.892034
vt 0.343750 0.843750
vt 0.351397 0.795466
vt 0.373591 0.751909
vt 0.408159 0.717341
vt 0.451716 0.695147
vt 0.500000 0.687500
vt 0.548284 0.695147
vt 0.591842 0.717341
vt 0.626409 0.751908
vt 0.648603 0.795466
vt 0.656250 0.843750
vt 0.625000 0.687500
vt 0.612500 0.687500
vt 0.600000 0.687500
vt 0.587500 0.687500
vt 0.575000 0.687500
vt 0.562500 0.687500
vt 0.550000 0.687500
vt 0.537500 0.687500
vt 0.525000 0.687500
vt 0.512500 0.687500
vt 0.500000 0.687500
vt 0.487500 0.687500
vt 0.475000 0.687500
vt 0.462500 0.687500
vt 0.450000 0.687500
vt 0.437500 0.687500
vt 0.425000 0.687500
vt 0.412500 0.687500
vt 0.400000 0.687500
vt 0.387500 0.687500
vt 0.375000 0.687500
vt 0.648603 0.107966
vt 0.656250 0.156250
vt 0.626215 0.156250
vt 0.620037 0.117248
vt 0.648603 0.204534
vt 0.620037 0.195252
vt 0.626409 0.248091
vt 0.602110 0.230437
vt 0.591841 0.282659
vt 0.574187 0.258360
vt 0.548284 0.304853
vt 0.539002 0.276287
vt 0.500000 0.312500
vt 0.500000 0.282464
vt 0.451716 0.304853
vt 0.460998 0.276287
vt 0.408159 0.282659
vt 0.425813 0.258360
vt 0.373591 0.248091
vt 0.397890 0.230437
vt 0.351397 0.204534
vt 0.379963 0.195252
vt 0.343750 0.156250
vt 0.373785 0.156250
vt 0.351397 0.107966
vt 0.379963 0.117248
vt 0.373591 0.064409
vt 0.397890 0.082063
vt 0.408159 0.029841
vt 0.425813 0.054140
vt 0.451716 0.007647
vt 0.460998 0.036213
vt 0.500000 -0.000000
vt 0.500000 0.030035
vt 0.548284 0.007647
vt 0.539002 0.036213
vt 0.591842 0.029841
vt 0.574187 0.054140
vt 0.626409 0.064408
vt 0.602110 0.082063
vt 0.211582 0.531933
vt 0.217729 0.520570
vt 0.282271 0.520570
vt 0.288418 0.531933
vt 0.234633 0.509206
vt 0.265367 0.509206
vt 0.335576 0.545780
vt 0.346891 0.539544
vt 0.401188 0.574438
vt 0.400215 0.587321
vt 0.367255 0.539123
vt 0.393111 0.555739
vt 0.432401 0.624466
vt 0.445291 0.625336
vt 0.472103 0.684046
vt 0.464320 0.694358
vt 0.462650 0.635992
vt 0.475418 0.663949
vt 0.471314 0.743007
vt 0.481688 0.750709
vt 0.472502 0.814594
vt 0.460380 0.819061
vt 0.490530 0.769058
vt 0.486156 0.799479
vt 0.439962 0.863769
vt 0.444525 0.875856
vt 0.402259 0.924634
vt 0.389645 0.921838
vt 0.442043 0.896073
vt 0.421916 0.919300
vt 0.348298 0.948410
vt 0.345602 0.961045
vt 0.283674 0.979228
vt 0.274575 0.970057
vt 0.332584 0.976711
vt 0.303095 0.985369
vt 0.225425 0.970057
vt 0.216326 0.979228
vt 0.154398 0.961045
vt 0.151702 0.948410
vt 0.196905 0.985369
vt 0.167416 0.976711
vt 0.110355 0.921838
vt 0.097741 0.924634
vt 0.055475 0.875856
vt 0.060038 0.863769
vt 0.078084 0.919300
vt 0.057957 0.896073
vt 0.039621 0.819061
vt 0.027498 0.814594
vt 0.018312 0.750709
vt 0.028686 0.743007
vt 0.013844 0.799479
vt 0.009470 0.769058
vt 0.035680 0.694358
vt 0.027897 0.684046
vt 0.054709 0.625336
vt 0.067599 0.624466
vt 0.024582 0.663949
vt 0.037350 0.635992
vt 0.099785 0.587321
vt 0.098812 0.574438
vt 0.153109 0.539544
vt 0.164424 0.545780
vt 0.106889 0.555740
vt 0.132745 0.539123
vt 0.500000 1.000000
vt 0.500000 0.500000
vt 0.504010 0.500000
vt 0.504010 1.000000
vt 0.510331 0.500000
vt 0.510331 1.000000
vt 0.519870 0.500000
vt 0.519870 1.000000
vt 0.526191 0.500000
vt 0.526191 1.000000
vt 0.530201 0.500000
vt 0.530201 1.000000
vt 0.545455 0.500000
vt 0.545455 1.000000
vt 0.549464 0.500000
vt 0.549464 1.000000
vt 0.555786 0.500000
vt 0.555786 1.000000
vt 0.565324 0.500000
vt 0.565324 1.000000
vt 0.571646 0.500000
vt 0.571646 1.000000
vt 0.575655 0.500000
vt 0.575655 1.000000
vt 0.590909 0.500000
vt 0.590909 1.000000
vt 0.594919 0.500000
vt 0.594919 1.000000
vt 0.601240 0.500000
vt 0.601240 1.000000
vt 0.610779 0.500000
vt 0.610779 1.000000
vt 0.617100 0.500000
vt 0.617100 1.000000
vt 0.621110 0.500000
vt 0.621110 1.000000
vt 0.636364 0.500000
vt 0.636364 1.000000
vt 0.640373 0.500000
vt 0.640373 1.000000
vt 0.646695 0.500000
vt 0.646695 1.000000
vt 0.656233 0.500000
vt 0.656233 1.000000
vt 0.662555 0.500000
vt 0.662555 1.000000
vt 0.666564 0.500000
vt 0.666564 1.000000
vt 0.681818 0.500000
vt 0.681818 1.000000
vt 0.685828 0.500000
vt 0.685828 1.000000
vt 0.692149 0.500000
vt 0.692149 1.000000
vt 0.701688 0.500000
vt 0.701688 1.000000
vt 0.708009 0.500000
vt 0.708009 1.000000
vt 0.712019 0.500000
vt 0.712019 1.000000
vt 0.727273 0.500000
vt 0.727273 1.000000
vt 0.731282 0.500000
vt 0.731282 1.000000
vt 0.737604 0.500000
vt 0.737604 1.000000
vt 0.747142 0.500000
vt 0.747142 1.000000
vt 0.753464 0.500000
vt 0.753464 1.000000
vt 0.757474 0.500000
vt 0.757474 1.000000
vt 0.772727 0.500000
vt 0.772727 1.000000
vt 0.776737 0.500000
vt 0.776737 1.000000
vt 0.783058 0.500000
vt 0.783058 1.000000
vt 0.792597 0.500000
vt 0.792597 1.000000
vt 0.798918 0.500000
vt 0.798918 1.000000
vt 0.802928 0.500000
vt 0.802928 1.000000
vt 0.818182 0.500000
vt 0.818182 1.000000
vt 0.822191 0.500000
vt 0.822191 1.000000
vt 0.828513 0.500000
vt 0.828513 1.000000
vt 0.838051 0.500000
vt 0.838051 1.000000
vt 0.844373 0.500000
vt 0.844373 1.000000
vt 0.848383 0.500000
vt 0.848383 1.000000
vt 0.863636 0.500000
vt 0.863636 1.000000
vt 0.867646 0.500000
vt 0.867646 1.000000
vt 0.873967 0.500000
vt 0.873967 1.000000
vt 0.883506 0.500000
vt 0.883506 1.000000
vt 0.889827 0.500000
vt 0.889827 1.000000
vt 0.893837 0.500000
vt 0.893837 1.000000
vt 0.909091 0.500000
vt 0.909091 1.000000
vt 0.913100 0.500000
vt 0.913100 1.000000
vt 0.919422 0.500000
vt 0.919422 1.000000
vt 0.928961 0.500000
vt 0.928961 1.000000
vt 0.935282 0.500000
vt 0.935282 1.000000
vt 0.939292 0.500000
vt 0.939292 1.000000
vt 0.954545 0.500000
vt 0.954545 1.000000
vt 0.958555 0.500000
vt 0.958555 1.000000
vt 0.964877 0.500000
vt 0.964877 1.000000
vt 0.974415 0.500000
vt 0.974415 1.000000
vt 0.980737 0.500000
vt 0.980737 1.000000
vt 0.984746 0.500000
vt 0.984746 1.000000
vt 1.000000 0.500000
vt 1.000000 1.000000
vt 0.288418 0.468067
vt 0.282271 0.479430
vt 0.217729 0.479430
vt 0.211582 0.468067
vt 0.265367 0.490794
vt 0.234633 0.490794
vt 0.400215 0.412679
vt 0.401188 0.425562
vt 0.346891 0.460456
vt 0.335576 0.454220
vt 0.393111 0.444261
vt 0.367255 0.460877
vt 0.464320 0.305642
vt 0.472103 0.315954
vt 0.445291 0.374664
vt 0.432401 0.375534
vt 0.475418 0.336051
vt 0.462650 0.364008
vt 0.460380 0.180939
vt 0.472502 0.185406
vt 0.481688 0.249291
vt 0.471314 0.256993
vt 0.486156 0.200521
vt 0.490530 0.230942
vt 0.389645 0.078162
vt 0.402259 0.075366
vt 0.444525 0.124144
vt 0.439962 0.136231
vt 0.421916 0.080700
vt 0.442043 0.103927
vt 0.274575 0.029943
vt 0.283674 0.020771
vt 0.345602 0.038955
vt 0.348298 0.051590
vt 0.303095 0.014631
vt 0.332584 0.023289
vt 0.151702 0.051590
vt 0.154398 0.038955
vt 0.216326 0.020771
vt 0.225425 0.029943
vt 0.167416 0.023289
vt 0.196905 0.014631
vt 0.060038 0.136231
vt 0.055475 0.124144
vt 0.097741 0.075366
vt 0.110355 0.078162
vt 0.057957 0.103927
vt 0.078084 0.080700
vt 0.028686 0.256993
vt 0.018312 0.249291
vt 0.027498 0.185406
vt 0.039620 0.180939
vt 0.009470 0.230942
vt 0.013844 0.200521
vt 0.067599 0.375534
vt 0.054709 0.374664
vt 0.027897 0.315954
vt 0.035680 0.305642
vt 0.037350 0.364008
vt 0.024582 0.336051
vt 0.164424 0.454220
vt 0.153109 0.460456
vt 0.098812 0.425562
vt 0.099785 0.412679
vt 0.132745 0.460877
vt 0.106889 0.444261
vt 0.250000 0.750000
vt 0.250000 0.250000
vt 0.384022 0.250000
vt 0.384022 0.000000
vt 0.615978 0.000000
vt 0.615978 0.250000
vt 0.375000 0.500000
vt 0.625000 0.500000
vt 0.625000 0.750000
vt 0.375000 0.750000
vt 0.625000 0.875012
vt 0.375000 0.875012
vt 0.749988 0.250000
vt 0.749988 0.000000
vt 0.875000 0.000000
vt 0.875000 0.250000
vt 0.125000 0.000000
vt 0.250012 0.000000
vt 0.250012 0.250000
vt 0.125000 0.250000
vt 0.375000 0.374988
vt 0.625000 0.374988
vt 0.615978 1.000000
vt 0.384022 1.000000
vt 0.387500 0.312500
vt 0.387500 0.326384
vt 0.375000 0.326384
vt 0.375000 0.312500
vt 0.400000 0.326384
vt 0.400000 0.312500
vt 0.412500 0.326384
vt 0.412500 0.312500
vt 0.425000 0.326384
vt 0.425000 0.312500
vt 0.437500 0.326384
vt 0.437500 0.312500
vt 0.450000 0.326384
vt 0.450000 0.312500
vt 0.462500 0.326384
vt 0.462500 0.312500
vt 0.475000 0.326384
vt 0.475000 0.312500
vt 0.487500 0.326384
vt 0.487500 0.312500
vt 0.500000 0.326384
vt 0.500000 0.312500
vt 0.512500 0.326384
vt 0.512500 0.312500
vt 0.525000 0.326384
vt 0.525000 0.312500
vt 0.537500 0.326384
vt 0.537500 0.312500
vt 0.550000 0.326384
vt 0.550000 0.312500
vt 0.562500 0.326384
vt 0.562500 0.312500
vt 0.575000 0.326384
vt 0.575000 0.312500
vt 0.587500 0.326384
vt 0.587500 0.312500
vt 0.600000 0.326384
vt 0.600000 0.312500
vt 0.612500 0.326384
vt 0.612500 0.312500
vt 0.625000 0.326384
vt 0.625000 0.312500
vt 0.616041 0.071941
vt 0.636415 0.111926
vt 0.500000 0.156250
vt 0.584309 0.040209
vt 0.544324 0.019835
vt 0.500000 0.012815
vt 0.455676 0.019835
vt 0.415691 0.040209
vt 0.383959 0.071941
vt 0.363585 0.111926
vt 0.356565 0.156250
vt 0.363585 0.200574
vt 0.383959 0.240559
vt 0.415691 0.272291
vt 0.455676 0.292665
vt 0.500000 0.299685
vt 0.544324 0.292665
vt 0.584309 0.272291
vt 0.616041 0.240559
vt 0.636415 0.200574
vt 0.643435 0.156250
vt 0.648603 0.892034
vt 0.626409 0.935591
vt 0.500000 0.843750
vt 0.591841 0.970159
vt 0.548284 0.992353
vt 0.500000 1.000000
vt 0.451716 0.992353
vt 0.408159 0.970159
vt 0.373591 0.935591
vt 0.351397 0.892034
vt 0.343750 0.843750
vt 0.351397 0.795466
vt 0.373591 0.751909
vt 0.408159 0.717341
vt 0.451716 0.695147
vt 0.500000 0.687500
vt 0.548284 0.695147
vt 0.591842 0.717341
vt 0.626409 0.751908
vt 0.648603 0.795466
vt 0.656250 0.843750
vt 0.625000 0.358456
vt 0.612500 0.358456
vt 0.600000 0.358456
vt 0.587500 0.358456
vt 0.575000 0.358456
vt 0.562500 0.358456
vt 0.550000 0.358456
vt 0.537500 0.358456
vt 0.525000 0.358456
vt 0.512500 0.358456
vt 0.500000 0.358456
vt 0.487500 0.358456
vt 0.475000 0.358456
vt 0.462500 0.358456
vt 0.450000 0.358456
vt 0.437500 0.358456
vt 0.425000 0.358456
vt 0.412500 0.358456
vt 0.400000 0.358456
vt 0.387500 0.358456
vt 0.375000 0.358456
vt 0.625000 0.603608
vt 0.612500 0.603608
vt 0.600000 0.603608
vt 0.587500 0.603608
vt 0.575000 0.603608
vt 0.562500 0.603608
vt 0.550000 0.603608
vt 0.537500 0.603608
vt 0.525000 0.603608
vt 0.512500 0.603608
vt 0.500000 0.603608
vt 0.487500 0.603608
vt 0.475000 0.603608
vt 0.462500 0.603608
vt 0.450000 0.603608
vt 0.437500 0.603608
vt 0.425000 0.603608
vt 0.412500 0.603608
vt 0.400000 0.603608
vt 0.387500 0.603608
vt 0.375000 0.603608
vt 0.648603 0.107966
vt 0.656250 0.156250
vt 0.643435 0.156250
vt 0.636415 0.111926
vt 0.648603 0.204534
vt 0.636415 0.200574
vt 0.626409 0.248091
vt 0.616041 0.240559
vt 0.591841 0.282659
vt 0.584309 0.272291
vt 0.548284 0.304853
vt 0.544324 0.292665
vt 0.500000 0.312500
vt 0.500000 0.299685
vt 0.451716 0.304853
vt 0.455676 0.292665
vt 0.408159 0.282659
vt 0.415691 0.272291
vt 0.373591 0.248091
vt 0.383959 0.240559
vt 0.351397 0.204534
vt 0.363585 0.200574
vt 0.343750 0.156250
vt 0.356565 0.156250
vt 0.351397 0.107966
vt 0.363585 0.111926
vt 0.373591 0.064409
vt 0.383959 0.071941
vt 0.408159 0.029841
vt 0.415691 0.040209
vt 0.451716 0.007647
vt 0.455676 0.019835
vt 0.500000 -0.000000
vt 0.500000 0.012815
vt 0.548284 0.007647
vt 0.544324 0.019835
vt 0.591842 0.029841
vt 0.584309 0.040209
vt 0.626409 0.064408
vt 0.616041 0.071941
vt 0.625000 0.642281
vt 0.612500 0.642281
vt 0.600000 0.642281
vt 0.587500 0.642281
vt 0.575000 0.642281
vt 0.562500 0.642281
vt 0.550000 0.642281
vt 0.537500 0.642281
vt 0.525000 0.642281
vt 0.512500 0.642281
vt 0.500000 0.642281
vt 0.487500 0.642281
vt 0.475000 0.642281
vt 0.462500 0.642281
vt 0.450000 0.642281
vt 0.437500 0.642281
vt 0.425000 0.642281
vt 0.412500 0.642281
vt 0.400000 0.642281
vt 0.387500 0.642281
vt 0.375000 0.642281
vt 0.625000 0.687500
vt 0.612500 0.687500
vt 0.600000 0.687500
vt 0.587500 0.687500
vt 0.575000 0.687500
vt 0.562500 0.687500
vt 0.550000 0.687500
vt 0.537500 0.687500
vt 0.525000 0.687500
vt 0.512500 0.687500
vt 0.500000 0.687500
vt 0.487500 0.687500
vt 0.475000 0.687500
vt 0.462500 0.687500
vt 0.450000 0.687500
vt 0.437500 0.687500
vt 0.425000 0.687500
vt 0.412500 0.687500
vt 0.400000 0.687500
vt 0.387500 0.687500
vt 0.375000 0.687500
vt 0.375000 0.312500
vt 0.387500 0.312500
vt 0.387500 0.632565
vt 0.375000 0.632565
vt 0.400000 0.312500
vt 0.400000 0.632565
vt 0.412500 0.312500
vt 0.412500 0.632565
vt 0.425000 0.312500
vt 0.425000 0.632565
vt 0.437500 0.312500
vt 0.437500 0.632565
vt 0.450000 0.312500
vt 0.450000 0.632565
vt 0.462500 0.312500
vt 0.462500 0.632565
vt 0.475000 0.312500
vt 0.475000 0.632565
vt 0.487500 0.312500
vt 0.487500 0.632565
vt 0.500000 0.312500
vt 0.500000 0.632565
vt 0.512500 0.312500
vt 0.512500 0.632565
vt 0.525000 0.312500
vt 0.525000 0.632565
vt 0.537500 0.312500
vt 0.537500 0.632565
vt 0.550000 0.312500
vt 0.550000 0.632565
vt 0.562500 0.312500
vt 0.562500 0.632565
vt 0.575000 0.312500
vt 0.575000 0.632565
vt 0.587500 0.312500
vt 0.587500 0.632565
vt 0.600000 0.312500
vt 0.600000 0.632565
vt 0.612500 0.312500
vt 0.612500 0.632565
vt 0.625000 0.312500
vt 0.625000 0.632565
vt 0.626833 0.884961
vt 0.607891 0.922137
vt 0.500000 0.843750
vt 0.578387 0.951641
vt 0.541211 0.970583
vt 0.500000 0.977110
vt 0.458789 0.970583
vt 0.421613 0.951641
vt 0.392109 0.922137
vt 0.373167 0.884961
vt 0.366640 0.843750
vt 0.373167 0.802539
vt 0.392109 0.765363
vt 0.421613 0.735859
vt 0.458789 0.716917
vt 0.500000 0.710390
vt 0.541211 0.716917
vt 0.578387 0.735859
vt 0.607891 0.765363
vt 0.626833 0.802539
vt 0.633360 0.843750
vt 0.625000 0.638153
vt 0.612500 0.638153
vt 0.600000 0.638153
vt 0.587500 0.638153
vt 0.575000 0.638153
vt 0.562500 0.638153
vt 0.550000 0.638153
vt 0.537500 0.638153
vt 0.525000 0.638153
vt 0.512500 0.638153
vt 0.500000 0.638153
vt 0.487500 0.638153
vt 0.475000 0.638153
vt 0.462500 0.638153
vt 0.450000 0.638153
vt 0.437500 0.638153
vt 0.425000 0.638153
vt 0.412500 0.638153
vt 0.400000 0.638153
vt 0.387500 0.638153
vt 0.375000 0.638153
vt 0.626409 0.935591
vt 0.591841 0.970159
vt 0.578387 0.951641
vt 0.607891 0.922137
vt 0.548284 0.992353
vt 0.541211 0.970583
vt 0.500000 1.000000
vt 0.500000 0.977110
vt 0.451716 0.992353
vt 0.458789 0.970583
vt 0.408159 0.970159
vt 0.421613 0.951641
vt 0.373591 0.935591
vt 0.392109 0.922137
vt 0.351397 0.892034
vt 0.373167 0.884961
vt 0.343750 0.843750
vt 0.366640 0.843750
vt 0.351397 0.795466
vt 0.373167 0.802539
vt 0.373591 0.751909
vt 0.392109 0.765363
vt 0.408159 0.717341
vt 0.421613 0.735859
vt 0.451716 0.695147
vt 0.458789 0.716917
vt 0.500000 0.687500
vt 0.500000 0.710390
vt 0.548284 0.695147
vt 0.541211 0.716917
vt 0.591842 0.717341
vt 0.578387 0.735859
vt 0.626409 0.751908
vt 0.607891 0.765363
vt 0.648603 0.795466
vt 0.626833 0.802539
vt 0.656250 0.843750
vt 0.633360 0.843750
vt 0.648603 0.892034
vt 0.626833 0.884961
vt 0.625000 0.687500
vt 0.612500 0.687500
vt 0.600000 0.687500
vt 0.587500 0.687500
vt 0.575000 0.687500
vt 0.562500 0.687500
vt 0.550000 0.687500
vt 0.537500 0.687500
vt 0.525000 0.687500
vt 0.512500 0.687500
vt 0.500000 0.687500
vt 0.487500 0.687500
vt 0.475000 0.687500
vt 0.462500 0.687500
vt 0.450000 0.687500
vt 0.437500 0.687500
vt 0.425000 0.687500
vt 0.412500 0.687500
vt 0.400000 0.687500
vt 0.387500 0.687500
vt 0.375000 0.687500
vt 0.251628 0.000000
vt 0.957073 0.000000
vt 0.928547 0.828541
vt 0.000000 1.000000
vt 0.000000 0.000000
vt 1.000000 0.000000
vt 1.000000 1.000000
vt 0.000000 1.000000
vt 0.000000 1.000000
vt 0.000000 0.000000
vt 0.000000 0.500000
vt 1.000000 0.000000
vt 0.000000 0.000000
vt 1.000000 0.000000
vt 1.000000 1.000000
vt 0.000000 1.000000
vt 0.000000 0.000000
vt 1.000000 0.000000
vt 1.000000 1.000000
vt 0.000000 1.000000
vt 0.000000 0.000000
vt 1.000000 0.000000
vt 1.000000 1.000000
vt 0.000000 1.000000
vt 0.000000 0.000000
vt 1.000000 0.000000
vt 1.000000 1.000000
vt 0.000000 1.000000
vt 0.000000 1.000000
vt 0.000000 0.000000
vt 1.000000 0.500000
vt 0.000000 1.000000
vt 0.000000 0.000000
vt 1.000000 0.000000
vt 1.000000 1.000000
vt 0.000000 1.000000
vt 0.000000 0.000000
vt 1.000000 0.000000
vt 1.000000 1.000000
vt 0.000000 1.000000
vt 0.000000 1.000000
vt 0.000000 0.000000
vt 0.000000 0.500000
vt 1.000000 0.000000
vt 0.000000 0.000000
vt 1.000000 0.000000
vt 1.000000 1.000000
vt 0.000000 1.000000
vt 0.000000 0.000000
vt 1.000000 0.000000
vt 1.000000 1.000000
vt 0.000000 1.000000
vt 0.000000 0.000000
vt 1.000000 0.000000
vt 1.000000 1.000000
vt 0.000000 1.000000
vt 0.000000 0.500000
vt 1.000000 0.000000
vt 1.000000 0.000000
vt 1.000000 1.000000
vt 0.000000 0.000000
vt 1.000000 0.000000
vt 1.000000 1.000000
vt 0.000000 1.000000
vt 0.000000 0.000000
vt 1.000000 0.000000
vt 1.000000 0.500000
vt 0.000000 0.500000
vt 0.000000 0.000000
vt 1.000000 0.000000
vt 1.000000 0.500000
vt 0.000000 0.500000
vt 1.000000 1.000000
vt 0.000000 1.000000
vt 1.000000 1.000000
vt 0.000000 1.000000
vt 0.000000 0.000000
vt 1.000000 0.000000
vt 1.000000 1.000000
vt 0.000000 1.000000
vt 0.000000 0.000000
vt 1.000000 0.000000
vt 1.000000 1.000000
vt 0.000000 1.000000
vt 0.000000 0.000000
vt 1.000000 0.000000
vt 1.000000 1.000000
vt 0.000000 1.000000
vt 0.000000 0.000000
vt 1.000000 0.000000
vt 1.000000 1.000000
vt 0.000000 1.000000
vt 0.375000 0.000000
vt 0.625000 0.000000
vt 0.625000 0.250000
vt 0.375000 0.250000
vt 0.625000 0.500000
vt 0.375000 0.500000
vt 0.625000 0.750000
vt 0.375000 0.750000
vt 0.875000 0.000000
vt 0.875000 0.250000
vt 0.125000 0.000000
vt 0.125000 0.250000
vt 0.251628 0.000000
vt 0.957073 0.000000
vt 0.928547 0.828541
vt 0.000000 1.000000
vt 0.000000 0.000000
vt 1.000000 0.000000
vt 1.000000 1.000000
vt 0.000000 1.000000
vt 0.000000 1.000000
vt 0.000000 0.000000
vt 0.000000 0.500000
vt 1.000000 0.000000
vt 0.000000 0.000000
vt 1.000000 0.000000
vt 1.000000 1.000000
vt 0.000000 1.000000
vt 0.000000 0.000000
vt 1.000000 0.000000
vt 1.000000 1.000000
vt 0.000000 1.000000
vt 0.000000 0.000000
vt 1.000000 0.000000
vt 1.000000 1.000000
vt 0.000000 1.000000
vt 0.000000 0.000000
vt 1.000000 0.000000
vt 1.000000 1.000000
vt 0.000000 1.000000
vt 0.000000 1.000000
vt 0.000000 0.000000
vt 1.000000 0.500000
vt 0.000000 1.000000
vt 0.000000 0.000000
vt 1.000000 0.000000
vt 1.000000 1.000000
vt 0.000000 1.000000
vt 0.000000 0.000000
vt 1.000000 0.000000
vt 1.000000 1.000000
vt 0.000000 1.000000
vt 0.000000 1.000000
vt 0.000000 0.000000
vt 0.000000 0.500000
vt 1.000000 0.000000
vt 0.000000 0.000000
vt 1.000000 0.000000
vt 1.000000 1.000000
vt 0.000000 1.000000
vt 0.000000 0.000000
vt 1.000000 0.000000
vt 1.000000 1.000000
vt 0.000000 1.000000
vt 0.000000 0.000000
vt 1.000000 0.000000
vt 1.000000 1.000000
vt 0.000000 1.000000
vt 0.000000 0.500000
vt 1.000000 0.000000
vt 1.000000 0.000000
vt 1.000000 1.000000
vt 0.000000 0.000000
vt 1.000000 0.000000
vt 1.000000 1.000000
vt 0.000000 1.000000
vt 0.000000 0.000000
vt 1.000000 0.000000
vt 1.000000 0.500000
vt 0.000000 0.500000
vt 0.000000 0.000000
vt 1.000000 0.000000
vt 1.000000 0.500000
vt 0.000000 0.500000
vt 1.000000 1.000000
vt 0.000000 1.000000
vt 1.000000 1.000000
vt 0.000000 1.000000
vt 0.000000 0.000000
vt 1.000000 0.000000
vt 1.000000 1.000000
vt 0.000000 1.000000
vt 0.000000 0.000000
vt 1.000000 0.000000
vt 1.000000 1.000000
vt 0.000000 1.000000
vt 0.000000 0.000000
vt 1.000000 0.000000
vt 1.000000 1.000000
vt 0.000000 1.000000
vt 0.000000 0.000000
vt 1.000000 0.000000
vt 1.000000 1.000000
vt 0.000000 1.000000
vt 0.375000 0.312500
vt 0.387500 0.312500
vt 0.387500 0.610393
vt 0.375000 0.610393
vt 0.400000 0.312500
vt 0.400000 0.610393
vt 0.412500 0.312500
vt 0.412500 0.610393
vt 0.425000 0.312500
vt 0.425000 0.610393
vt 0.437500 0.312500
vt 0.437500 0.610393
vt 0.450000 0.312500
vt 0.450000 0.610393
vt 0.462500 0.312500
vt 0.462500 0.610393
vt 0.475000 0.312500
vt 0.475000 0.610393
vt 0.487500 0.312500
vt 0.487500 0.610393
vt 0.500000 0.312500
vt 0.500000 0.610393
vt 0.512500 0.312500
vt 0.512500 0.610393
vt 0.525000 0.312500
vt 0.525000 0.610393
vt 0.537500 0.312500
vt 0.537500 0.610393
vt 0.550000 0.312500
vt 0.550000 0.610393
vt 0.562500 0.312500
vt 0.562500 0.610393
vt 0.575000 0.312500
vt 0.575000 0.610393
vt 0.587500 0.312500
vt 0.587500 0.610393
vt 0.600000 0.312500
vt 0.600000 0.610393
vt 0.612500 0.312500
vt 0.612500 0.610393
vt 0.625000 0.312500
vt 0.625000 0.610393
vt 0.626409 0.064408
vt 0.648603 0.107966
vt 0.500000 0.156250
vt 0.591842 0.029841
vt 0.548284 0.007647
vt 0.500000 -0.000000
vt 0.451716 0.007647
vt 0.408159 0.029841
vt 0.373591 0.064409
vt 0.351397 0.107966
vt 0.343750 0.156250
vt 0.351397 0.204534
vt 0.373591 0.248091
vt 0.408159 0.282659
vt 0.451716 0.304853
vt 0.500000 0.312500
vt 0.548284 0.304853
vt 0.591841 0.282659
vt 0.626409 0.248091
vt 0.648603 0.204534
vt 0.656250 0.156250
vt 0.625000 0.687500
vt 0.612500 0.687500
vt 0.600000 0.687500
vt 0.587500 0.687500
vt 0.575000 0.687500
vt 0.562500 0.687500
vt 0.550000 0.687500
vt 0.537500 0.687500
vt 0.525000 0.687500
vt 0.512500 0.687500
vt 0.500000 0.687500
vt 0.487500 0.687500
vt 0.475000 0.687500
vt 0.462500 0.687500
vt 0.450000 0.687500
vt 0.437500 0.687500
vt 0.425000 0.687500
vt 0.412500 0.687500
vt 0.400000 0.687500
vt 0.387500 0.687500
vt 0.375000 0.687500
vt 0.381512 0.108007
vt 0.407041 -0.000000
vt 0.406262 0.222411
vt 0.380772 0.271830
vt 0.381508 0.350219
vt 0.381490 0.341710
vt 0.407047 0.250000
vt 0.381519 0.250000
vt 0.592959 -0.000000
vt 0.618488 0.108008
vt 0.618676 0.293297
vt 0.593106 0.255817
vt 0.618481 0.250000
vt 0.592953 0.250000
vt 0.407051 0.500000
vt 0.381517 0.477208
vt 0.381515 0.477203
vt 0.407052 0.500000
vt 0.381388 0.459364
vt 0.407047 0.750000
vt 0.381518 0.641993
vt 0.381555 0.277237
vt 0.407348 0.250000
vt 0.592960 0.500000
vt 0.618530 0.465496
vt 0.618482 0.641992
vt 0.592953 0.750000
vt 0.592952 0.500000
vt 0.618525 0.465495
vt 0.592651 0.250000
vt 0.618523 0.253090
vt 0.592953 0.250000
vt 0.618481 0.250000
vt 0.381519 0.250000
vt 0.407047 0.250000
vt 0.601385 0.876692
vt 0.586243 0.906409
vt 0.500000 0.843750
vt 0.562659 0.929993
vt 0.532942 0.945135
vt 0.500000 0.950352
vt 0.467058 0.945135
vt 0.437341 0.929993
vt 0.413757 0.906409
vt 0.398615 0.876692
vt 0.393398 0.843750
vt 0.398615 0.810808
vt 0.413757 0.781091
vt 0.437341 0.757507
vt 0.467058 0.742365
vt 0.500000 0.737148
vt 0.532942 0.742365
vt 0.562659 0.757507
vt 0.586243 0.781091
vt 0.601385 0.810808
vt 0.606602 0.843750
vt 0.625000 0.596270
vt 0.623324 0.687500
vt 0.614176 0.687500
vt 0.612500 0.596270
vt 0.376676 0.687500
vt 0.375000 0.596270
vt 0.387500 0.596270
vt 0.385824 0.687500
vt 0.389176 0.687500
vt 0.400000 0.596270
vt 0.398324 0.687500
vt 0.401676 0.687500
vt 0.412500 0.596270
vt 0.410824 0.687500
vt 0.414176 0.687500
vt 0.425000 0.596270
vt 0.423324 0.687500
vt 0.426676 0.687500
vt 0.437500 0.596270
vt 0.435824 0.687500
vt 0.439176 0.687500
vt 0.450000 0.596270
vt 0.448324 0.687500
vt 0.451676 0.687500
vt 0.462500 0.596270
vt 0.460824 0.687500
vt 0.464176 0.687500
vt 0.475000 0.596270
vt 0.473324 0.687500
vt 0.476676 0.687500
vt 0.487500 0.596270
vt 0.485824 0.687500
vt 0.489176 0.687500
vt 0.500000 0.596270
vt 0.498324 0.687500
vt 0.501676 0.687500
vt 0.512500 0.596270
vt 0.510824 0.687500
vt 0.514176 0.687500
vt 0.525000 0.596270
vt 0.523324 0.687500
vt 0.526676 0.687500
vt 0.537500 0.596270
vt 0.535824 0.687500
vt 0.539176 0.687500
vt 0.550000 0.596270
vt 0.548324 0.687500
vt 0.551676 0.687500
vt 0.562500 0.596270
vt 0.560824 0.687500
vt 0.564176 0.687500
vt 0.575000 0.596270
vt 0.573324 0.687500
vt 0.576676 0.687500
vt 0.587500 0.596270
vt 0.585824 0.687500
vt 0.589176 0.687500
vt 0.600000 0.596270
vt 0.598324 0.687500
vt 0.601676 0.687500
vt 0.610824 0.687500
vt 0.375000 0.312500
vt 0.387500 0.312500
vt 0.400000 0.312500
vt 0.412500 0.312500
vt 0.425000 0.312500
vt 0.437500 0.312500
vt 0.450000 0.312500
vt 0.462500 0.312500
vt 0.475000 0.312500
vt 0.487500 0.312500
vt 0.500000 0.312500
vt 0.512500 0.312500
vt 0.525000 0.312500
vt 0.537500 0.312500
vt 0.550000 0.312500
vt 0.562500 0.312500
vt 0.575000 0.312500
vt 0.587500 0.312500
vt 0.600000 0.312500
vt 0.612500 0.312500
vt 0.625000 0.312500
vt 0.606328 0.921002
vt 0.577252 0.950078
vt 0.562659 0.929993
vt 0.586243 0.906409
vt 0.540614 0.968746
vt 0.532942 0.945135
vt 0.500000 0.975179
vt 0.500000 0.950352
vt 0.459386 0.968746
vt 0.467058 0.945135
vt 0.422748 0.950078
vt 0.437341 0.929993
vt 0.393672 0.921002
vt 0.413757 0.906409
vt 0.375004 0.884364
vt 0.398615 0.876692
vt 0.368571 0.843750
vt 0.393398 0.843750
vt 0.375004 0.803136
vt 0.398615 0.810808
vt 0.393672 0.766498
vt 0.413757 0.781091
vt 0.422748 0.737422
vt 0.437341 0.757507
vt 0.459386 0.718754
vt 0.467058 0.742365
vt 0.500000 0.712321
vt 0.500000 0.737148
vt 0.540614 0.718754
vt 0.532942 0.742365
vt 0.577252 0.737422
vt 0.562659 0.757507
vt 0.606328 0.766498
vt 0.586243 0.781091
vt 0.624996 0.803136
vt 0.601385 0.810808
vt 0.631429 0.843750
vt 0.606602 0.843750
vt 0.624996 0.884364
vt 0.601385 0.876692
vt 0.251628 0.000000
vt 0.957073 0.000000
vt 0.928547 0.828541
vt 0.000000 1.000000
vt 0.000000 0.000000
vt 1.000000 0.000000
vt 1.000000 1.000000
vt 0.000000 1.000000
vt 0.000000 1.000000
vt 0.000000 0.000000
vt 0.000000 0.500000
vt 1.000000 0.000000
vt 0.000000 0.000000
vt 1.000000 0.000000
vt 1.000000 1.000000
vt 0.000000 1.000000
vt 0.000000 0.000000
vt 1.000000 0.000000
vt 1.000000 1.000000
vt 0.000000 1.000000
vt 0.000000 0.000000
vt 1.000000 0.000000
vt 1.000000 1.000000
vt 0.000000 1.000000
vt 0.000000 0.000000
vt 1.000000 0.000000
vt 1.000000 1.000000
vt 0.000000 1.000000
vt 0.000000 1.000000
vt 0.000000 0.000000
vt 1.000000 0.500000
vt 0.000000 1.000000
vt 0.000000 0.000000
vt 1.000000 0.000000
vt 1.000000 1.000000
vt 0.000000 1.000000
vt 0.000000 0.000000
vt 1.000000 0.000000
vt 1.000000 1.000000
vt 0.000000 1.000000
vt 0.000000 1.000000
vt 0.000000 0.000000
vt 0.000000 0.500000
vt 1.000000 0.000000
vt 0.000000 0.000000
vt 1.000000 0.000000
vt 1.000000 1.000000
vt 0.000000 1.000000
vt 0.000000 0.000000
vt 1.000000 0.000000
vt 1.000000 1.000000
vt 0.000000 1.000000
vt 0.000000 0.000000
vt 1.000000 0.000000
vt 1.000000 1.000000
vt 0.000000 1.000000
vt 0.000000 0.500000
vt 1.000000 0.000000
vt 1.000000 0.000000
vt 1.000000 1.000000
vt 0.000000 0.000000
vt 1.000000 0.000000
vt 1.000000 1.000000
vt 0.000000 1.000000
vt 0.000000 0.000000
vt 1.000000 0.000000
vt 1.000000 0.500000
vt 0.000000 0.500000
vt 0.000000 0.000000
vt 1.000000 0.000000
vt 1.000000 0.500000
vt 0.000000 0.500000
vt 1.000000 1.000000
vt 0.000000 1.000000
vt 1.000000 1.000000
vt 0.000000 1.000000
vt 0.000000 0.000000
vt 1.000000 0.000000
vt 1.000000 1.000000
vt 0.000000 1.000000
vt 0.000000 0.000000
vt 1.000000 0.000000
vt 1.000000 1.000000
vt 0.000000 1.000000
vt 0.000000 0.000000
vt 1.000000 0.000000
vt 1.000000 1.000000
vt 0.000000 1.000000
vt 0.000000 0.000000
vt 1.000000 0.000000
vt 1.000000 1.000000
vt 0.000000 1.000000
vt 0.387500 0.312500
vt 0.387500 0.326384
vt 0.375000 0.326384
vt 0.375000 0.312500
vt 0.400000 0.326384
vt 0.400000 0.312500
vt 0.412500 0.326384
vt 0.412500 0.312500
vt 0.425000 0.326384
vt 0.425000 0.312500
vt 0.437500 0.326384
vt 0.437500 0.312500
vt 0.450000 0.326384
vt 0.450000 0.312500
vt 0.462500 0.326384
vt 0.462500 0.312500
vt 0.475000 0.326384
vt 0.475000 0.312500
vt 0.487500 0.326384
vt 0.487500 0.312500
vt 0.500000 0.326384
vt 0.500000 0.312500
vt 0.512500 0.326384
vt 0.512500 0.312500
vt 0.525000 0.326384
vt 0.525000 0.312500
vt 0.537500 0.326384
vt 0.537500 0.312500
vt 0.550000 0.326384
vt 0.550000 0.312500
vt 0.562500 0.326384
vt 0.562500 0.312500
vt 0.575000 0.326384
vt 0.575000 0.312500
vt 0.587500 0.326384
vt 0.587500 0.312500
vt 0.600000 0.326384
vt 0.600000 0.312500
vt 0.612500 0.326384
vt 0.612500 0.312500
vt 0.625000 0.326384
vt 0.625000 0.312500
vt 0.616041 0.071941
vt 0.636415 0.111926
vt 0.500000 0.156250
vt 0.584309 0.040209
vt 0.544324 0.019835
vt 0.500000 0.012815
vt 0.455676 0.019835
vt 0.415691 0.040209
vt 0.383959 0.071941
vt 0.363585 0.111926
vt 0.356565 0.156250
vt 0.363585 0.200574
vt 0.383959 0.240559
vt 0.415691 0.272291
vt 0.455676 0.292665
vt 0.500000 0.299685
vt 0.544324 0.292665
vt 0.584309 0.272291
vt 0.616041 0.240559
vt 0.636415 0.200574
vt 0.643435 0.156250
vt 0.648603 0.892034
vt 0.626409 0.935591
vt 0.500000 0.843750
vt 0.591841 0.970159
vt 0.548284 0.992353
vt 0.500000 1.000000
vt 0.451716 0.992353
vt 0.408159 0.970159
vt 0.373591 0.935591
vt 0.351397 0.892034
vt 0.343750 0.843750
vt 0.351397 0.795466
vt 0.373591 0.751909
vt 0.408159 0.717341
vt 0.451716 0.695147
vt 0.500000 0.687500
vt 0.548284 0.695147
vt 0.591842 0.717341
vt 0.626409 0.751908
vt 0.648603 0.795466
vt 0.656250 0.843750
vt 0.625000 0.358456
vt 0.612500 0.358456
vt 0.600000 0.358456
vt 0.587500 0.358456
vt 0.575000 0.358456
vt 0.562500 0.358456
vt 0.550000 0.358456
vt 0.537500 0.358456
vt 0.525000 0.358456
vt 0.512500 0.358456
vt 0.500000 0.358456
vt 0.487500 0.358456
vt 0.475000 0.358456
vt 0.462500 0.358456
vt 0.450000 0.358456
vt 0.437500 0.358456
vt 0.425000 0.358456
vt 0.412500 0.358456
vt 0.400000 0.358456
vt 0.387500 0.358456
vt 0.375000 0.358456
vt 0.625000 0.603608
vt 0.612500 0.603608
vt 0.600000 0.603608
vt 0.587500 0.603608
vt 0.575000 0.603608
vt 0.562500 0.603608
vt 0.550000 0.603608
vt 0.537500 0.603608
vt 0.525000 0.603608
vt 0.512500 0.603608
vt 0.500000 0.603608
vt 0.487500 0.603608
vt 0.475000 0.603608
vt 0.462500 0.603608
vt 0.450000 0.603608
vt 0.437500 0.603608
vt 0.425000 0.603608
vt 0.412500 0.603608
vt 0.400000 0.603608
vt 0.387500 0.603608
vt 0.375000 0.603608
vt 0.648603 0.107966
vt 0.656250 0.156250
vt 0.643435 0.156250
vt 0.636415 0.111926
vt 0.648603 0.204534
vt 0.636415 0.200574
vt 0.626409 0.248091
vt 0.616041 0.240559
vt 0.591841 0.282659
vt 0.584309 0.272291
vt 0.548284 0.304853
vt 0.544324 0.292665
vt 0.500000 0.312500
vt 0.500000 0.299685
vt 0.451716 0.304853
vt 0.455676 0.292665
vt 0.408159 0.282659
vt 0.415691 0.272291
vt 0.373591 0.248091
vt 0.383959 0.240559
vt 0.351397 0.204534
vt 0.363585 0.200574
vt 0.343750 0.156250
vt 0.356565 0.156250
vt 0.351397 0.107966
vt 0.363585 0.111926
vt 0.373591 0.064409
vt 0.383959 0.071941
vt 0.408159 0.029841
vt 0.415691 0.040209
vt 0.451716 0.007647
vt 0.455676 0.019835
vt 0.500000 -0.000000
vt 0.500000 0.012815
vt 0.548284 0.007647
vt 0.544324 0.019835
vt 0.591842 0.029841
vt 0.584309 0.040209
vt 0.626409 0.064408
vt 0.616041 0.071941
vt 0.625000 0.642281
vt 0.612500 0.642281
vt 0.600000 0.642281
vt 0.587500 0.642281
vt 0.575000 0.642281
vt 0.562500 0.642281
vt 0.550000 0.642281
vt 0.537500 0.642281
vt 0.525000 0.642281
vt 0.512500 0.642281
vt 0.500000 0.642281
vt 0.487500 0.642281
vt 0.475000 0.642281
vt 0.462500 0.642281
vt 0.450000 0.642281
vt 0.437500 0.642281
vt 0.425000 0.642281
vt 0.412500 0.642281
vt 0.400000 0.642281
vt 0.387500 0.642281
vt 0.375000 0.642281
vt 0.625000 0.687500
vt 0.612500 0.687500
vt 0.600000 0.687500
vt 0.587500 0.687500
vt 0.575000 0.687500
vt 0.562500 0.687500
vt 0.550000 0.687500
vt 0.537500 0.687500
vt 0.525000 0.687500
vt 0.512500 0.687500
vt 0.500000 0.687500
vt 0.487500 0.687500
vt 0.475000 0.687500
vt 0.462500 0.687500
vt 0.450000 0.687500
vt 0.437500 0.687500
vt 0.425000 0.687500
vt 0.412500 0.687500
vt 0.400000 0.687500
vt 0.387500 0.687500
vt 0.375000 0.687500
vt 0.412496 0.250000
vt 0.412496 0.000000
vt 0.587504 0.000000
vt 0.587504 0.250000
vt 0.412496 0.749998
vt 0.412496 0.500002
vt 0.587504 0.500002
vt 0.587504 0.749998
vt 0.375000 0.841167
vt 0.625000 0.841167
vt 0.625000 0.994489
vt 0.587504 1.000000
vt 0.412496 1.000000
vt 0.375000 0.994489
vt 0.630511 0.250000
vt 0.630511 0.000000
vt 0.783833 0.000000
vt 0.783833 0.250000
vt 0.216167 0.250000
vt 0.216167 0.000000
vt 0.369489 0.000000
vt 0.369489 0.250000
vt 0.130089 0.249998
vt 0.130089 0.000002
vt 0.161815 0.000000
vt 0.161815 0.249998
vt 0.838185 0.250000
vt 0.838185 0.000002
vt 0.869911 0.000002
vt 0.869911 0.249998
vt 0.375000 0.463185
vt 0.625000 0.463185
vt 0.625000 0.494911
vt 0.375000 0.494911
vt 0.375000 0.786815
vt 0.625000 0.786815
vt 0.375000 0.408833
vt 0.625000 0.408833
vt 0.375000 0.255511
vt 0.625000 0.255511
vt 0.375000 0.755089
vt 0.625000 0.755089
vt 0.375000 0.312500
vt 0.400000 0.312500
vt 0.400000 0.687500
vt 0.375000 0.687500
vt 0.425000 0.312500
vt 0.425000 0.687500
vt 0.450000 0.312500
vt 0.450000 0.687500
vt 0.475000 0.312500
vt 0.475000 0.687500
vt 0.500000 0.312500
vt 0.500000 0.687500
vt 0.525000 0.312500
vt 0.525000 0.687500
vt 0.550000 0.312500
vt 0.550000 0.687500
vt 0.575000 0.312500
vt 0.575000 0.687500
vt 0.600000 0.312500
vt 0.600000 0.687500
vt 0.625000 0.312500
vt 0.625000 0.687500
vt 0.375000 0.312500
vt 0.387500 0.312500
vt 0.387500 0.610393
vt 0.375000 0.610393
vt 0.400000 0.312500
vt 0.400000 0.610393
vt 0.412500 0.312500
vt 0.412500 0.610393
vt 0.425000 0.312500
vt 0.425000 0.610393
vt 0.437500 0.312500
vt 0.437500 0.610393
vt 0.450000 0.312500
vt 0.450000 0.610393
vt 0.462500 0.312500
vt 0.462500 0.610393
vt 0.475000 0.312500
vt 0.475000 0.610393
vt 0.487500 0.312500
vt 0.487500 0.610393
vt 0.500000 0.312500
vt 0.500000 0.610393
vt 0.512500 0.312500
vt 0.512500 0.610393
vt 0.525000 0.312500
vt 0.525000 0.610393
vt 0.537500 0.312500
vt 0.537500 0.610393
vt 0.550000 0.312500
vt 0.550000 0.610393
vt 0.562500 0.312500
vt 0.562500 0.610393
vt 0.575000 0.312500
vt 0.575000 0.610393
vt 0.587500 0.312500
vt 0.587500 0.610393
vt 0.600000 0.312500
vt 0.600000 0.610393
vt 0.612500 0.312500
vt 0.612500 0.610393
vt 0.625000 0.312500
vt 0.625000 0.610393
vt 0.626409 0.064408
vt 0.648603 0.107966
vt 0.500000 0.156250
vt 0.591842 0.029841
vt 0.548284 0.007647
vt 0.500000 -0.000000
vt 0.451716 0.007647
vt 0.408159 0.029841
vt 0.373591 0.064409
vt 0.351397 0.107966
vt 0.343750 0.156250
vt 0.351397 0.204534
vt 0.373591 0.248091
vt 0.408159 0.282659
vt 0.451716 0.304853
vt 0.500000 0.312500
vt 0.548284 0.304853
vt 0.591841 0.282659
vt 0.626409 0.248091
vt 0.648603 0.204534
vt 0.656250 0.156250
vt 0.625000 0.687500
vt 0.612500 0.687500
vt 0.600000 0.687500
vt 0.587500 0.687500
vt 0.575000 0.687500
vt 0.562500 0.687500
vt 0.550000 0.687500
vt 0.537500 0.687500
vt 0.525000 0.687500
vt 0.512500 0.687500
vt 0.500000 0.687500
vt 0.487500 0.687500
vt 0.475000 0.687500
vt 0.462500 0.687500
vt 0.450000 0.687500
vt 0.437500 0.687500
vt 0.425000 0.687500
vt 0.412500 0.687500
vt 0.400000 0.687500
vt 0.387500 0.687500
vt 0.375000 0.687500
vt 0.375000 0.941463
vt 0.458333 0.941463
vt 0.451824 1.000000
vt 0.379565 1.000000
vt 0.375000 0.995525
vt 0.541667 0.941463
vt 0.550087 1.000000
vt 0.625000 0.941463
vt 0.625000 0.995525
vt 0.620435 1.000000
vt 0.455478 0.008426
vt 0.544818 0.006934
vt 0.539738 -0.000000
vt 0.460262 0.000000
vt 0.544973 0.748412
vt 0.455511 0.748242
vt 0.460262 0.750000
vt 0.539738 0.750000
vt 0.620435 0.750000
vt 0.625000 0.753116
vt 0.541915 0.240071
vt 0.539738 0.250000
vt 0.541689 0.306696
vt 0.539738 0.308537
vt 0.460262 0.250000
vt 0.458109 0.240188
vt 0.460262 0.308537
vt 0.458313 0.306706
vt 0.541668 0.502139
vt 0.539738 0.500000
vt 0.460262 0.500000
vt 0.458332 0.502139
vt 0.375000 0.753116
vt 0.379565 0.750000
vt 0.370525 0.000000
vt 0.379565 0.000000
vt 0.379318 0.250000
vt 0.370457 0.228075
vt 0.375000 0.250000
vt 0.379038 0.308537
vt 0.375000 0.300037
vt 0.620435 0.000000
vt 0.629475 0.000000
vt 0.629543 0.228075
vt 0.620682 0.250000
vt 0.625000 0.250000
vt 0.625000 0.299962
vt 0.620962 0.308537
vt 0.315888 0.231129
vt 0.316463 0.250000
vt 0.125000 0.250000
vt 0.128173 0.231029
vt 0.683537 0.250000
vt 0.684117 0.230958
vt 0.871827 0.231029
vt 0.875000 0.250000
vt 0.375000 0.518971
vt 0.379290 0.500000
vt 0.620709 0.500000
vt 0.625000 0.518971
vt 0.683537 0.000000
vt 0.316463 0.000000
vt 0.128116 -0.000000
vt 0.871884 0.000000
vt 0.251628 0.000000
vt 0.957073 0.000000
vt 0.928547 0.828541
vt 0.000000 1.000000
vt 0.000000 0.000000
vt 1.000000 0.000000
vt 1.000000 1.000000
vt 0.000000 1.000000
vt 0.000000 1.000000
vt 0.000000 0.000000
vt 0.000000 0.500000
vt 1.000000 0.000000
vt 0.000000 0.000000
vt 1.000000 0.000000
vt 1.000000 1.000000
vt 0.000000 1.000000
vt 0.000000 0.000000
vt 1.000000 0.000000
vt 1.000000 1.000000
vt 0.000000 1.000000
vt 0.000000 0.000000
vt 1.000000 0.000000
vt 1.000000 1.000000
vt 0.000000 1.000000
vt 0.000000 0.000000
vt 1.000000 0.000000
vt 1.000000 1.000000
vt 0.000000 1.000000
vt 0.000000 1.000000
vt 0.000000 0.000000
vt 1.000000 0.500000
vt 0.000000 1.000000
vt 0.000000 0.000000
vt 1.000000 0.000000
vt 1.000000 1.000000
vt 0.000000 1.000000
vt 0.000000 0.000000
vt 1.000000 0.000000
vt 1.000000 1.000000
vt 0.000000 1.000000
vt 0.000000 1.000000
vt 0.000000 0.000000
vt 0.000000 0.500000
vt 1.000000 0.000000
vt 0.000000 0.000000
vt 1.000000 0.000000
vt 1.000000 1.000000
vt 0.000000 1.000000
vt 0.000000 0.000000
vt 1.000000 0.000000
vt 1.000000 1.000000
vt 0.000000 1.000000
vt 0.000000 0.000000
vt 1.000000 0.000000
vt 1.000000 1.000000
vt 0.000000 1.000000
vt 0.000000 0.500000
vt 1.000000 0.000000
vt 1.000000 0.000000
vt 1.000000 1.000000
vt 0.000000 0.000000
vt 1.000000 0.000000
vt 1.000000 1.000000
vt 0.000000 1.000000
vt 0.000000 0.000000
vt 1.000000 0.000000
vt 1.000000 0.500000
vt 0.000000 0.500000
vt 0.000000 0.000000
vt 1.000000 0.000000
vt 1.000000 0.500000
vt 0.000000 0.500000
vt 1.000000 1.000000
vt 0.000000 1.000000
vt 1.000000 1.000000
vt 0.000000 1.000000
vt 0.000000 0.000000
vt 1.000000 0.000000
vt 1.000000 1.000000
vt 0.000000 1.000000
vt 0.000000 0.000000
vt 1.000000 0.000000
vt 1.000000 1.000000
vt 0.000000 1.000000
vt 0.000000 0.000000
vt 1.000000 0.000000
vt 1.000000 1.000000
vt 0.000000 1.000000
vt 0.000000 0.000000
vt 1.000000 0.000000
vt 1.000000 1.000000
vt 0.000000 1.000000
vt 0.188060 0.000000
vt 0.188060 0.999997
vt 0.000000 1.000000
vt 0.000000 0.000000
vt 0.770003 0.000000
vt 0.770003 1.000000
vt 0.229997 1.000000
vt 0.229997 0.000000
vt 1.000000 0.000000
vt 1.000000 0.999998
vt 0.811940 0.999997
vt 0.811940 0.000000
vt 0.375000 0.200005
vt 0.625000 0.200005
vt 0.612055 0.250000
vt 0.387945 0.250000
vt 0.375000 0.049995
vt 0.387945 0.000000
vt 0.612055 0.000000
vt 0.625000 0.049995
vt 0.140439 0.200005
vt 0.125000 0.183440
vt 0.125000 0.066560
vt 0.140439 0.049995
vt 0.385355 0.566560
vt 0.375000 0.528381
vt 0.387945 0.484561
vt 0.392234 0.539992
vt 0.375000 0.718532
vt 0.385355 0.683440
vt 0.392234 0.710008
vt 0.387945 0.765439
vt 0.612055 0.484561
vt 0.607766 0.539992
vt 0.625000 0.528381
vt 0.625000 0.549995
vt 0.875000 0.183440
vt 0.859561 0.200005
vt 0.859561 0.049995
vt 0.875000 0.066560
vt 0.614645 0.683440
vt 0.625000 0.718531
vt 0.612055 0.765439
vt 0.607766 0.710008
vt 0.614645 0.566560
vt 0.625000 0.200005
vt 0.612055 0.250000
vt 0.612055 0.250000
vt 0.625000 0.200005
vt 0.625000 0.200005
vt 0.612055 0.250000
vt 0.387945 0.250000
vt 0.387945 0.250000
vt 0.387945 0.250000
vt 0.375000 0.200005
vt 0.375000 0.200005
vt 0.375000 0.200005
vt 0.375000 0.049996
vt 0.387945 0.000001
vt 0.387945 0.000000
vt 0.375000 0.049995
vt 0.375000 0.049995
vt 0.387945 0.000000
vt 0.612055 0.000000
vt 0.612055 0.000000
vt 0.612055 0.000000
vt 0.625000 0.049996
vt 0.625000 0.049995
vt 0.625000 0.049995
vt 0.387945 0.253916
vt 0.612055 0.253916
vt 0.375000 0.205488
vt 0.625000 0.205489
vt 0.371084 0.200005
vt 0.371083 0.049995
vt 0.628916 0.200005
vt 0.628916 0.049995
vt 0.387945 0.996084
vt 0.385552 1.000000
vt 0.375000 1.000000
vt 0.375000 0.995301
vt 0.389033 1.000000
vt 0.612055 0.996084
vt 0.610967 1.000000
vt 0.614448 1.000000
vt 0.625000 0.995300
vt 0.625000 1.000000
vt 0.375000 0.000000
vt 0.625000 0.000000
vt 0.625000 0.250000
vt 0.375000 0.250000
vt 0.625000 0.500000
vt 0.375000 0.500000
vt 0.625000 0.750000
vt 0.375000 0.750000
vt 0.625000 1.000000
vt 0.375000 1.000000
vt 0.875000 0.000000
vt 0.875000 0.250000
vt 0.125000 0.000000
vt 0.125000 0.250000
vt 0.375000 0.076791
vt 0.412497 0.055142
vt 0.712504 0.228352
vt 0.712504 0.271648
vt 0.412496 0.444858
vt 0.375000 0.423209
vt 0.375000 0.072357
vt 0.408657 0.052925
vt 0.262465 0.514958
vt 0.264959 0.500000
vt 0.470083 0.910249
vt 0.467590 0.925207
vt 0.529917 0.910249
vt 0.500000 0.910249
vt 0.568375 0.500000
vt 0.575854 0.514959
vt 0.401708 0.500000
vt 0.414173 0.514958
vt 0.408657 0.447075
vt 0.375000 0.427643
vt 0.716343 0.230568
vt 0.716343 0.269432
vt 0.431625 0.500000
vt 0.598292 0.500000
vt 0.735042 0.500000
vt 0.540290 0.171455
vt 0.500000 0.171455
vt 0.500000 0.000000
vt 0.540290 0.000000
vt 0.500000 0.500000
vt 0.500000 0.250000
vt 0.540290 0.250000
vt 0.540290 0.500000
vt 0.500000 0.750000
vt 0.500000 0.578545
vt 0.540290 0.578545
vt 0.540290 0.750000
vt 0.459711 0.171455
vt 0.459711 0.000000
vt 0.459711 0.500000
vt 0.459711 0.250000
vt 0.459711 0.750000
vt 0.459711 0.578545
vt 0.459711 1.000000
vt 0.540290 1.000000
vt 0.500000 1.000000
vt 0.500000 0.508420
vt 0.459711 0.508420
vt 0.540290 0.508420
vt 0.500000 0.241580
vt 0.540290 0.241580
vt 0.459711 0.241580
vt 0.459711 0.241580
vt 0.500000 0.241580
vt 0.459711 0.171455
vt 0.500000 0.171455
vt 0.540290 0.241580
vt 0.540290 0.171455
vt 0.355596 0.013209
vt 0.385355 0.003645
vt 0.385355 0.171455
vt 0.355596 0.171455
vt 0.390811 0.994544
vt 0.375000 0.980596
vt 0.375000 0.769404
vt 0.390811 0.755456
vt 0.192928 0.143628
vt 0.144404 0.013209
vt 0.144404 0.171455
vt 0.192928 0.247436
vt 0.385355 0.241580
vt 0.355596 0.241580
vt 0.385355 0.246576
vt 0.644404 0.013209
vt 0.614645 0.190289
vt 0.807072 0.143628
vt 0.855596 0.013209
vt 0.614645 0.003645
vt 0.644404 0.171455
vt 0.614645 0.171455
vt 0.807072 0.247436
vt 0.855596 0.171455
vt 0.644404 0.241580
vt 0.614645 0.241580
vt 0.614645 0.246576
vt 0.375000 0.269404
vt 0.390811 0.255456
vt 0.390811 0.494544
vt 0.375000 0.480596
vt 0.144404 0.241580
vt 0.192928 0.293237
vt 0.192928 0.291384
vt 0.609189 0.255456
vt 0.625000 0.269404
vt 0.625000 0.480596
vt 0.609189 0.494544
vt 0.609189 0.503424
vt 0.625000 0.508419
vt 0.625000 0.508420
vt 0.609189 0.508420
vt 0.807073 0.291384
vt 0.855596 0.241580
vt 0.855596 0.241581
vt 0.251628 0.000000
vt 0.957073 0.000000
vt 0.928547 0.828541
vt 0.000000 1.000000
vt 0.000000 0.000000
vt 1.000000 0.000000
vt 1.000000 1.000000
vt 0.000000 1.000000
vt 0.000000 1.000000
vt 0.000000 0.000000
vt 0.000000 0.500000
vt 1.000000 0.000000
vt 0.000000 0.000000
vt 1.000000 0.000000
vt 1.000000 1.000000
vt 0.000000 1.000000
vt 0.000000 0.000000
vt 1.000000 0.000000
vt 1.000000 1.000000
vt 0.000000 1.000000
vt 0.000000 0.000000
vt 1.000000 0.000000
vt 1.000000 1.000000
vt 0.000000 1.000000
vt 0.000000 0.000000
vt 1.000000 0.000000
vt 1.000000 1.000000
vt 0.000000 1.000000
vt 0.000000 1.000000
vt 0.000000 0.000000
vt 1.000000 0.500000
vt 0.000000 1.000000
vt 0.000000 0.000000
vt 1.000000 0.000000
vt 1.000000 1.000000
vt 0.000000 1.000000
vt 0.000000 0.000000
vt 1.000000 0.000000
vt 1.000000 1.000000
vt 0.000000 1.000000
vt 0.000000 1.000000
vt 0.000000 0.000000
vt 0.000000 0.500000
vt 1.000000 0.000000
vt 0.000000 0.000000
vt 1.000000 0.000000
vt 1.000000 1.000000
vt 0.000000 1.000000
vt 0.000000 0.000000
vt 1.000000 0.000000
vt 1.000000 1.000000
vt 0.000000 1.000000
vt 0.000000 0.000000
vt 1.000000 0.000000
vt 1.000000 1.000000
vt 0.000000 1.000000
vt 0.000000 0.500000
vt 1.000000 0.000000
vt 1.000000 0.000000
vt 1.000000 1.000000
vt 0.000000 0.000000
vt 1.000000 0.000000
vt 1.000000 1.000000
vt 0.000000 1.000000
vt 0.000000 0.000000
vt 1.000000 0.000000
vt 1.000000 0.500000
vt 0.000000 0.500000
vt 0.000000 0.000000
vt 1.000000 0.000000
vt 1.000000 0.500000
vt 0.000000 0.500000
vt 1.000000 1.000000
vt 0.000000 1.000000
vt 1.000000 1.000000
vt 0.000000 1.000000
vt 0.000000 0.000000
vt 1.000000 0.000000
vt 1.000000 1.000000
vt 0.000000 1.000000
vt 0.000000 0.000000
vt 1.000000 0.000000
vt 1.000000 1.000000
vt 0.000000 1.000000
vt 0.000000 0.000000
vt 1.000000 0.000000
vt 1.000000 1.000000
vt 0.000000 1.000000
vt 0.000000 0.000000
vt 1.000000 0.000000
vt 1.000000 1.000000
vt 0.000000 1.000000
vt 0.251628 0.000000
vt 0.957073 0.000000
vt 0.928547 0.828541
vt 0.000000 1.000000
vt 0.000000 0.000000
vt 1.000000 0.000000
vt 1.000000 1.000000
vt 0.000000 1.000000
vt 0.000000 1.000000
vt 0.000000 0.000000
vt 0.000000 0.500000
vt 1.000000 0.000000
vt 0.000000 0.000000
vt 1.000000 0.000000
vt 1.000000 1.000000
vt 0.000000 1.000000
vt 0.000000 0.000000
vt 1.000000 0.000000
vt 1.000000 1.000000
vt 0.000000 1.000000
vt 0.000000 0.000000
vt 1.000000 0.000000
vt 1.000000 1.000000
vt 0.000000 1.000000
vt 0.000000 0.000000
vt 1.000000 0.000000
vt 1.000000 1.000000
vt 0.000000 1.000000
vt 0.000000 1.000000
vt 0.000000 0.000000
vt 1.000000 0.500000
vt 0.000000 1.000000
vt 0.000000 0.000000
vt 1.000000 0.000000
vt 1.000000 1.000000
vt 0.000000 1.000000
vt 0.000000 0.000000
vt 1.000000 0.000000
vt 1.000000 1.000000
vt 0.000000 1.000000
vt 0.000000 1.000000
vt 0.000000 0.000000
vt 0.000000 0.500000
vt 1.000000 0.000000
vt 0.000000 0.000000
vt 1.000000 0.000000
vt 1.000000 1.000000
vt 0.000000 1.000000
vt 0.000000 0.000000
vt 1.000000 0.000000
vt 1.000000 1.000000
vt 0.000000 1.000000
vt 0.000000 0.000000
vt 1.000000 0.000000
vt 1.000000 1.000000
vt 0.000000 1.000000
vt 0.000000 0.500000
vt 1.000000 0.000000
vt 1.000000 0.000000
vt 1.000000 1.000000
vt 0.000000 0.000000
vt 1.000000 0.000000
vt 1.000000 1.000000
vt 0.000000 1.000000
vt 0.000000 0.000000
vt 1.000000 0.000000
vt 1.000000 0.500000
vt 0.000000 0.500000
vt 0.000000 0.000000
vt 1.000000 0.000000
vt 1.000000 0.500000
vt 0.000000 0.500000
vt 1.000000 1.000000
vt 0.000000 1.000000
vt 1.000000 1.000000
vt 0.000000 1.000000
vt 0.000000 0.000000
vt 1.000000 0.000000
vt 1.000000 1.000000
vt 0.000000 1.000000
vt 0.000000 0.000000
vt 1.000000 0.000000
vt 1.000000 1.000000
vt 0.000000 1.000000
vt 0.000000 0.000000
vt 1.000000 0.000000
vt 1.000000 1.000000
vt 0.000000 1.000000
vt 0.000000 0.000000
vt 1.000000 0.000000
vt 1.000000 1.000000
vt 0.000000 1.000000
vt 0.375000 0.312500
vt 0.387500 0.312500
vt 0.387500 0.632565
vt 0.375000 0.632565
vt 0.400000 0.312500
vt 0.400000 0.632565
vt 0.412500 0.312500
vt 0.412500 0.632565
vt 0.425000 0.312500
vt 0.425000 0.632565
vt 0.437500 0.312500
vt 0.437500 0.632565
vt 0.450000 0.312500
vt 0.450000 0.632565
vt 0.462500 0.312500
vt 0.462500 0.632565
vt 0.475000 0.312500
vt 0.475000 0.632565
vt 0.487500 0.312500
vt 0.487500 0.632565
vt 0.500000 0.312500
vt 0.500000 0.632565
vt 0.512500 0.312500
vt 0.512500 0.632565
vt 0.525000 0.312500
vt 0.525000 0.632565
vt 0.537500 0.312500
vt 0.537500 0.632565
vt 0.550000 0.312500
vt 0.550000 0.632565
vt 0.562500 0.312500
vt 0.562500 0.632565
vt 0.575000 0.312500
vt 0.575000 0.632565
vt 0.587500 0.312500
vt 0.587500 0.632565
vt 0.600000 0.312500
vt 0.600000 0.632565
vt 0.612500 0.312500
vt 0.612500 0.632565
vt 0.625000 0.312500
vt 0.625000 0.632565
vt 0.626833 0.884961
vt 0.607891 0.922137
vt 0.500000 0.843750
vt 0.578387 0.951641
vt 0.541211 0.970583
vt 0.500000 0.977110
vt 0.458789 0.970583
vt 0.421613 0.951641
vt 0.392109 0.922137
vt 0.373167 0.884961
vt 0.366640 0.843750
vt 0.373167 0.802539
vt 0.392109 0.765363
vt 0.421613 0.735859
vt 0.458789 0.716917
vt 0.500000 0.710390
vt 0.541211 0.716917
vt 0.578387 0.735859
vt 0.607891 0.765363
vt 0.626833 0.802539
vt 0.633360 0.843750
vt 0.625000 0.638153
vt 0.612500 0.638153
vt 0.600000 0.638153
vt 0.587500 0.638153
vt 0.575000 0.638153
vt 0.562500 0.638153
vt 0.550000 0.638153
vt 0.537500 0.638153
vt 0.525000 0.638153
vt 0.512500 0.638153
vt 0.500000 0.638153
vt 0.487500 0.638153
vt 0.475000 0.638153
vt 0.462500 0.638153
vt 0.450000 0.638153
vt 0.437500 0.638153
vt 0.425000 0.638153
vt 0.412500 0.638153
vt 0.400000 0.638153
vt 0.387500 0.638153
vt 0.375000 0.638153
vt 0.626409 0.935591
vt 0.591841 0.970159
vt 0.578387 0.951641
vt 0.607891 0.922137
vt 0.548284 0.992353
vt 0.541211 0.970583
vt 0.500000 1.000000
vt 0.500000 0.977110
vt 0.451716 0.992353
vt 0.458789 0.970583
vt 0.408159 0.970159
vt 0.421613 0.951641
vt 0.373591 0.935591
vt 0.392109 0.922137
vt 0.351397 0.892034
vt 0.373167 0.884961
vt 0.343750 0.843750
vt 0.366640 0.843750
vt 0.351397 0.795466
vt 0.373167 0.802539
vt 0.373591 0.751909
vt 0.392109 0.765363
vt 0.408159 0.717341
vt 0.421613 0.735859
vt 0.451716 0.695147
vt 0.458789 0.716917
vt 0.500000 0.687500
vt 0.500000 0.710390
vt 0.548284 0.695147
vt 0.541211 0.716917
vt 0.591842 0.717341
vt 0.578387 0.735859
vt 0.626409 0.751908
vt 0.607891 0.765363
vt 0.648603 0.795466
vt 0.626833 0.802539
vt 0.656250 0.843750
vt 0.633360 0.843750
vt 0.648603 0.892034
vt 0.626833 0.884961
vt 0.625000 0.687500
vt 0.612500 0.687500
vt 0.600000 0.687500
vt 0.587500 0.687500
vt 0.575000 0.687500
vt 0.562500 0.687500
vt 0.550000 0.687500
vt 0.537500 0.687500
vt 0.525000 0.687500
vt 0.512500 0.687500
vt 0.500000 0.687500
vt 0.487500 0.687500
vt 0.475000 0.687500
vt 0.462500 0.687500
vt 0.450000 0.687500
vt 0.437500 0.687500
vt 0.425000 0.687500
vt 0.412500 0.687500
vt 0.400000 0.687500
vt 0.387500 0.687500
vt 0.375000 0.687500
vn -0.002008 -0.859143 0.511732
vn -0.002008 -0.859143 0.511731
vn -0.263920 -0.732800 0.627176
vn -0.263920 -0.732800 0.627176
vn 0.260099 -0.901387 0.346193
vn 0.260099 -0.901387 0.346193
vn 0.496741 -0.855397 0.146781
vn 0.496741 -0.855397 0.146781
vn 0.684766 -0.725676 -0.067011
vn 0.684766 -0.725676 -0.067011
vn 0.805758 -0.524917 -0.274255
vn 0.805758 -0.524918 -0.274254
vn 0.847876 -0.272781 -0.454641
vn 0.847876 -0.272782 -0.454640
vn 0.807000 0.006058 -0.590521
vn 0.806999 0.006058 -0.590521
vn 0.687129 0.284306 -0.668598
vn 0.687129 0.284307 -0.668598
vn 0.499995 0.534727 -0.681229
vn 0.499994 0.534727 -0.681229
vn 0.263921 0.732804 -0.627171
vn 0.263920 0.732804 -0.627171
vn 0.002009 0.859142 -0.511734
vn 0.002009 0.859141 -0.511734
vn -0.260095 0.901383 -0.346206
vn -0.260095 0.901383 -0.346206
vn -0.496742 0.855397 -0.146773
vn -0.496742 0.855398 -0.146774
vn -0.684768 0.725673 0.067019
vn -0.684768 0.725672 0.067019
vn -0.805759 0.524917 0.274251
vn -0.805760 0.524917 0.274252
vn -0.847878 0.272782 0.454634
vn -0.847878 0.272781 0.454635
vn -0.806999 -0.006059 0.590522
vn -0.806999 -0.006059 0.590522
vn -0.687124 -0.284307 0.668604
vn -0.687124 -0.284306 0.668603
vn -0.499995 -0.534725 0.681230
vn -0.499995 -0.534725 0.681230
vn -0.530188 -0.432974 -0.728996
vn -0.530191 -0.432975 -0.728992
vn -0.530190 -0.432974 -0.728994
vn -0.530188 -0.432974 -0.728995
vn -0.530188 -0.432973 -0.728996
vn -0.530189 -0.432975 -0.728994
vn -0.530190 -0.432973 -0.728994
vn -0.530189 -0.432974 -0.728994
vn -0.530190 -0.432975 -0.728994
vn -0.530188 -0.432972 -0.728997
vn -0.530191 -0.432974 -0.728993
vn -0.530193 -0.432972 -0.728993
vn -0.530188 -0.432974 -0.728996
vn -0.530187 -0.432975 -0.728996
vn -0.530192 -0.432974 -0.728992
vn -0.530191 -0.432972 -0.728995
vn -0.530190 -0.432972 -0.728995
vn -0.530191 -0.432973 -0.728994
vn -0.530190 -0.432974 -0.728994
vn -0.530192 -0.432974 -0.728992
vn -0.530192 -0.432975 -0.728992
vn 0.530192 0.432975 0.728992
vn 0.530190 0.432974 0.728994
vn 0.530190 0.432974 0.728994
vn 0.530189 0.432974 0.728995
vn 0.530191 0.432975 0.728993
vn 0.530190 0.432974 0.728994
vn 0.530189 0.432973 0.728995
vn 0.530191 0.432974 0.728994
vn 0.530190 0.432974 0.728994
vn 0.530189 0.432974 0.728994
vn 0.530190 0.432974 0.728994
vn 0.530190 0.432974 0.728994
vn 0.530190 0.432973 0.728994
vn 0.530191 0.432974 0.728993
vn 0.530191 0.432975 0.728993
vn 0.530189 0.432973 0.728995
vn 0.530191 0.432975 0.728992
vn 0.530192 0.432976 0.728991
vn 0.530190 0.432974 0.728994
vn 0.530190 0.432974 0.728994
vn 0.530192 0.432975 0.728992
vn -0.723010 -0.688014 0.062402
vn -0.540784 -0.840908 0.020675
vn -0.540783 -0.840908 0.020675
vn -0.723010 -0.688014 0.062402
vn -0.867459 -0.494715 0.052650
vn -0.867459 -0.494715 0.052650
vn -0.959989 -0.279934 -0.007620
vn -0.959989 -0.279933 -0.007620
vn -0.991542 -0.064696 -0.112510
vn -0.991542 -0.064696 -0.112510
vn -0.959031 0.129930 -0.251751
vn -0.959031 0.129930 -0.251751
vn -0.865636 0.284895 -0.411715
vn -0.865636 0.284895 -0.411715
vn -0.720501 0.385029 -0.576742
vn -0.720501 0.385029 -0.576742
vn -0.537833 0.420530 -0.730678
vn -0.537833 0.420529 -0.730678
vn -0.335512 0.387919 -0.858459
vn -0.335512 0.387919 -0.858459
vn -0.133341 0.290392 -0.947572
vn -0.133341 0.290392 -0.947572
vn 0.048888 0.137499 -0.989295
vn 0.048887 0.137499 -0.989295
vn 0.193336 -0.055800 -0.979545
vn 0.193336 -0.055799 -0.979545
vn 0.285867 -0.270581 -0.919275
vn 0.285867 -0.270581 -0.919275
vn 0.317419 -0.485818 -0.814387
vn 0.317419 -0.485818 -0.814387
vn 0.284907 -0.680443 -0.675148
vn 0.284907 -0.680443 -0.675148
vn 0.191514 -0.835411 -0.515180
vn 0.191514 -0.835411 -0.515180
vn 0.046379 -0.935545 -0.350148
vn 0.046379 -0.935545 -0.350148
vn -0.136289 -0.971044 -0.196214
vn -0.136289 -0.971044 -0.196214
vn -0.338612 -0.938434 -0.068442
vn -0.338612 -0.938434 -0.068442
vn -0.499995 -0.534724 0.681231
vn -0.263920 -0.732798 0.627179
vn -0.263920 -0.732798 0.627179
vn -0.499995 -0.534724 0.681231
vn -0.687128 -0.284306 0.668599
vn -0.687128 -0.284306 0.668599
vn -0.807000 -0.006058 0.590521
vn -0.807000 -0.006058 0.590521
vn -0.847876 0.272781 0.454638
vn -0.847876 0.272781 0.454638
vn -0.805758 0.524919 0.274251
vn -0.805758 0.524919 0.274251
vn -0.684765 0.725676 0.067018
vn -0.684765 0.725676 0.067018
vn -0.496744 0.855397 -0.146773
vn -0.496744 0.855397 -0.146773
vn -0.260097 0.901386 -0.346197
vn -0.260097 0.901386 -0.346197
vn 0.002009 0.859142 -0.511734
vn 0.002009 0.859142 -0.511734
vn 0.263919 0.732799 -0.627178
vn 0.263919 0.732799 -0.627178
vn 0.499994 0.534724 -0.681231
vn 0.499994 0.534724 -0.681231
vn 0.687126 0.284305 -0.668602
vn 0.687126 0.284305 -0.668602
vn 0.806998 0.006059 -0.590523
vn 0.806998 0.006059 -0.590523
vn 0.847877 -0.272782 -0.454637
vn 0.847877 -0.272782 -0.454637
vn 0.805758 -0.524920 -0.274251
vn 0.805758 -0.524920 -0.274251
vn 0.684765 -0.725676 -0.067020
vn 0.684765 -0.725676 -0.067020
vn 0.496743 -0.855397 0.146771
vn 0.496743 -0.855397 0.146771
vn 0.260098 -0.901386 0.346197
vn 0.260098 -0.901386 0.346197
vn -0.002009 -0.859141 0.511735
vn -0.002009 -0.859141 0.511735
vn -0.530191 -0.432973 -0.728994
vn -0.530188 -0.432974 -0.728995
vn -0.530188 -0.432974 -0.728995
vn -0.530191 -0.432973 -0.728994
vn -0.530186 -0.432970 -0.728999
vn -0.530186 -0.432970 -0.728999
vn -0.530191 -0.432972 -0.728995
vn -0.530191 -0.432972 -0.728995
vn -0.530188 -0.432975 -0.728994
vn -0.530188 -0.432976 -0.728994
vn -0.530186 -0.432980 -0.728993
vn -0.530186 -0.432980 -0.728993
vn -0.530189 -0.432980 -0.728992
vn -0.530189 -0.432980 -0.728992
vn -0.530194 -0.432974 -0.728991
vn -0.530194 -0.432974 -0.728991
vn -0.530198 -0.432979 -0.728985
vn -0.530198 -0.432979 -0.728985
vn -0.530195 -0.432979 -0.728987
vn -0.530195 -0.432979 -0.728987
vn -0.530191 -0.432975 -0.728992
vn -0.530191 -0.432975 -0.728992
vn -0.530188 -0.432974 -0.728996
vn -0.530188 -0.432974 -0.728996
vn -0.530186 -0.432970 -0.728999
vn -0.530186 -0.432970 -0.728999
vn -0.530188 -0.432971 -0.728997
vn -0.530188 -0.432971 -0.728997
vn -0.530188 -0.432973 -0.728996
vn -0.530188 -0.432973 -0.728996
vn -0.530190 -0.432974 -0.728994
vn -0.530190 -0.432974 -0.728994
vn -0.530190 -0.432972 -0.728996
vn -0.530190 -0.432972 -0.728996
vn -0.530193 -0.432975 -0.728991
vn -0.530193 -0.432975 -0.728991
vn -0.530199 -0.432981 -0.728983
vn -0.530199 -0.432981 -0.728983
vn -0.530192 -0.432975 -0.728992
vn -0.530192 -0.432975 -0.728992
vn 0.002001 0.859146 -0.511727
vn 0.263915 0.732799 -0.627180
vn 0.263919 0.732796 -0.627181
vn 0.002000 0.859146 -0.511726
vn -0.260118 0.901376 -0.346209
vn -0.260118 0.901376 -0.346209
vn -0.496761 0.855387 -0.146768
vn -0.496763 0.855387 -0.146766
vn -0.684772 0.725670 0.067004
vn -0.684773 0.725670 0.067005
vn -0.805766 0.524916 0.274233
vn -0.805766 0.524915 0.274234
vn -0.847881 0.272782 0.454629
vn -0.847881 0.272775 0.454633
vn -0.807003 -0.006058 0.590517
vn -0.807002 -0.006059 0.590517
vn -0.687123 -0.284296 0.668608
vn -0.687119 -0.284304 0.668609
vn -0.499987 -0.534718 0.681242
vn -0.499986 -0.534718 0.681242
vn -0.263905 -0.732788 0.627197
vn -0.263901 -0.732791 0.627196
vn -0.001992 -0.859130 0.511754
vn -0.001990 -0.859131 0.511752
vn 0.260110 -0.901373 0.346221
vn 0.260111 -0.901373 0.346220
vn 0.496754 -0.855384 0.146809
vn 0.496754 -0.855385 0.146809
vn 0.684770 -0.725671 -0.067022
vn 0.684770 -0.725671 -0.067022
vn 0.805758 -0.524913 -0.274264
vn 0.805758 -0.524913 -0.274264
vn 0.847875 -0.272777 -0.454644
vn 0.847875 -0.272785 -0.454640
vn 0.806998 0.006057 -0.590524
vn 0.806998 0.006057 -0.590523
vn 0.687128 0.284308 -0.668598
vn 0.687132 0.284302 -0.668597
vn 0.499981 0.534716 -0.681248
vn 0.499981 0.534715 -0.681248
vn -0.676217 -0.666984 0.312831
vn -0.461891 -0.846810 0.263760
vn -0.461891 -0.846810 0.263760
vn -0.676217 -0.666984 0.312831
vn -0.846108 -0.439641 0.301360
vn -0.846108 -0.439641 0.301360
vn -0.954935 -0.187031 0.230475
vn -0.954935 -0.187031 0.230475
vn -0.992046 0.066118 0.107111
vn -0.992046 0.066119 0.107111
vn -0.953808 0.295026 -0.056656
vn -0.953808 0.295026 -0.056656
vn -0.843963 0.477286 -0.244796
vn -0.843963 0.477286 -0.244796
vn -0.673265 0.595055 -0.438890
vn -0.673265 0.595055 -0.438890
vn -0.458423 0.636807 -0.619939
vn -0.458423 0.636807 -0.619939
vn -0.220465 0.598454 -0.770226
vn -0.220466 0.598454 -0.770226
vn 0.017313 0.483751 -0.875034
vn 0.017313 0.483751 -0.875034
vn 0.231638 0.303928 -0.924106
vn 0.231638 0.303928 -0.924106
vn 0.401529 0.076582 -0.912639
vn 0.401529 0.076582 -0.912639
vn 0.510358 -0.176029 -0.841754
vn 0.510358 -0.176029 -0.841754
vn 0.547469 -0.429178 -0.718389
vn 0.547469 -0.429179 -0.718389
vn 0.509230 -0.658085 -0.554625
vn 0.509230 -0.658085 -0.554625
vn 0.399385 -0.840343 -0.366489
vn 0.399386 -0.840343 -0.366489
vn 0.228687 -0.958115 -0.172392
vn 0.228687 -0.958115 -0.172391
vn 0.013843 -0.999867 0.008665
vn 0.013843 -0.999867 0.008665
vn -0.224113 -0.961513 0.158951
vn -0.224113 -0.961513 0.158951
vn -0.499994 -0.534721 0.681233
vn -0.263921 -0.732798 0.627178
vn -0.263921 -0.732798 0.627178
vn -0.499995 -0.534721 0.681233
vn -0.687127 -0.284306 0.668600
vn -0.687127 -0.284306 0.668600
vn -0.807000 -0.006058 0.590521
vn -0.807000 -0.006059 0.590521
vn -0.847876 0.272782 0.454639
vn -0.847876 0.272782 0.454639
vn -0.805757 0.524921 0.274251
vn -0.805757 0.524921 0.274251
vn -0.684765 0.725676 0.067021
vn -0.684765 0.725676 0.067021
vn -0.496744 0.855397 -0.146772
vn -0.496744 0.855397 -0.146772
vn -0.260097 0.901386 -0.346199
vn -0.260097 0.901386 -0.346199
vn 0.002011 0.859141 -0.511735
vn 0.002011 0.859141 -0.511735
vn 0.263919 0.732799 -0.627178
vn 0.263920 0.732799 -0.627178
vn 0.499994 0.534723 -0.681232
vn 0.499994 0.534723 -0.681232
vn 0.687126 0.284306 -0.668601
vn 0.687127 0.284305 -0.668601
vn 0.807000 0.006059 -0.590520
vn 0.807000 0.006059 -0.590520
vn 0.847876 -0.272781 -0.454640
vn 0.847876 -0.272780 -0.454640
vn 0.805757 -0.524919 -0.274256
vn 0.805756 -0.524919 -0.274256
vn 0.684765 -0.725676 -0.067022
vn 0.684765 -0.725676 -0.067022
vn 0.496744 -0.855397 0.146770
vn 0.496744 -0.855397 0.146770
vn 0.260097 -0.901388 0.346193
vn 0.260097 -0.901388 0.346193
vn -0.002010 -0.859144 0.511731
vn -0.002010 -0.859144 0.511731
vn 0.000000 0.000000 1.000000
vn 0.000000 0.000000 1.000000
vn 0.000000 0.000000 1.000000
vn 0.000000 0.000000 1.000000
vn 0.000000 0.000000 -1.000000
vn 0.000000 0.000000 -1.000000
vn 0.000000 0.000000 -1.000000
vn 0.000000 0.000000 -1.000000
vn 1.000000 0.000000 0.000000
vn 1.000000 0.000000 0.000000
vn 1.000000 0.000000 0.000000
vn 1.000000 0.000000 0.000000
vn -1.000000 0.000000 0.000000
vn -1.000000 0.000000 0.000000
vn -1.000000 0.000000 0.000000
vn -1.000000 0.000000 0.000000
vn 0.000000 1.000000 -0.000000
vn 0.000000 1.000000 -0.000000
vn 0.000000 1.000000 -0.000000
vn 0.000000 1.000000 -0.000000
vn 0.000000 -1.000000 0.000000
vn 0.000000 -1.000000 0.000000
vn 0.000000 -1.000000 0.000000
vn 0.000000 -1.000000 0.000000
vn -0.707107 0.000000 0.707106
vn -0.707107 0.000000 0.707106
vn -0.707107 0.000000 0.707106
vn -0.707107 0.000000 0.707106
vn 0.707107 0.000000 0.707106
vn 0.707107 0.000000 0.707106
vn 0.707107 0.000000 0.707106
vn 0.707107 0.000000 0.707106
vn -0.707107 0.000000 -0.707106
vn -0.707107 0.000000 -0.707106
vn -0.707107 0.000000 -0.707106
vn -0.707107 0.000000 -0.707106
vn 0.707107 0.000000 -0.707106
vn 0.707107 0.000000 -0.707106
vn 0.707107 0.000000 -0.707106
vn 0.707107 0.000000 -0.707106
vn 0.000000 1.000000 0.000000
vn 0.000000 1.000000 0.000000
vn 0.000000 1.000000 0.000000
vn 0.000000 1.000000 0.000000
vn 0.000000 -1.000000 0.000001
vn 0.000000 -1.000000 0.000001
vn 0.000000 -1.000000 0.000000
vn 0.000000 -1.000000 0.000000
vn 0.918198 -0.260587 -0.298340
vn 0.781065 -0.260587 -0.567478
vn 0.781065 -0.260587 -0.567478
vn 0.918198 -0.260587 -0.298340
vn 0.567478 -0.260588 -0.781065
vn 0.567478 -0.260588 -0.781065
vn 0.298342 -0.260588 -0.918197
vn 0.298342 -0.260588 -0.918197
vn 0.000000 -0.260588 -0.965450
vn 0.000000 -0.260587 -0.965450
vn -0.298342 -0.260587 -0.918198
vn -0.298342 -0.260587 -0.918197
vn -0.567478 -0.260587 -0.781065
vn -0.567478 -0.260587 -0.781065
vn -0.781066 -0.260587 -0.567478
vn -0.781066 -0.260587 -0.567478
vn -0.918197 -0.260588 -0.298341
vn -0.918197 -0.260588 -0.298341
vn -0.965450 -0.260588 0.000000
vn -0.965450 -0.260588 0.000000
vn -0.918198 -0.260588 0.298341
vn -0.918198 -0.260588 0.298341
vn -0.781066 -0.260588 0.567477
vn -0.781066 -0.260588 0.567477
vn -0.567477 -0.260588 0.781066
vn -0.567477 -0.260588 0.781066
vn -0.298341 -0.260588 0.918198
vn -0.298341 -0.260588 0.918198
vn 0.000000 -0.260588 0.965450
vn 0.000000 -0.260588 0.965450
vn 0.298341 -0.260588 0.918198
vn 0.298341 -0.260588 0.918198
vn 0.567477 -0.260588 0.781066
vn 0.567477 -0.260588 0.781066
vn 0.781066 -0.260587 0.567478
vn 0.781066 -0.260587 0.567478
vn 0.918198 -0.260588 0.298341
vn 0.918198 -0.260588 0.298341
vn 0.965450 -0.260587 0.000001
vn 0.965450 -0.260587 0.000001
vn 0.000000 -1.000000 -0.000000
vn 0.000000 -1.000000 -0.000000
vn 0.000000 -1.000000 -0.000000
vn 0.000000 -1.000000 0.000000
vn 0.000000 -1.000000 -0.000000
vn 0.000000 -1.000000 0.000000
vn 0.000000 -1.000000 0.000000
vn 0.000000 -1.000000 0.000000
vn 0.000000 -1.000000 -0.000000
vn 0.000000 -1.000000 0.000000
vn 0.000000 -1.000000 0.000000
vn 0.000000 -1.000000 -0.000000
vn 0.000000 -1.000000 -0.000000
vn 0.000000 -1.000000 -0.000000
vn 0.000000 -1.000000 0.000000
vn 0.000000 -1.000000 0.000000
vn 0.000000 -1.000000 0.000000
vn 0.000000 -1.000000 0.000000
vn 0.000000 -1.000000 0.000000
vn 0.000000 -1.000000 -0.000000
vn 0.000000 -1.000000 0.000000
vn 1.000000 0.000000 0.000000
vn 0.951057 0.000000 -0.309016
vn 0.951057 0.000000 -0.309016
vn 1.000000 0.000000 0.000000
vn 0.951057 0.000000 0.309017
vn 0.951057 0.000000 0.309017
vn 0.809017 0.000000 0.587786
vn 0.809017 0.000000 0.587786
vn 0.587786 0.000000 0.809016
vn 0.587786 0.000000 0.809016
vn 0.309017 0.000000 0.951057
vn 0.309017 0.000000 0.951057
vn 0.000000 0.000000 1.000000
vn 0.000000 0.000000 1.000000
vn -0.309017 0.000000 0.951057
vn -0.309017 0.000000 0.951057
vn -0.587786 0.000000 0.809017
vn -0.587786 0.000000 0.809017
vn -0.809017 0.000000 0.587786
vn -0.809017 0.000000 0.587786
vn -0.951057 0.000000 0.309017
vn -0.951057 0.000000 0.309017
vn -1.000000 0.000000 0.000000
vn -1.000000 0.000000 0.000000
vn -0.951057 0.000000 -0.309017
vn -0.951057 0.000000 -0.309017
vn -0.809017 0.000000 -0.587786
vn -0.809017 0.000000 -0.587786
vn -0.587787 0.000000 -0.809016
vn -0.587787 0.000000 -0.809016
vn -0.309019 0.000000 -0.951056
vn -0.309019 0.000000 -0.951056
vn 0.000000 0.000000 -1.000000
vn 0.000000 0.000000 -1.000000
vn 0.309017 0.000000 -0.951056
vn 0.309017 0.000000 -0.951056
vn 0.587787 0.000000 -0.809016
vn 0.587787 0.000000 -0.809016
vn 0.809017 0.000000 -0.587785
vn 0.809017 0.000000 -0.587785
vn 0.350599 0.000000 0.936526
vn 0.350599 0.000000 0.936526
vn 0.350599 0.000000 0.936526
vn 0.350599 0.000000 0.936526
vn -0.350601 0.000000 -0.936525
vn -0.350601 0.000000 -0.936525
vn -0.350601 0.000000 -0.936525
vn -0.350601 0.000000 -0.936525
vn 0.000000 -1.000000 0.000001
vn 0.000000 -1.000000 0.000001
vn 0.000000 -1.000000 0.000001
vn 0.000000 -1.000000 0.000001
vn 0.000000 -1.000000 0.000001
vn 0.000000 -1.000000 0.000001
vn 0.936525 0.000000 -0.350600
vn 0.936525 0.000000 -0.350600
vn 0.936525 0.000000 -0.350600
vn 0.936525 0.000000 -0.350600
vn -0.936525 0.000000 0.350600
vn -0.936525 0.000000 0.350600
vn -0.936525 0.000000 0.350600
vn -0.936525 0.000000 0.350600
vn -0.936526 0.000000 0.350599
vn -0.936526 0.000000 0.350599
vn -0.936526 0.000000 0.350599
vn -0.936526 0.000000 0.350599
vn 0.936526 0.000000 -0.350599
vn 0.936526 0.000000 -0.350599
vn 0.936526 0.000000 -0.350599
vn 0.936526 0.000000 -0.350599
vn 0.000000 1.000000 0.000000
vn 0.000000 1.000000 0.000000
vn 0.000000 1.000000 0.000000
vn 0.000000 1.000000 0.000000
vn 0.000000 1.000000 0.000000
vn 0.000000 1.000000 0.000000
vn -0.936527 0.000000 0.350595
vn -0.936527 0.000000 0.350595
vn -0.936527 0.000000 0.350595
vn -0.936527 0.000000 0.350595
vn -0.139119 -0.917904 -0.371615
vn -0.139119 -0.917904 -0.371615
vn -0.139119 -0.917904 -0.371615
vn -0.139119 -0.917904 -0.371615
vn 0.936527 0.000000 -0.350594
vn 0.936527 0.000000 -0.350594
vn 0.936527 0.000000 -0.350594
vn 0.936527 0.000000 -0.350594
vn 0.139118 0.917906 0.371612
vn 0.139118 0.917905 0.371612
vn 0.139118 0.917905 0.371612
vn 0.139118 0.917906 0.371612
vn 0.000000 1.000000 0.000000
vn 0.000000 1.000000 0.000000
vn 0.000000 1.000000 0.000000
vn 0.000000 1.000000 0.000000
vn 0.000000 1.000000 0.000000
vn 0.000000 1.000000 0.000000
vn 0.000000 -1.000000 0.000001
vn 0.000000 -1.000000 0.000001
vn 0.000000 -1.000000 0.000001
vn 0.000000 -1.000000 0.000001
vn 0.000000 -1.000000 0.000001
vn 0.000000 -1.000000 0.000001
vn -0.414308 0.000000 0.910137
vn -0.414308 0.000000 0.910137
vn -0.414308 0.000000 0.910137
vn -0.414308 0.000000 0.910137
vn 0.910136 0.000000 0.414310
vn 0.910136 0.000000 0.414310
vn 0.910136 0.000000 0.414310
vn 0.910136 0.000000 0.414310
vn -0.910135 0.000000 -0.414312
vn -0.910135 0.000000 -0.414312
vn -0.910135 0.000000 -0.414312
vn -0.910135 0.000000 -0.414312
vn 0.414310 0.000000 -0.910136
vn 0.414310 0.000000 -0.910136
vn 0.414310 0.000000 -0.910136
vn 0.414310 0.000000 -0.910136
vn -0.106027 -0.992131 -0.066588
vn -0.112784 -0.993619 -0.001277
vn -0.137306 -0.990529 -0.000359
vn -0.132095 -0.990087 -0.047738
vn -0.105535 -0.992254 0.065526
vn -0.131532 -0.990161 0.047751
vn -0.114544 -0.989926 0.083218
vn -0.095903 -0.989113 0.111614
vn -0.057034 -0.994985 0.082171
vn -0.050855 -0.989903 0.132310
vn 0.000007 -0.995968 0.089710
vn -0.000336 -0.990166 0.139894
vn 0.058094 -0.994906 0.082386
vn 0.051873 -0.989996 0.131216
vn 0.104478 -0.992474 0.063874
vn 0.095699 -0.989376 0.109438
vn 0.110867 -0.990566 0.080550
vn 0.127866 -0.990695 0.046631
vn 0.111884 -0.993721 -0.000560
vn 0.134088 -0.990969 -0.000211
vn 0.105054 -0.992286 -0.065822
vn 0.129308 -0.990492 -0.046960
vn 0.113220 -0.990159 -0.082254
vn 0.096055 -0.989084 -0.111739
vn 0.057381 -0.994930 -0.082590
vn 0.051161 -0.989727 -0.133503
vn -0.000444 -0.995945 -0.089959
vn 0.000497 -0.989863 -0.142024
vn -0.058098 -0.994761 -0.084110
vn -0.051186 -0.989573 -0.134629
vn -0.115011 -0.989844 -0.083559
vn -0.096946 -0.988808 -0.113403
vn 0.058379 -0.998294 0.000356
vn -0.000180 -1.000000 0.000000
vn -0.057452 -0.998348 -0.001150
vn 0.923880 0.000000 -0.382683
vn 0.707108 0.000000 -0.707105
vn 0.707108 0.000000 -0.707105
vn 0.923880 0.000000 -0.382683
vn 0.382683 0.000000 -0.923880
vn 0.382683 0.000000 -0.923880
vn -0.000000 0.000000 -1.000000
vn -0.000000 0.000000 -1.000000
vn -0.382684 0.000000 -0.923880
vn -0.382684 0.000000 -0.923880
vn -0.707107 0.000000 -0.707107
vn -0.707107 0.000000 -0.707107
vn -0.923880 0.000000 -0.382684
vn -0.923880 0.000000 -0.382684
vn -1.000000 0.000000 0.000000
vn -1.000000 0.000000 0.000000
vn -0.923879 0.000000 0.382684
vn -0.923879 0.000000 0.382684
vn -0.707107 0.000000 0.707106
vn -0.707107 0.000000 0.707106
vn -0.382688 0.000000 0.923878
vn -0.382688 0.000000 0.923878
vn 0.000000 0.000000 1.000000
vn 0.000000 0.000000 1.000000
vn 0.382687 0.000000 0.923878
vn 0.382687 0.000000 0.923878
vn 0.707107 0.000000 0.707107
vn 0.707107 0.000000 0.707107
vn 0.923879 0.000000 0.382686
vn 0.923879 0.000000 0.382686
vn 1.000000 0.000000 0.000000
vn 1.000000 0.000000 0.000000
vn 0.000000 -1.000000 0.000000
vn 0.000000 -1.000000 0.000000
vn 0.000000 -1.000000 0.000001
vn 0.000000 -1.000000 0.000002
vn 0.000000 -1.000000 0.000002
vn 0.000000 -1.000000 0.000005
vn 0.000000 -1.000000 0.000015
vn 0.000000 -1.000000 0.000010
vn 0.000000 -1.000000 0.000000
vn 0.000000 -1.000000 -0.000005
vn 0.000000 -1.000000 -0.000005
vn 0.000000 -1.000000 0.000000
vn 0.000000 -1.000000 0.000000
vn 0.000000 -1.000000 -0.000005
vn 0.000000 -1.000000 -0.000005
vn 0.000000 -1.000000 0.000000
vn 0.000000 -1.000000 0.000000
vn 0.000000 -1.000000 0.000000
vn 0.000000 -1.000000 -0.000006
vn 0.000000 -1.000000 -0.000006
vn 0.000000 -1.000000 0.000000
vn 0.000000 -1.000000 -0.000003
vn 0.000000 -1.000000 -0.000003
vn 0.000000 -1.000000 -0.000008
vn 0.000000 -1.000000 -0.000008
vn 0.000000 -1.000000 -0.000005
vn 0.000000 -1.000000 -0.000005
vn 0.000000 -1.000000 0.000005
vn 0.000000 -1.000000 0.000005
vn 0.000000 -1.000000 0.000011
vn 0.000000 -1.000000 0.000011
vn 0.000000 -1.000000 0.000006
vn 0.000000 -1.000000 0.000006
vn 0.000000 -1.000000 -0.000006
vn 0.000000 -1.000000 -0.000006
vn 0.000000 -1.000000 -0.000006
vn 0.000000 -1.000000 -0.000006
vn 0.000000 -1.000000 0.000006
vn 0.000000 -1.000000 0.000006
vn 0.000000 -1.000000 0.000011
vn 0.000000 -1.000000 0.000011
vn 0.000000 -1.000000 0.000005
vn 0.000000 -1.000000 0.000005
vn 0.000000 -1.000000 -0.000005
vn 0.000000 -1.000000 -0.000005
vn 0.000000 -1.000000 0.000002
vn 0.000000 -1.000000 0.000002
vn 0.000000 -1.000000 -0.000000
vn 0.000000 -1.000000 -0.000000
vn 0.646914 0.713935 -0.267953
vn 0.646914 0.713935 -0.267953
vn 0.495127 0.713936 -0.495122
vn 0.495127 0.713936 -0.495121
vn 0.700213 0.713934 0.000004
vn 0.700213 0.713934 0.000004
vn 0.646913 0.713934 0.267958
vn 0.646914 0.713934 0.267957
vn 0.495129 0.713935 0.495120
vn 0.495129 0.713936 0.495120
vn 0.267964 0.713933 0.646912
vn 0.267963 0.713933 0.646912
vn 0.000002 0.713931 0.700216
vn 0.000002 0.713931 0.700216
vn -0.267959 0.713930 0.646917
vn -0.267959 0.713930 0.646917
vn -0.495126 0.713932 0.495128
vn -0.495126 0.713932 0.495128
vn -0.646917 0.713931 0.267958
vn -0.646917 0.713931 0.267957
vn -0.700216 0.713931 0.000002
vn -0.700216 0.713931 0.000002
vn -0.646916 0.713934 -0.267951
vn -0.646917 0.713934 -0.267951
vn -0.495127 0.713934 -0.495124
vn -0.495126 0.713934 -0.495124
vn -0.267959 0.713932 -0.646915
vn -0.267958 0.713932 -0.646915
vn -0.000000 0.713934 -0.700213
vn -0.000000 0.713934 -0.700213
vn 0.267960 0.713934 -0.646913
vn 0.267959 0.713934 -0.646913
vn 0.000000 1.000000 -0.000001
vn 0.000000 1.000000 -0.000000
vn 0.000000 1.000000 -0.000011
vn 0.000000 1.000000 -0.000001
vn 0.000000 1.000000 -0.000001
vn 0.000000 1.000000 0.000000
vn 0.000000 1.000000 0.000000
vn 0.000000 1.000000 0.000000
vn 0.000000 1.000000 0.000000
vn 0.000000 1.000000 -0.000011
vn 0.000000 1.000000 -0.000005
vn 0.000000 1.000000 0.000005
vn 0.000000 1.000000 0.000000
vn 0.000000 1.000000 0.000000
vn 0.000000 1.000000 0.000000
vn 0.000000 1.000000 0.000000
vn 0.000000 1.000000 0.000011
vn 1.000000 0.000000 0.000001
vn 0.923881 0.000000 -0.382681
vn 0.923881 0.000000 -0.382681
vn 1.000000 0.000000 0.000001
vn 0.923879 0.000000 0.382684
vn 0.923879 0.000000 0.382684
vn 0.707106 0.000000 0.707107
vn 0.707106 0.000000 0.707107
vn 0.382682 0.000000 0.923880
vn 0.382682 0.000000 0.923880
vn 0.000003 0.000000 1.000000
vn 0.000003 0.000000 1.000000
vn -0.382682 0.000000 0.923880
vn -0.382682 0.000000 0.923880
vn -0.707108 0.000000 0.707105
vn -0.707108 0.000000 0.707105
vn -0.923880 0.000000 0.382681
vn -0.923880 0.000000 0.382681
vn -1.000000 0.000000 -0.000000
vn -1.000000 0.000000 -0.000000
vn -0.923881 0.000000 -0.382679
vn -0.923881 0.000000 -0.382679
vn -0.707108 0.000000 -0.707105
vn -0.707108 0.000000 -0.707105
vn -0.382681 0.000000 -0.923880
vn -0.382681 0.000000 -0.923880
vn 0.000000 0.000000 -1.000000
vn 0.000000 0.000000 -1.000000
vn 0.382682 0.000000 -0.923880
vn 0.382682 0.000000 -0.923880
vn 0.707108 0.000000 -0.707105
vn 0.707108 0.000000 -0.707105
vn 0.918198 -0.260588 -0.298339
vn 0.781065 -0.260588 -0.567477
vn 0.781066 -0.260588 -0.567477
vn 0.918198 -0.260588 -0.298339
vn 0.567477 -0.260588 -0.781066
vn 0.567477 -0.260588 -0.781066
vn 0.298340 -0.260588 -0.918198
vn 0.298340 -0.260587 -0.918198
vn -0.000001 -0.260587 -0.965450
vn -0.000001 -0.260587 -0.965450
vn -0.298341 -0.260587 -0.918198
vn -0.298341 -0.260587 -0.918198
vn -0.567477 -0.260587 -0.781066
vn -0.567477 -0.260587 -0.781066
vn -0.781066 -0.260588 -0.567478
vn -0.781066 -0.260588 -0.567477
vn -0.918198 -0.260588 -0.298340
vn -0.918198 -0.260588 -0.298340
vn -0.965450 -0.260587 0.000000
vn -0.965450 -0.260588 -0.000000
vn -0.918198 -0.260588 0.298341
vn -0.918198 -0.260588 0.298341
vn -0.781066 -0.260588 0.567477
vn -0.781066 -0.260588 0.567477
vn -0.567478 -0.260588 0.781066
vn -0.567477 -0.260588 0.781066
vn -0.298341 -0.260588 0.918198
vn -0.298341 -0.260588 0.918198
vn 0.000000 -0.260588 0.965450
vn 0.000000 -0.260588 0.965450
vn 0.298340 -0.260588 0.918198
vn 0.298340 -0.260588 0.918198
vn 0.567478 -0.260588 0.781065
vn 0.567477 -0.260588 0.781066
vn 0.781066 -0.260588 0.567477
vn 0.781066 -0.260588 0.567477
vn 0.918198 -0.260587 0.298341
vn 0.918198 -0.260587 0.298341
vn 0.965450 -0.260587 0.000001
vn 0.965450 -0.260587 0.000001
vn 0.000000 -1.000000 -0.000000
vn 0.000000 -1.000000 -0.000000
vn 0.000000 -1.000000 0.000000
vn 0.000000 -1.000000 0.000000
vn 0.000000 -1.000000 -0.000000
vn 0.000000 -1.000000 0.000000
vn 0.000000 -1.000000 0.000000
vn 0.000000 -1.000000 0.000000
vn 0.000000 -1.000000 -0.000000
vn 0.000000 -1.000000 0.000000
vn 0.000000 -1.000000 0.000000
vn 0.000000 -1.000000 -0.000000
vn 0.000000 -1.000000 0.000000
vn 0.000000 -1.000000 0.000000
vn 0.000000 -1.000000 0.000000
vn 0.000000 -1.000000 0.000000
vn 0.000000 -1.000000 0.000000
vn 0.000000 -1.000000 0.000000
vn 0.000000 -1.000000 0.000000
vn 0.000000 -1.000000 0.000000
vn 0.000000 -1.000000 0.000000
vn 1.000000 0.000000 0.000001
vn 0.951057 0.000000 -0.309016
vn 0.951057 0.000000 -0.309016
vn 1.000000 0.000000 0.000001
vn 0.951057 0.000000 0.309017
vn 0.951057 0.000000 0.309017
vn 0.809017 0.000000 0.587785
vn 0.809017 0.000000 0.587785
vn 0.587786 0.000000 0.809017
vn 0.587786 0.000000 0.809017
vn 0.309017 0.000000 0.951057
vn 0.309017 0.000000 0.951057
vn 0.000000 0.000000 1.000000
vn 0.000000 0.000000 1.000000
vn -0.309017 0.000000 0.951057
vn -0.309017 0.000000 0.951057
vn -0.587786 0.000000 0.809017
vn -0.587786 0.000000 0.809017
vn -0.809017 0.000000 0.587786
vn -0.809017 0.000000 0.587786
vn -0.951057 0.000000 0.309017
vn -0.951057 0.000000 0.309017
vn -1.000000 0.000000 0.000000
vn -1.000000 0.000000 0.000000
vn -0.951057 0.000000 -0.309017
vn -0.951057 0.000000 -0.309017
vn -0.809017 0.000000 -0.587786
vn -0.809017 0.000000 -0.587786
vn -0.587785 0.000000 -0.809017
vn -0.587785 0.000000 -0.809017
vn -0.309018 0.000000 -0.951056
vn -0.309018 0.000000 -0.951056
vn -0.000000 0.000000 -1.000000
vn -0.000000 0.000000 -1.000000
vn 0.309017 0.000000 -0.951056
vn 0.309017 0.000000 -0.951056
vn 0.587785 0.000000 -0.809017
vn 0.587785 0.000000 -0.809017
vn 0.809017 0.000000 -0.587786
vn 0.809017 0.000000 -0.587786
vn 0.923880 0.000000 -0.382683
vn 0.707108 0.000000 -0.707105
vn 0.707108 0.000000 -0.707105
vn 0.923880 0.000000 -0.382683
vn 0.382684 0.000000 -0.923880
vn 0.382684 0.000000 -0.923880
vn 0.000000 0.000000 -1.000000
vn 0.000000 0.000000 -1.000000
vn -0.382684 0.000000 -0.923880
vn -0.382684 0.000000 -0.923880
vn -0.707107 0.000000 -0.707107
vn -0.707107 0.000000 -0.707107
vn -0.923880 0.000000 -0.382684
vn -0.923880 0.000000 -0.382684
vn -1.000000 0.000000 0.000000
vn -1.000000 0.000000 0.000000
vn -0.923879 0.000000 0.382684
vn -0.923879 0.000000 0.382684
vn -0.707107 0.000000 0.707106
vn -0.707107 0.000000 0.707106
vn -0.382688 0.000000 0.923878
vn -0.382688 0.000000 0.923878
vn 0.000000 0.000000 1.000000
vn 0.000000 0.000000 1.000000
vn 0.382687 0.000000 0.923878
vn 0.382687 0.000000 0.923878
vn 0.707107 0.000000 0.707107
vn 0.707107 0.000000 0.707107
vn 0.923879 0.000000 0.382686
vn 0.923879 0.000000 0.382686
vn 1.000000 0.000000 0.000000
vn 1.000000 0.000000 0.000000
vn 0.000000 -1.000000 0.000000
vn 0.000000 -1.000000 -0.000005
vn 0.000000 -1.000000 0.000000
vn 0.000000 -1.000000 0.000002
vn 0.000000 -1.000000 -0.000003
vn 0.000000 -1.000000 0.000005
vn 0.000000 -1.000000 0.000015
vn 0.000000 -1.000000 0.000010
vn 0.000000 -1.000000 0.000000
vn 0.000000 -1.000000 -0.000005
vn 0.000000 -1.000000 -0.000005
vn 0.000000 -1.000000 0.000000
vn 0.000000 -1.000000 0.000000
vn 0.000000 -1.000000 -0.000005
vn 0.000000 -1.000000 -0.000005
vn 0.000000 -1.000000 0.000000
vn 0.000000 -1.000000 0.000000
vn 0.000000 -1.000000 0.000006
vn 0.000000 -1.000000 -0.000000
vn 0.000000 -1.000000 0.000000
vn 0.000000 -1.000000 0.000006
vn 0.000000 -1.000000 0.000000
vn 0.000000 -1.000000 0.000000
vn 0.000000 -1.000000 -0.000005
vn 0.000000 -1.000000 -0.000005
vn 0.000000 -1.000000 -0.000005
vn 0.000000 -1.000000 -0.000005
vn 0.000000 -1.000000 0.000005
vn 0.000000 -1.000000 0.000005
vn 0.000000 -1.000000 0.000005
vn 0.000000 -1.000000 0.000005
vn 0.000000 -1.000000 0.000006
vn 0.000000 -1.000000 0.000006
vn 0.000000 -1.000000 0.000000
vn 0.000000 -1.000000 0.000000
vn 0.000000 -1.000000 -0.000006
vn 0.000000 -1.000000 -0.000006
vn 0.000000 -1.000000 0.000006
vn 0.000000 -1.000000 0.000006
vn 0.000000 -1.000000 0.000011
vn 0.000000 -1.000000 0.000011
vn 0.000000 -1.000000 0.000005
vn 0.000000 -1.000000 0.000005
vn 0.000000 -1.000000 -0.000005
vn 0.000000 -1.000000 -0.000005
vn 0.000000 -1.000000 -0.000005
vn 0.000000 -1.000000 -0.000005
vn 0.000000 -1.000000 -0.000006
vn 0.000000 -1.000000 -0.000006
vn 0.646913 0.713936 -0.267953
vn 0.646913 0.713936 -0.267953
vn 0.495127 0.713935 -0.495122
vn 0.495128 0.713935 -0.495121
vn 0.700212 0.713935 0.000004
vn 0.700212 0.713935 0.000004
vn 0.646914 0.713933 0.267959
vn 0.646915 0.713933 0.267958
vn 0.495127 0.713932 0.495126
vn 0.495127 0.713932 0.495126
vn 0.267962 0.713929 0.646917
vn 0.267961 0.713929 0.646917
vn 0.000002 0.713931 0.700216
vn 0.000002 0.713931 0.700216
vn -0.267959 0.713931 0.646916
vn -0.267958 0.713931 0.646917
vn -0.495126 0.713932 0.495128
vn -0.495126 0.713932 0.495128
vn -0.646917 0.713929 0.267961
vn -0.646918 0.713929 0.267959
vn -0.700218 0.713929 0.000000
vn -0.700218 0.713929 -0.000000
vn -0.646917 0.713930 -0.267960
vn -0.646917 0.713930 -0.267960
vn -0.495127 0.713931 -0.495128
vn -0.495126 0.713931 -0.495128
vn -0.267961 0.713935 -0.646910
vn -0.267959 0.713935 -0.646911
vn 0.000000 0.713938 -0.700209
vn 0.000000 0.713938 -0.700209
vn 0.267960 0.713933 -0.646913
vn 0.267959 0.713933 -0.646914
vn 0.000000 1.000000 -0.000001
vn 0.000000 1.000000 -0.000000
vn 0.000000 1.000000 -0.000011
vn 0.000000 1.000000 -0.000001
vn 0.000000 1.000000 -0.000006
vn 0.000000 1.000000 -0.000005
vn 0.000000 1.000000 0.000011
vn 0.000000 1.000000 0.000000
vn 0.000000 1.000000 -0.000000
vn 0.000000 1.000000 -0.000000
vn 0.000000 1.000000 -0.000011
vn 0.000000 1.000000 0.000000
vn 0.000000 1.000000 0.000000
vn 0.000000 1.000000 0.000000
vn 0.000000 1.000000 0.000000
vn 0.000000 1.000000 0.000000
vn 0.000000 1.000000 0.000011
vn 1.000000 0.000000 0.000001
vn 0.923881 0.000000 -0.382681
vn 0.923881 0.000000 -0.382681
vn 1.000000 0.000000 0.000001
vn 0.923879 0.000000 0.382684
vn 0.923879 0.000000 0.382684
vn 0.707106 0.000000 0.707107
vn 0.707106 0.000000 0.707107
vn 0.382683 0.000000 0.923880
vn 0.382683 0.000000 0.923880
vn 0.000003 0.000000 1.000000
vn 0.000003 0.000000 1.000000
vn -0.382681 0.000000 0.923880
vn -0.382681 0.000000 0.923880
vn -0.707108 0.000000 0.707105
vn -0.707108 0.000000 0.707105
vn -0.923881 0.000000 0.382679
vn -0.923881 0.000000 0.382679
vn -1.000000 0.000000 -0.000000
vn -1.000000 0.000000 -0.000000
vn -0.923881 0.000000 -0.382679
vn -0.923881 0.000000 -0.382679
vn -0.707108 0.000000 -0.707105
vn -0.707108 0.000000 -0.707105
vn -0.382681 0.000000 -0.923880
vn -0.382681 0.000000 -0.923880
vn 0.000000 0.000000 -1.000000
vn 0.000000 0.000000 -1.000000
vn 0.382683 0.000000 -0.923880
vn 0.382683 0.000000 -0.923880
vn 0.707108 0.000000 -0.707105
vn 0.707108 0.000000 -0.707105
vn 0.749965 -0.375042 -0.544882
vn 0.749965 -0.375042 -0.544882
vn 0.881637 -0.375042 -0.286461
vn 0.881637 -0.375042 -0.286460
vn 0.544881 -0.375042 -0.749965
vn 0.544881 -0.375042 -0.749965
vn 0.286461 -0.375043 -0.881637
vn 0.286461 -0.375043 -0.881637
vn -0.000000 -0.375043 -0.927008
vn -0.000000 -0.375043 -0.927008
vn -0.286461 -0.375042 -0.881637
vn -0.286461 -0.375042 -0.881637
vn -0.544882 -0.375042 -0.749965
vn -0.544882 -0.375042 -0.749965
vn -0.749965 -0.375042 -0.544882
vn -0.749965 -0.375042 -0.544882
vn -0.881637 -0.375042 -0.286461
vn -0.881637 -0.375042 -0.286461
vn -0.927008 -0.375042 -0.000000
vn -0.927008 -0.375042 -0.000000
vn -0.881637 -0.375042 0.286461
vn -0.881637 -0.375042 0.286461
vn -0.749965 -0.375042 0.544882
vn -0.749965 -0.375042 0.544882
vn -0.544881 -0.375042 0.749965
vn -0.544881 -0.375042 0.749965
vn -0.286461 -0.375042 0.881637
vn -0.286461 -0.375042 0.881637
vn 0.000000 -0.375042 0.927008
vn 0.000000 -0.375042 0.927008
vn 0.286461 -0.375042 0.881637
vn 0.286461 -0.375042 0.881637
vn 0.544882 -0.375042 0.749965
vn 0.544882 -0.375042 0.749965
vn 0.749965 -0.375042 0.544882
vn 0.749965 -0.375042 0.544882
vn 0.881637 -0.375042 0.286462
vn 0.881637 -0.375042 0.286462
vn 0.927008 -0.375042 0.000001
vn 0.927008 -0.375042 0.000001
vn 0.000000 -1.000000 0.000000
vn 0.000000 -1.000000 0.000002
vn 0.000000 -1.000000 0.000000
vn 0.000000 -1.000000 0.000000
vn 0.000000 -1.000000 0.000000
vn 0.000000 -1.000000 0.000000
vn 0.000000 -1.000000 0.000000
vn 0.000000 -1.000000 0.000000
vn 0.000000 -1.000000 0.000000
vn 0.000000 -1.000000 0.000000
vn 0.000000 -1.000000 0.000000
vn 0.000000 -1.000000 0.000000
vn 0.000000 -1.000000 0.000000
vn 0.000000 -1.000000 0.000000
vn 0.000000 -1.000000 0.000000
vn 0.000000 -1.000000 0.000001
vn 0.000000 -1.000000 0.000001
vn 0.000000 -1.000000 0.000000
vn 0.000000 -1.000000 0.000000
vn 0.000000 -1.000000 0.000000
vn 0.000000 -1.000000 0.000002
vn 0.000000 1.000000 0.000000
vn 0.000000 1.000000 0.000000
vn 0.000000 1.000000 -0.000000
vn 0.000000 1.000000 0.000000
vn 0.000000 1.000000 0.000000
vn 0.000000 1.000000 0.000000
vn 0.000000 1.000000 0.000000
vn 0.000000 1.000000 -0.000001
vn 0.000000 1.000000 -0.000001
vn 0.000000 1.000000 0.000000
vn 0.000000 1.000000 0.000000
vn 0.000000 1.000000 0.000000
vn 0.000000 1.000000 0.000000
vn 0.000000 1.000000 0.000000
vn 0.000000 1.000000 0.000000
vn 0.000000 1.000000 -0.000000
vn 0.000000 1.000000 0.000000
vn 0.000000 1.000000 0.000001
vn 0.000000 1.000000 0.000000
vn 0.000000 1.000000 -0.000002
vn 0.000000 1.000000 -0.000002
vn 1.000000 0.000000 0.000001
vn 0.951057 0.000000 -0.309014
vn 0.951057 0.000000 -0.309014
vn 1.000000 0.000000 0.000001
vn 0.951057 0.000000 0.309016
vn 0.951057 0.000000 0.309016
vn 0.809018 0.000000 0.587784
vn 0.809018 0.000000 0.587784
vn 0.587785 0.000000 0.809017
vn 0.587785 0.000000 0.809017
vn 0.309017 0.000000 0.951057
vn 0.309017 0.000000 0.951057
vn 0.000000 0.000000 1.000000
vn 0.000000 0.000000 1.000000
vn -0.309018 0.000000 0.951056
vn -0.309018 0.000000 0.951056
vn -0.587785 0.000000 0.809017
vn -0.587785 0.000000 0.809017
vn -0.809017 0.000000 0.587785
vn -0.809017 0.000000 0.587785
vn -0.951056 0.000000 0.309017
vn -0.951056 0.000000 0.309017
vn -1.000000 0.000000 0.000000
vn -1.000000 0.000000 0.000000
vn -0.951057 0.000000 -0.309015
vn -0.951057 0.000000 -0.309015
vn -0.809016 0.000000 -0.587786
vn -0.809016 0.000000 -0.587786
vn -0.587783 0.000000 -0.809018
vn -0.587783 0.000000 -0.809018
vn -0.309017 0.000000 -0.951057
vn -0.309017 0.000000 -0.951057
vn -0.000000 0.000000 -1.000000
vn -0.000000 0.000000 -1.000000
vn 0.309016 0.000000 -0.951057
vn 0.309016 0.000000 -0.951057
vn 0.587785 0.000000 -0.809017
vn 0.587785 0.000000 -0.809017
vn 0.809018 0.000000 -0.587784
vn 0.809018 0.000000 -0.587784
vn 0.000000 -1.000000 0.000001
vn 0.000000 -1.000000 0.000001
vn 0.000000 -1.000000 0.000001
vn 0.000000 -1.000000 0.000001
vn 0.000000 -1.000000 0.000000
vn 0.000000 -1.000000 0.000000
vn 0.000000 -1.000000 -0.000003
vn 0.000000 -1.000000 -0.000003
vn 0.000000 -1.000000 -0.000002
vn 0.000000 -1.000000 -0.000002
vn 0.000000 -1.000000 -0.000000
vn 0.000000 -1.000000 -0.000000
vn 0.000000 -1.000000 0.000002
vn 0.000000 -1.000000 0.000002
vn 0.000000 -1.000000 -0.000001
vn 0.000000 -1.000000 -0.000001
vn 0.000000 -1.000000 -0.000003
vn 0.000000 -1.000000 -0.000003
vn 0.000000 -1.000000 -0.000001
vn 0.000000 -1.000000 -0.000001
vn 0.000000 -1.000000 0.000000
vn 0.000000 -1.000000 0.000000
vn 0.000000 -1.000000 -0.000001
vn 0.000000 -1.000000 -0.000001
vn 0.000000 -1.000000 -0.000000
vn 0.000000 -1.000000 -0.000000
vn 0.000000 -1.000000 0.000001
vn 0.000000 -1.000000 0.000001
vn 0.000000 -1.000000 0.000002
vn 0.000000 -1.000000 0.000002
vn 0.000000 -1.000000 0.000001
vn 0.000000 -1.000000 0.000001
vn 0.000000 -1.000000 -0.000001
vn 0.000000 -1.000000 -0.000001
vn 0.000000 -1.000000 0.000001
vn 0.000000 -1.000000 0.000001
vn 0.000000 -1.000000 0.000000
vn 0.000000 -1.000000 0.000000
vn 0.000000 -1.000000 0.000001
vn 0.000000 -1.000000 0.000001
vn -0.809017 0.000000 0.587786
vn -0.951057 0.000000 0.309015
vn -0.951057 0.000000 0.309015
vn -0.809017 0.000000 0.587786
vn -0.587784 0.000000 0.809018
vn -0.587784 0.000000 0.809018
vn -0.309017 0.000000 0.951057
vn -0.309017 0.000000 0.951057
vn -0.000000 0.000000 1.000000
vn -0.000000 0.000000 1.000000
vn 0.309015 0.000000 0.951057
vn 0.309015 0.000000 0.951057
vn 0.587785 0.000000 0.809017
vn 0.587785 0.000000 0.809017
vn 0.809018 0.000000 0.587784
vn 0.809018 0.000000 0.587784
vn 0.951057 0.000000 0.309016
vn 0.951057 0.000000 0.309016
vn 1.000000 0.000000 0.000000
vn 1.000000 0.000000 0.000000
vn 0.951057 0.000000 -0.309016
vn 0.951057 0.000000 -0.309016
vn 0.809017 0.000000 -0.587786
vn 0.809017 0.000000 -0.587786
vn 0.587786 0.000000 -0.809017
vn 0.587786 0.000000 -0.809017
vn 0.309017 0.000000 -0.951057
vn 0.309017 0.000000 -0.951057
vn 0.000000 0.000000 -1.000000
vn 0.000000 0.000000 -1.000000
vn -0.309017 0.000000 -0.951057
vn -0.309017 0.000000 -0.951057
vn -0.587788 0.000000 -0.809015
vn -0.587788 0.000000 -0.809015
vn -0.809018 0.000000 -0.587784
vn -0.809018 0.000000 -0.587784
vn -0.951057 0.000000 -0.309016
vn -0.951057 0.000000 -0.309016
vn -1.000000 0.000000 -0.000001
vn -1.000000 0.000000 -0.000001
vn -1.000000 -0.000000 0.000000
vn -1.000000 0.000000 0.000000
vn -1.000000 0.000000 0.000000
vn -1.000000 -0.000000 0.000000
vn -1.000000 0.000000 0.000000
vn -1.000000 0.000000 0.000000
vn -1.000000 0.000000 0.000000
vn -1.000000 0.000001 0.000000
vn -1.000000 0.000001 0.000000
vn -1.000000 0.000000 0.000000
vn -1.000000 0.000000 -0.000001
vn -1.000000 0.000000 -0.000001
vn -1.000000 -0.000000 0.000000
vn -1.000000 0.000000 0.000000
vn -1.000000 0.000000 0.000000
vn -1.000000 0.000000 0.000000
vn -1.000000 0.000000 0.000000
vn -1.000000 0.000000 0.000000
vn -1.000000 0.000000 -0.000000
vn -1.000000 0.000000 -0.000000
vn -1.000000 0.000000 -0.000000
vn -1.000000 0.000000 -0.000000
vn -1.000000 0.000000 -0.000000
vn -1.000000 0.000000 -0.000000
vn -1.000000 0.000000 -0.000000
vn -1.000000 0.000000 -0.000001
vn -1.000000 0.000000 -0.000001
vn -1.000000 0.000000 -0.000000
vn -1.000000 0.000000 0.000000
vn -1.000000 0.000000 0.000000
vn -1.000000 -0.000000 -0.000000
vn -1.000000 -0.000001 0.000002
vn -1.000000 -0.000001 0.000002
vn -1.000000 0.000001 -0.000000
vn -1.000000 0.000000 0.000000
vn -1.000000 0.000000 0.000000
vn -1.000000 0.000000 -0.000000
vn -1.000000 0.000001 0.000000
vn -1.000000 0.000001 0.000000
vn -1.000000 -0.000001 -0.000000
vn -1.000000 0.000000 0.000000
vn -1.000000 0.000000 0.000000
vn -1.000000 0.000000 -0.000000
vn -1.000000 0.000000 -0.000000
vn -1.000000 0.000000 -0.000000
vn -1.000000 -0.000000 -0.000000
vn -1.000000 0.000000 -0.000000
vn -1.000000 0.000000 -0.000000
vn -1.000000 -0.000000 -0.000000
vn -1.000000 0.000000 -0.000000
vn -1.000000 0.000000 -0.000000
vn -1.000000 -0.000000 0.000000
vn -1.000000 0.000000 -0.000000
vn -1.000000 0.000000 -0.000000
vn -1.000000 -0.000000 0.000000
vn -1.000000 0.000001 -0.000000
vn -1.000000 0.000001 -0.000000
vn -1.000000 -0.000000 0.000000
vn -1.000000 0.000004 -0.000001
vn -1.000000 0.000004 -0.000001
vn -1.000000 0.000000 0.000000
vn -1.000000 0.000000 -0.000001
vn -1.000000 0.000000 -0.000001
vn -1.000000 -0.000001 0.000000
vn -1.000000 0.000000 0.000000
vn -1.000000 0.000000 0.000000
vn 0.109375 -0.874291 0.472919
vn 0.109375 -0.874291 0.472918
vn 0.145391 -0.706354 0.692767
vn 0.148993 -0.682243 0.715784
vn 0.164459 -0.550308 0.818606
vn 0.164459 -0.550308 0.818605
vn 0.189156 0.000000 0.981947
vn 0.189156 0.000000 0.981947
vn 0.189156 0.000000 0.981947
vn 0.189156 0.000000 0.981947
vn 0.164458 0.550307 0.818606
vn 0.164458 0.550307 0.818606
vn 0.145390 0.706354 0.692767
vn 0.148992 0.682242 0.715784
vn 0.109375 0.874291 0.472919
vn 0.109375 0.874291 0.472919
vn 0.173379 0.277466 0.944962
vn 0.173379 0.277466 0.944962
vn 0.173379 0.277466 0.944962
vn 0.173379 0.277466 0.944962
vn 0.109375 -0.479809 0.870529
vn 0.109375 -0.479809 0.870529
vn 0.145389 -0.219679 0.964678
vn 0.148991 -0.186953 0.971005
vn 0.164457 -0.020377 0.986174
vn 0.164457 -0.020377 0.986174
vn 0.189158 0.530881 0.826066
vn 0.189158 0.530881 0.826066
vn 0.189158 0.530881 0.826066
vn 0.189158 0.530881 0.826066
vn 0.164458 0.905519 0.391137
vn 0.164458 0.905519 0.391137
vn 0.145390 0.968760 0.200912
vn 0.148992 0.960920 0.233310
vn 0.109374 0.991180 -0.074827
vn 0.109374 0.991180 -0.074827
vn 0.173379 0.744305 0.644942
vn 0.173379 0.744305 0.644942
vn 0.173379 0.744305 0.644942
vn 0.173379 0.744305 0.644942
vn 0.109372 0.066989 0.991741
vn 0.109372 0.066989 0.991741
vn 0.145389 0.336735 0.930307
vn 0.148991 0.367688 0.917936
vn 0.164458 0.516026 0.840637
vn 0.164458 0.516026 0.840637
vn 0.189156 0.893210 0.407916
vn 0.189156 0.893210 0.407916
vn 0.189156 0.893210 0.407916
vn 0.189156 0.893210 0.407916
vn 0.164459 0.973237 -0.160511
vn 0.164459 0.973237 -0.160511
vn 0.145391 0.923595 -0.354731
vn 0.148993 0.934515 -0.323237
vn 0.109377 0.793379 -0.598821
vn 0.109377 0.793379 -0.598821
vn 0.173379 0.974832 0.140154
vn 0.173379 0.974831 0.140154
vn 0.173379 0.974832 0.140154
vn 0.173379 0.974832 0.140154
vn 0.109372 0.592524 0.798094
vn 0.109372 0.592524 0.798094
vn 0.145388 0.786239 0.600575
vn 0.148991 0.805590 0.573433
vn 0.164457 0.888592 0.428203
vn 0.164457 0.888592 0.428203
vn 0.189157 0.971951 -0.139750
vn 0.189157 0.971951 -0.139750
vn 0.189157 0.971951 -0.139750
vn 0.189157 0.971951 -0.139750
vn 0.164458 0.731958 -0.661205
vn 0.164458 0.731958 -0.661205
vn 0.145390 0.585194 -0.797753
vn 0.148992 0.611408 -0.777163
vn 0.109374 0.343686 -0.932693
vn 0.109374 0.343686 -0.932693
vn 0.173380 0.895857 -0.409122
vn 0.173380 0.895857 -0.409122
vn 0.173380 0.895856 -0.409122
vn 0.173380 0.895857 -0.409122
vn 0.109373 0.929951 0.351038
vn 0.109373 0.929951 0.351038
vn 0.145389 0.986122 0.080155
vn 0.148991 0.987728 0.046860
vn 0.164458 0.979035 -0.120181
vn 0.164458 0.979035 -0.120181
vn 0.189157 0.742104 -0.643041
vn 0.189157 0.742104 -0.643041
vn 0.189157 0.742104 -0.643041
vn 0.189157 0.742104 -0.643041
vn 0.164459 0.258294 -0.951965
vn 0.164459 0.258294 -0.951965
vn 0.145390 0.061000 -0.987492
vn 0.148992 0.094185 -0.984343
vn 0.109373 -0.215127 -0.970442
vn 0.109373 -0.215127 -0.970442
vn 0.173379 0.532454 -0.828512
vn 0.173379 0.532454 -0.828512
vn 0.173379 0.532454 -0.828513
vn 0.173379 0.532454 -0.828512
vn 0.109374 0.972112 -0.207449
vn 0.109374 0.972112 -0.207449
vn 0.145390 0.872914 -0.465707
vn 0.148992 0.856264 -0.494584
vn 0.164458 0.758640 -0.630411
vn 0.164458 0.758640 -0.630411
vn 0.189157 0.276645 -0.942171
vn 0.189157 0.276645 -0.942171
vn 0.189157 0.276645 -0.942171
vn 0.189157 0.276645 -0.942171
vn 0.164458 -0.297385 -0.940487
vn 0.164458 -0.297385 -0.940487
vn 0.145390 -0.482561 -0.863711
vn 0.148992 -0.452942 -0.879002
vn 0.109374 -0.705633 -0.700085
vn 0.109374 -0.705633 -0.700085
vn 0.173379 0.000000 -0.984855
vn 0.173379 0.000000 -0.984855
vn 0.173379 0.000000 -0.984855
vn 0.173379 0.000000 -0.984855
vn 0.109374 0.705633 -0.700085
vn 0.109374 0.705633 -0.700085
vn 0.145390 0.482566 -0.863708
vn 0.148992 0.452947 -0.879000
vn 0.164459 0.297391 -0.940485
vn 0.164459 0.297391 -0.940485
vn 0.189157 -0.276646 -0.942171
vn 0.189157 -0.276646 -0.942171
vn 0.189157 -0.276646 -0.942171
vn 0.189157 -0.276646 -0.942171
vn 0.164459 -0.758645 -0.630406
vn 0.164459 -0.758645 -0.630406
vn 0.145391 -0.872915 -0.465704
vn 0.148993 -0.856266 -0.494581
vn 0.109375 -0.972112 -0.207451
vn 0.109375 -0.972112 -0.207451
vn 0.173379 -0.532453 -0.828513
vn 0.173379 -0.532453 -0.828513
vn 0.173379 -0.532453 -0.828513
vn 0.173379 -0.532453 -0.828513
vn 0.109375 0.215127 -0.970442
vn 0.109375 0.215127 -0.970442
vn 0.145389 -0.060998 -0.987492
vn 0.148991 -0.094183 -0.984343
vn 0.164457 -0.258289 -0.951967
vn 0.164457 -0.258289 -0.951967
vn 0.189158 -0.742106 -0.643039
vn 0.189158 -0.742106 -0.643039
vn 0.189158 -0.742106 -0.643039
vn 0.189158 -0.742106 -0.643039
vn 0.164459 -0.979036 -0.120172
vn 0.164459 -0.979036 -0.120172
vn 0.145390 -0.986122 0.080156
vn 0.148992 -0.987727 0.046862
vn 0.109375 -0.929954 0.351031
vn 0.109375 -0.929954 0.351031
vn 0.173379 -0.895856 -0.409124
vn 0.173379 -0.895856 -0.409124
vn 0.173379 -0.895856 -0.409124
vn 0.173379 -0.895856 -0.409124
vn 0.109375 -0.343691 -0.932692
vn 0.109375 -0.343691 -0.932692
vn 0.145390 -0.585195 -0.797752
vn 0.148992 -0.611408 -0.777163
vn 0.164458 -0.731956 -0.661206
vn 0.164458 -0.731956 -0.661206
vn 0.189158 -0.971952 -0.139744
vn 0.189158 -0.971952 -0.139744
vn 0.189158 -0.971952 -0.139744
vn 0.189158 -0.971952 -0.139744
vn 0.164458 -0.888592 0.428203
vn 0.164458 -0.888592 0.428203
vn 0.145390 -0.786244 0.600569
vn 0.148992 -0.805595 0.573427
vn 0.109375 -0.592537 0.798083
vn 0.109375 -0.592537 0.798084
vn 0.173380 -0.974830 0.140161
vn 0.173380 -0.974830 0.140161
vn 0.173380 -0.974830 0.140161
vn 0.173380 -0.974830 0.140161
vn 0.109374 -0.793379 -0.598821
vn 0.109374 -0.793379 -0.598821
vn 0.145389 -0.923594 -0.354733
vn 0.148991 -0.934515 -0.323240
vn 0.164457 -0.973236 -0.160516
vn 0.164457 -0.973236 -0.160516
vn 0.189158 -0.893211 0.407913
vn 0.189158 -0.893211 0.407913
vn 0.189158 -0.893211 0.407913
vn 0.189158 -0.893211 0.407913
vn 0.164457 -0.516024 0.840639
vn 0.164457 -0.516024 0.840639
vn 0.145390 -0.336737 0.930306
vn 0.148992 -0.367690 0.917936
vn 0.109375 -0.067000 0.991740
vn 0.109375 -0.067000 0.991740
vn 0.173379 -0.744303 0.644944
vn 0.173379 -0.744303 0.644944
vn 0.173379 -0.744303 0.644944
vn 0.173379 -0.744303 0.644944
vn 0.109375 -0.991180 -0.074828
vn 0.109375 -0.991180 -0.074828
vn 0.145390 -0.968760 0.200913
vn 0.148992 -0.960920 0.233311
vn 0.164458 -0.905519 0.391137
vn 0.164458 -0.905519 0.391137
vn 0.189157 -0.530879 0.826067
vn 0.189157 -0.530879 0.826067
vn 0.189157 -0.530879 0.826067
vn 0.189157 -0.530879 0.826067
vn 0.164457 0.020379 0.986174
vn 0.164457 0.020378 0.986174
vn 0.145390 0.219681 0.964677
vn 0.148992 0.186954 0.971004
vn 0.109376 0.479811 0.870527
vn 0.109376 0.479811 0.870527
vn 0.173379 -0.277465 0.944962
vn 0.173379 -0.277465 0.944962
vn 0.173379 -0.277465 0.944962
vn 0.173379 -0.277465 0.944962
vn 1.000000 -0.000000 -0.000000
vn 1.000000 -0.000001 0.000000
vn 1.000000 -0.000001 0.000000
vn 1.000000 -0.000001 0.000000
vn 1.000000 0.000000 0.000000
vn 1.000000 0.000000 0.000000
vn 1.000000 -0.000001 -0.000000
vn 1.000000 0.000000 -0.000002
vn 1.000000 0.000000 -0.000002
vn 1.000000 0.000000 -0.000000
vn 1.000000 0.000003 0.000000
vn 1.000000 0.000003 0.000000
vn 1.000000 0.000000 0.000000
vn 1.000000 0.000001 -0.000000
vn 1.000000 0.000001 -0.000000
vn 1.000000 0.000000 -0.000000
vn 1.000000 -0.000012 -0.000002
vn 1.000000 -0.000012 -0.000002
vn 1.000000 0.000000 -0.000000
vn 1.000000 -0.000002 0.000000
vn 1.000000 -0.000002 0.000000
vn 1.000000 0.000001 -0.000000
vn 1.000000 -0.000012 0.000001
vn 1.000000 -0.000012 0.000001
vn 1.000000 0.000001 0.000000
vn 1.000000 0.000003 0.000000
vn 1.000000 0.000003 0.000000
vn 1.000000 0.000000 0.000000
vn 1.000000 0.000000 0.000000
vn 1.000000 0.000000 0.000000
vn 1.000000 -0.000001 0.000000
vn 1.000000 0.000002 -0.000000
vn 1.000000 0.000002 -0.000000
vn 1.000000 0.000000 -0.000000
vn 1.000000 0.000000 -0.000003
vn 1.000000 0.000000 -0.000003
vn 1.000000 -0.000000 0.000000
vn 1.000000 -0.000002 0.000002
vn 1.000000 -0.000002 0.000002
vn 1.000000 0.000001 0.000000
vn 1.000000 0.000000 -0.000003
vn 1.000000 0.000000 -0.000003
vn 1.000000 -0.000000 -0.000000
vn 1.000000 -0.000003 -0.000001
vn 1.000000 -0.000003 -0.000001
vn 1.000000 -0.000001 -0.000001
vn 1.000000 0.000000 0.000002
vn 1.000000 0.000000 0.000002
vn 1.000000 0.000000 0.000001
vn 1.000000 -0.000001 0.000000
vn 1.000000 -0.000001 0.000000
vn 1.000000 0.000000 0.000000
vn 1.000000 -0.000006 0.000000
vn 1.000000 -0.000006 0.000000
vn 1.000000 -0.000001 -0.000000
vn 1.000000 0.000003 -0.000002
vn 1.000000 0.000003 -0.000002
vn 1.000000 -0.000000 0.000000
vn 1.000000 0.000000 0.000002
vn 1.000000 0.000000 0.000002
vn 1.000000 0.000001 0.000000
vn 1.000000 -0.000003 0.000002
vn 1.000000 -0.000003 0.000002
vn 1.000000 0.000000 0.000000
vn 1.000000 0.000000 0.000000
vn 1.000000 0.000000 0.000000
vn -1.000000 -0.000000 0.000000
vn 1.000000 -0.000000 -0.000000
vn 0.000000 0.000000 1.000000
vn 0.000000 0.000000 1.000000
vn 0.000000 0.000000 1.000000
vn 0.000000 0.000000 1.000000
vn 0.000000 0.000000 -1.000000
vn 0.000000 0.000000 -1.000000
vn 0.000000 0.000000 -1.000000
vn 0.000000 0.000000 -1.000000
vn 0.000000 -1.000000 0.000000
vn 0.000000 -1.000000 0.000000
vn 0.000000 -1.000000 -0.000000
vn 0.000000 -1.000000 -0.000000
vn 1.000000 0.000000 0.000000
vn 1.000000 0.000000 0.000000
vn 1.000000 0.000000 0.000000
vn 1.000000 0.000000 0.000000
vn -1.000000 0.000000 0.000000
vn -1.000000 0.000000 0.000000
vn -1.000000 0.000000 0.000000
vn -1.000000 0.000000 0.000000
vn 0.000000 1.000000 0.000000
vn 0.000000 1.000000 0.000000
vn 0.000000 1.000000 0.000000
vn 0.000000 1.000000 0.000000
vn -0.707107 0.000000 0.707107
vn -0.707107 0.000000 0.707107
vn -0.707107 0.000000 0.707107
vn -0.707107 0.000000 0.707107
vn 0.707107 0.000000 0.707107
vn 0.707107 0.000000 0.707107
vn 0.707107 0.000000 0.707107
vn 0.707107 0.000000 0.707107
vn 0.000000 1.000000 0.000000
vn 0.000000 1.000000 0.000000
vn 0.000000 -1.000000 -0.000001
vn 0.000000 -1.000000 -0.000001
vn -0.804921 0.000441 -0.593382
vn -0.804920 0.000442 -0.593383
vn -0.686032 0.278969 -0.671965
vn -0.686031 0.278970 -0.671965
vn -0.845017 -0.278128 -0.456718
vn -0.845017 -0.278129 -0.456717
vn -0.802396 -0.529476 -0.275346
vn -0.802396 -0.529476 -0.275346
vn -0.681231 -0.728994 -0.067022
vn -0.681231 -0.728994 -0.067022
vn -0.493385 -0.857151 0.147864
vn -0.493384 -0.857151 0.147865
vn -0.257238 -0.901407 0.348274
vn -0.257238 -0.901407 0.348274
vn 0.004088 -0.857431 0.514582
vn 0.004088 -0.857431 0.514583
vn 0.265014 -0.729514 0.630537
vn 0.265014 -0.729514 0.630537
vn 0.499992 -0.530190 0.684768
vn 0.499991 -0.530190 0.684768
vn 0.686036 -0.278971 0.671960
vn 0.686036 -0.278971 0.671960
vn 0.804925 -0.000440 0.593376
vn 0.804925 -0.000441 0.593377
vn 0.845019 0.278129 0.456713
vn 0.845019 0.278129 0.456714
vn 0.802396 0.529477 0.275344
vn 0.802396 0.529478 0.275344
vn 0.681230 0.728995 0.067019
vn 0.681230 0.728995 0.067019
vn 0.493384 0.857152 -0.147860
vn 0.493385 0.857152 -0.147859
vn 0.257239 0.901406 -0.348274
vn 0.257239 0.901406 -0.348274
vn -0.004091 0.857423 -0.514597
vn -0.004090 0.857423 -0.514597
vn -0.265013 0.729513 -0.630538
vn -0.265013 0.729513 -0.630538
vn -0.499993 0.530191 -0.684766
vn -0.499994 0.530190 -0.684766
vn 0.534722 -0.432973 -0.725677
vn 0.534723 -0.432973 -0.725676
vn 0.534723 -0.432974 -0.725675
vn 0.534724 -0.432977 -0.725673
vn 0.534725 -0.432976 -0.725673
vn 0.534721 -0.432974 -0.725677
vn 0.534722 -0.432974 -0.725676
vn 0.534722 -0.432975 -0.725675
vn 0.534722 -0.432975 -0.725676
vn 0.534721 -0.432974 -0.725677
vn 0.534721 -0.432974 -0.725677
vn 0.534723 -0.432973 -0.725676
vn 0.534722 -0.432974 -0.725676
vn 0.534726 -0.432976 -0.725672
vn 0.534727 -0.432975 -0.725672
vn 0.534725 -0.432974 -0.725674
vn 0.534725 -0.432973 -0.725674
vn 0.534722 -0.432973 -0.725677
vn 0.534722 -0.432973 -0.725676
vn 0.534721 -0.432974 -0.725677
vn 0.534721 -0.432974 -0.725677
vn -0.534725 0.432975 0.725674
vn -0.534723 0.432974 0.725675
vn -0.534723 0.432974 0.725675
vn -0.534718 0.432970 0.725681
vn -0.534721 0.432972 0.725678
vn -0.534724 0.432975 0.725674
vn -0.534723 0.432974 0.725675
vn -0.534723 0.432975 0.725675
vn -0.534723 0.432975 0.725675
vn -0.534724 0.432975 0.725674
vn -0.534725 0.432975 0.725674
vn -0.534723 0.432974 0.725675
vn -0.534724 0.432975 0.725674
vn -0.534723 0.432974 0.725676
vn -0.534722 0.432974 0.725676
vn -0.534723 0.432974 0.725676
vn -0.534722 0.432973 0.725677
vn -0.534724 0.432974 0.725675
vn -0.534723 0.432973 0.725676
vn -0.534723 0.432974 0.725676
vn -0.534724 0.432975 0.725675
vn -0.046006 0.134001 -0.989913
vn -0.189611 -0.059919 -0.980029
vn -0.189611 -0.059919 -0.980029
vn -0.046006 0.134001 -0.989913
vn 0.135381 0.287858 -0.948056
vn 0.135381 0.287858 -0.948056
vn 0.336789 0.386593 -0.858556
vn 0.336789 0.386593 -0.858556
vn 0.538507 0.420545 -0.730173
vn 0.538507 0.420545 -0.730173
vn 0.720788 0.386383 -0.575476
vn 0.720788 0.386383 -0.575476
vn 0.865790 0.287457 -0.409606
vn 0.865789 0.287457 -0.409606
vn 0.959318 0.133448 -0.248800
vn 0.959318 0.133448 -0.248800
vn 0.992217 -0.060567 -0.108798
vn 0.992217 -0.060567 -0.108798
vn 0.961268 -0.275597 -0.003304
vn 0.961268 -0.275597 -0.003304
vn 0.869498 -0.490596 0.057354
vn 0.869498 -0.490596 0.057354
vn 0.725892 -0.684515 0.067236
vn 0.725892 -0.684515 0.067236
vn 0.544507 -0.838372 0.025382
vn 0.544507 -0.838372 0.025382
vn 0.343097 -0.937109 -0.064116
vn 0.343098 -0.937109 -0.064116
vn 0.141379 -0.971058 -0.192504
vn 0.141379 -0.971058 -0.192504
vn -0.040903 -0.936899 -0.347200
vn -0.040903 -0.936899 -0.347199
vn -0.185905 -0.837974 -0.513069
vn -0.185905 -0.837974 -0.513069
vn -0.279433 -0.683962 -0.673879
vn -0.279433 -0.683962 -0.673879
vn -0.312332 -0.489949 -0.813879
vn -0.312332 -0.489949 -0.813879
vn -0.281381 -0.274918 -0.919372
vn -0.281381 -0.274918 -0.919372
vn -0.499994 0.530191 -0.684766
vn -0.686034 0.278971 -0.671962
vn -0.686034 0.278971 -0.671962
vn -0.499994 0.530191 -0.684766
vn -0.265011 0.729511 -0.630541
vn -0.265011 0.729511 -0.630541
vn -0.004087 0.857424 -0.514594
vn -0.004087 0.857424 -0.514594
vn 0.257238 0.901406 -0.348276
vn 0.257238 0.901406 -0.348276
vn 0.493384 0.857152 -0.147864
vn 0.493384 0.857152 -0.147864
vn 0.681232 0.728993 0.067023
vn 0.681232 0.728993 0.067023
vn 0.802397 0.529476 0.275343
vn 0.802397 0.529476 0.275343
vn 0.845017 0.278131 0.456715
vn 0.845017 0.278131 0.456715
vn 0.804921 -0.000442 0.593381
vn 0.804921 -0.000442 0.593381
vn 0.686035 -0.278970 0.671961
vn 0.686035 -0.278970 0.671961
vn 0.499994 -0.530190 0.684766
vn 0.499995 -0.530190 0.684766
vn 0.265011 -0.729512 0.630540
vn 0.265011 -0.729512 0.630540
vn 0.004087 -0.857424 0.514594
vn 0.004087 -0.857424 0.514594
vn -0.257238 -0.901407 0.348274
vn -0.257238 -0.901407 0.348274
vn -0.493383 -0.857152 0.147863
vn -0.493383 -0.857152 0.147863
vn -0.681233 -0.728993 -0.067019
vn -0.681233 -0.728993 -0.067020
vn -0.802397 -0.529476 -0.275345
vn -0.802397 -0.529476 -0.275345
vn -0.845018 -0.278131 -0.456714
vn -0.845018 -0.278131 -0.456714
vn -0.804922 0.000442 -0.593380
vn -0.804922 0.000442 -0.593380
vn 0.534724 -0.432976 -0.725674
vn 0.534732 -0.432979 -0.725666
vn 0.534732 -0.432979 -0.725666
vn 0.534724 -0.432976 -0.725674
vn 0.534730 -0.432977 -0.725668
vn 0.534730 -0.432977 -0.725668
vn 0.534724 -0.432974 -0.725675
vn 0.534724 -0.432974 -0.725675
vn 0.534730 -0.432977 -0.725669
vn 0.534730 -0.432977 -0.725669
vn 0.534731 -0.432979 -0.725667
vn 0.534731 -0.432979 -0.725667
vn 0.534725 -0.432973 -0.725675
vn 0.534725 -0.432973 -0.725675
vn 0.534728 -0.432970 -0.725674
vn 0.534728 -0.432970 -0.725674
vn 0.534723 -0.432975 -0.725675
vn 0.534723 -0.432975 -0.725675
vn 0.534718 -0.432976 -0.725678
vn 0.534718 -0.432976 -0.725678
vn 0.534723 -0.432975 -0.725675
vn 0.534723 -0.432975 -0.725675
vn 0.534725 -0.432975 -0.725674
vn 0.534724 -0.432975 -0.725674
vn 0.534723 -0.432978 -0.725673
vn 0.534723 -0.432977 -0.725673
vn 0.534723 -0.432978 -0.725673
vn 0.534723 -0.432978 -0.725673
vn 0.534723 -0.432973 -0.725676
vn 0.534723 -0.432973 -0.725676
vn 0.534721 -0.432973 -0.725677
vn 0.534721 -0.432973 -0.725677
vn 0.534723 -0.432974 -0.725675
vn 0.534723 -0.432974 -0.725675
vn 0.534732 -0.432973 -0.725670
vn 0.534732 -0.432973 -0.725670
vn 0.534729 -0.432975 -0.725671
vn 0.534729 -0.432975 -0.725671
vn 0.534721 -0.432976 -0.725676
vn 0.534721 -0.432976 -0.725676
vn 0.804922 -0.000438 0.593380
vn 0.686035 -0.278970 0.671961
vn 0.686035 -0.278971 0.671961
vn 0.804922 -0.000439 0.593380
vn 0.845018 0.278132 0.456713
vn 0.845018 0.278132 0.456714
vn 0.802399 0.529477 0.275336
vn 0.802401 0.529472 0.275340
vn 0.681235 0.728991 0.067017
vn 0.681235 0.728991 0.067017
vn 0.493385 0.857150 -0.147871
vn 0.493385 0.857150 -0.147871
vn 0.257238 0.901400 -0.348291
vn 0.257238 0.901400 -0.348291
vn -0.004086 0.857427 -0.514590
vn -0.004086 0.857427 -0.514590
vn -0.265009 0.729518 -0.630534
vn -0.265010 0.729518 -0.630535
vn -0.499987 0.530187 -0.684774
vn -0.499988 0.530186 -0.684774
vn -0.686027 0.278967 -0.671971
vn -0.686027 0.278966 -0.671971
vn -0.804920 0.000438 -0.593383
vn -0.804920 0.000438 -0.593383
vn -0.845024 -0.278129 -0.456704
vn -0.845024 -0.278129 -0.456704
vn -0.802411 -0.529464 -0.275327
vn -0.802409 -0.529469 -0.275323
vn -0.681238 -0.728989 -0.067012
vn -0.681238 -0.728989 -0.067012
vn -0.493384 -0.857155 0.147844
vn -0.493384 -0.857155 0.147844
vn -0.257242 -0.901409 0.348265
vn -0.257243 -0.901409 0.348265
vn 0.004083 -0.857409 0.514619
vn 0.004083 -0.857409 0.514619
vn 0.265004 -0.729509 0.630547
vn 0.265004 -0.729509 0.630547
vn 0.499999 -0.530195 0.684758
vn 0.499999 -0.530196 0.684758
vn -0.229738 0.299813 -0.925923
vn -0.398637 0.071738 -0.914299
vn -0.398637 0.071738 -0.914299
vn -0.229738 0.299813 -0.925923
vn -0.016405 0.480768 -0.876695
vn -0.016405 0.480768 -0.876695
vn 0.220479 0.596895 -0.771431
vn 0.220479 0.596895 -0.771431
vn 0.457727 0.636826 -0.620435
vn 0.457727 0.636826 -0.620435
vn 0.672116 0.596649 -0.438486
vn 0.672116 0.596649 -0.438486
vn 0.842657 0.480298 -0.243400
vn 0.842657 0.480298 -0.243400
vn 0.952657 0.299164 -0.054272
vn 0.952657 0.299163 -0.054272
vn 0.991351 0.070975 0.110387
vn 0.991351 0.070975 0.110387
vn 0.954950 -0.181931 0.234462
vn 0.954950 -0.181931 0.234462
vn 0.847016 -0.434797 0.305803
vn 0.847016 -0.434797 0.305803
vn 0.678116 -0.662871 0.317427
vn 0.678117 -0.662871 0.317427
vn 0.464783 -0.843828 0.268199
vn 0.464783 -0.843828 0.268199
vn 0.227899 -0.959955 0.162937
vn 0.227899 -0.959955 0.162937
vn -0.009348 -0.999885 0.011940
vn -0.009348 -0.999885 0.011940
vn -0.223737 -0.959708 -0.170009
vn -0.223737 -0.959708 -0.170009
vn -0.394278 -0.843356 -0.365095
vn -0.394278 -0.843356 -0.365095
vn -0.504279 -0.662223 -0.554224
vn -0.504279 -0.662223 -0.554224
vn -0.542973 -0.434035 -0.718884
vn -0.542973 -0.434035 -0.718884
vn -0.506571 -0.181129 -0.842958
vn -0.506571 -0.181128 -0.842958
vn -0.499994 0.530191 -0.684765
vn -0.686032 0.278970 -0.671964
vn -0.686032 0.278970 -0.671964
vn -0.499994 0.530191 -0.684765
vn -0.265011 0.729512 -0.630541
vn -0.265011 0.729512 -0.630541
vn -0.004086 0.857423 -0.514595
vn -0.004086 0.857423 -0.514596
vn 0.257238 0.901406 -0.348275
vn 0.257238 0.901406 -0.348275
vn 0.493383 0.857153 -0.147860
vn 0.493383 0.857153 -0.147860
vn 0.681231 0.728993 0.067025
vn 0.681231 0.728993 0.067025
vn 0.802396 0.529477 0.275345
vn 0.802396 0.529477 0.275346
vn 0.845018 0.278131 0.456715
vn 0.845018 0.278131 0.456715
vn 0.804922 -0.000441 0.593381
vn 0.804921 -0.000442 0.593381
vn 0.686035 -0.278970 0.671961
vn 0.686035 -0.278969 0.671961
vn 0.499996 -0.530191 0.684764
vn 0.499996 -0.530191 0.684764
vn 0.265012 -0.729512 0.630540
vn 0.265011 -0.729512 0.630540
vn 0.004086 -0.857425 0.514593
vn 0.004086 -0.857425 0.514593
vn -0.257239 -0.901406 0.348274
vn -0.257239 -0.901406 0.348275
vn -0.493383 -0.857152 0.147867
vn -0.493383 -0.857152 0.147867
vn -0.681231 -0.728994 -0.067019
vn -0.681231 -0.728994 -0.067019
vn -0.802396 -0.529476 -0.275347
vn -0.802396 -0.529476 -0.275347
vn -0.845017 -0.278130 -0.456715
vn -0.845018 -0.278130 -0.456716
vn -0.804922 0.000442 -0.593381
vn -0.804922 0.000441 -0.593381
vn 0.951057 0.281148 -0.128242
vn 0.809018 0.534778 -0.243930
vn 0.809016 0.534781 -0.243931
vn 0.951056 0.281151 -0.128243
vn 0.587784 0.736066 -0.335734
vn 0.587784 0.736066 -0.335734
vn 0.309016 0.865293 -0.394685
vn 0.309015 0.865294 -0.394686
vn 0.000000 0.909822 -0.414998
vn 0.000000 0.909822 -0.414998
vn -0.309018 0.865297 -0.394676
vn -0.309016 0.865297 -0.394676
vn -0.587784 0.736064 -0.335739
vn -0.587784 0.736064 -0.335739
vn -0.809017 0.534777 -0.243935
vn -0.809015 0.534780 -0.243936
vn -0.951057 0.281149 -0.128242
vn -0.951056 0.281152 -0.128244
vn -1.000000 -0.000000 -0.000001
vn -1.000000 -0.000000 -0.000001
vn -0.951057 -0.281154 0.128231
vn -0.951057 -0.281153 0.128231
vn -0.809019 -0.534785 0.243914
vn -0.809017 -0.534788 0.243915
vn -0.587785 -0.736068 0.335727
vn -0.587785 -0.736068 0.335727
vn -0.309016 -0.865303 0.394664
vn -0.309016 -0.865303 0.394664
vn -0.000000 -0.909837 0.414967
vn -0.000000 -0.909837 0.414967
vn 0.309017 -0.865307 0.394655
vn 0.309017 -0.865307 0.394655
vn 0.587787 -0.736071 0.335717
vn 0.587787 -0.736071 0.335717
vn 0.809018 -0.534786 0.243914
vn 0.809016 -0.534789 0.243915
vn 0.951057 -0.281153 0.128231
vn 0.951057 -0.281153 0.128231
vn 1.000000 -0.000001 -0.000001
vn 1.000000 -0.000001 -0.000001
vn -0.000001 0.414985 0.909828
vn 0.000004 0.414980 0.909830
vn 0.000001 0.414979 0.909831
vn 0.000005 0.414978 0.909831
vn 0.000001 0.414981 0.909830
vn 0.000001 0.414979 0.909831
vn 0.000000 0.414980 0.909830
vn -0.000001 0.414982 0.909830
vn -0.000001 0.414982 0.909830
vn 0.000000 0.414979 0.909831
vn 0.000000 0.414976 0.909832
vn 0.000002 0.414972 0.909834
vn -0.000003 0.414975 0.909833
vn -0.000005 0.414982 0.909830
vn -0.000001 0.414980 0.909830
vn 0.000000 0.414977 0.909832
vn 0.000002 0.414980 0.909831
vn 0.000006 0.414980 0.909831
vn 0.000004 0.414973 0.909834
vn -0.000002 0.414975 0.909833
vn 0.000000 0.414981 0.909830
vn 0.928077 0.154531 0.338812
vn 0.882654 0.415466 0.219798
vn 0.882654 0.415464 0.219799
vn 0.928077 0.154530 0.338812
vn 0.882655 -0.106401 0.457820
vn 0.882655 -0.106402 0.457820
vn 0.750833 -0.341791 0.565180
vn 0.750833 -0.341791 0.565180
vn 0.545511 -0.528601 0.650384
vn 0.545510 -0.528601 0.650384
vn 0.286791 -0.648536 0.705090
vn 0.286791 -0.648536 0.705090
vn -0.000000 -0.689861 0.723942
vn -0.000000 -0.689861 0.723942
vn -0.286791 -0.648538 0.705089
vn -0.286791 -0.648538 0.705089
vn -0.545512 -0.528601 0.650383
vn -0.545511 -0.528602 0.650383
vn -0.750834 -0.341791 0.565180
vn -0.750834 -0.341791 0.565180
vn -0.882655 -0.106401 0.457820
vn -0.882655 -0.106402 0.457820
vn -0.928078 0.154531 0.338810
vn -0.928078 0.154530 0.338810
vn -0.882654 0.415466 0.219796
vn -0.882654 0.415465 0.219797
vn -0.750829 0.650856 0.112436
vn -0.750830 0.650855 0.112437
vn -0.545507 0.837664 0.027239
vn -0.545507 0.837663 0.027239
vn -0.286789 0.957600 -0.027464
vn -0.286790 0.957600 -0.027464
vn -0.000000 0.998927 -0.046309
vn -0.000000 0.998927 -0.046309
vn 0.286789 0.957600 -0.027459
vn 0.286790 0.957600 -0.027459
vn 0.545506 0.837664 0.027234
vn 0.545507 0.837664 0.027234
vn 0.750828 0.650858 0.112433
vn 0.750829 0.650856 0.112433
vn -0.000002 0.414983 0.909829
vn 0.000004 0.414988 0.909827
vn 0.000004 0.414988 0.909827
vn -0.000002 0.414983 0.909829
vn 0.000004 0.414981 0.909830
vn 0.000004 0.414981 0.909830
vn 0.000000 0.414976 0.909833
vn 0.000000 0.414976 0.909833
vn -0.000004 0.414978 0.909831
vn -0.000004 0.414978 0.909831
vn -0.000005 0.414984 0.909829
vn -0.000005 0.414984 0.909829
vn -0.000000 0.414984 0.909829
vn -0.000000 0.414984 0.909829
vn 0.000000 0.414979 0.909831
vn 0.000000 0.414979 0.909831
vn -0.000003 0.414978 0.909831
vn -0.000003 0.414978 0.909831
vn -0.000000 0.414977 0.909832
vn -0.000000 0.414977 0.909832
vn 0.000001 0.414977 0.909832
vn 0.000001 0.414977 0.909832
vn -0.000003 0.414978 0.909832
vn -0.000003 0.414978 0.909832
vn -0.000002 0.414983 0.909829
vn -0.000002 0.414982 0.909829
vn 0.000000 0.414984 0.909829
vn 0.000000 0.414984 0.909829
vn 0.000003 0.414980 0.909831
vn 0.000003 0.414980 0.909830
vn 0.000003 0.414977 0.909832
vn 0.000003 0.414977 0.909832
vn -0.000001 0.414978 0.909832
vn -0.000001 0.414978 0.909832
vn 0.000000 0.414976 0.909833
vn 0.000000 0.414976 0.909833
vn 0.000002 0.414977 0.909832
vn 0.000002 0.414977 0.909832
vn -0.000002 0.414981 0.909830
vn -0.000002 0.414981 0.909830
vn -0.951057 -0.281153 0.128236
vn -0.809016 -0.534787 0.243916
vn -0.809018 -0.534786 0.243915
vn -0.951056 -0.281155 0.128237
vn -0.587790 -0.736067 0.335719
vn -0.587790 -0.736067 0.335719
vn -0.309021 -0.865303 0.394659
vn -0.309021 -0.865304 0.394659
vn -0.000000 -0.909832 0.414976
vn -0.000000 -0.909832 0.414976
vn 0.309020 -0.865301 0.394665
vn 0.309020 -0.865301 0.394666
vn 0.587790 -0.736070 0.335713
vn 0.587790 -0.736070 0.335714
vn 0.809018 -0.534787 0.243912
vn 0.809017 -0.534788 0.243913
vn 0.951056 -0.281155 0.128233
vn 0.951056 -0.281157 0.128234
vn 1.000000 0.000001 0.000001
vn 1.000000 -0.000001 0.000002
vn 0.951057 0.281153 -0.128234
vn 0.951057 0.281153 -0.128234
vn 0.809015 0.534783 -0.243929
vn 0.809014 0.534785 -0.243930
vn 0.587780 0.736068 -0.335735
vn 0.587782 0.736067 -0.335734
vn 0.309017 0.865301 -0.394667
vn 0.309017 0.865301 -0.394667
vn 0.000000 0.909832 -0.414977
vn 0.000000 0.909832 -0.414977
vn -0.309017 0.865301 -0.394667
vn -0.309018 0.865301 -0.394667
vn -0.587781 0.736068 -0.335735
vn -0.587782 0.736067 -0.335734
vn -0.809016 0.534782 -0.243929
vn -0.809014 0.534784 -0.243930
vn -0.951057 0.281152 -0.128235
vn -0.951057 0.281152 -0.128235
vn -1.000000 0.000002 -0.000000
vn -1.000000 0.000000 0.000000
vn 1.000000 -0.000001 0.000000
vn 0.951057 0.281152 -0.128235
vn 0.951057 0.281152 -0.128235
vn 1.000000 -0.000001 0.000000
vn 0.951057 -0.281153 0.128236
vn 0.951057 -0.281153 0.128236
vn 0.809017 -0.534785 0.243919
vn 0.809017 -0.534785 0.243919
vn 0.587786 -0.736068 0.335726
vn 0.587786 -0.736068 0.335726
vn 0.309018 -0.865300 0.394669
vn 0.309017 -0.865301 0.394669
vn 0.000000 -0.909831 0.414979
vn 0.000000 -0.909831 0.414979
vn -0.309018 -0.865300 0.394668
vn -0.309017 -0.865301 0.394669
vn -0.587786 -0.736068 0.335726
vn -0.587786 -0.736068 0.335725
vn -0.809017 -0.534785 0.243919
vn -0.809017 -0.534785 0.243919
vn -0.951057 -0.281153 0.128235
vn -0.951057 -0.281153 0.128235
vn -1.000000 0.000000 0.000000
vn -1.000000 0.000001 -0.000000
vn -0.951057 0.281153 -0.128235
vn -0.951057 0.281153 -0.128235
vn -0.809016 0.534786 -0.243918
vn -0.809017 0.534786 -0.243918
vn -0.587781 0.736072 -0.335726
vn -0.587782 0.736071 -0.335726
vn -0.309018 0.865300 -0.394669
vn -0.309017 0.865300 -0.394669
vn 0.000000 0.909831 -0.414980
vn 0.000000 0.909831 -0.414980
vn 0.309018 0.865301 -0.394669
vn 0.309017 0.865301 -0.394669
vn 0.587781 0.736072 -0.335725
vn 0.587782 0.736072 -0.335725
vn 0.809016 0.534787 -0.243919
vn 0.809016 0.534786 -0.243919
vn -0.134909 0.332537 0.933391
vn -0.143566 0.409202 0.901079
vn -0.174519 0.408195 0.896058
vn -0.167824 0.353082 0.920417
vn -0.134290 0.485675 0.863763
vn -0.167120 0.463625 0.870128
vn -0.145537 0.504408 0.851112
vn -0.121812 0.536598 0.835000
vn -0.072621 0.506836 0.858978
vn -0.064667 0.561123 0.825203
vn 0.000010 0.516291 0.856413
vn -0.000427 0.570108 0.821570
vn 0.073970 0.507031 0.858748
vn 0.065963 0.559925 0.825913
vn 0.132965 0.483921 0.864951
vn 0.121569 0.534279 0.836521
vn 0.140917 0.501782 0.853438
vn 0.162515 0.462699 0.871492
vn 0.142436 0.410103 0.900848
vn 0.170476 0.408660 0.896624
vn 0.133677 0.333519 0.933218
vn 0.164327 0.354237 0.920605
vn 0.143870 0.313260 0.938706
vn 0.121997 0.278584 0.952632
vn 0.073063 0.315839 0.945996
vn 0.065050 0.253788 0.965070
vn -0.000564 0.307924 0.951411
vn 0.000630 0.243996 0.969776
vn -0.073966 0.313970 0.946547
vn -0.065078 0.252398 0.965433
vn -0.146119 0.311566 0.938923
vn -0.123113 0.276497 0.953096
vn 0.074546 0.414238 0.907111
vn -0.000229 0.414980 0.909831
vn -0.073366 0.412524 0.907988
vn 0.000000 0.000000 1.000000
vn 0.000000 0.000000 1.000000
vn 0.000000 0.000000 1.000000
vn 0.000000 0.000000 1.000000
vn 0.000000 1.000000 0.000000
vn 0.000000 1.000000 0.000000
vn 0.000000 1.000000 0.000000
vn 0.000000 1.000000 0.000000
vn 0.000000 0.000000 -1.000000
vn 0.000000 0.000000 -1.000000
vn 0.000000 0.000000 -1.000000
vn 0.000000 0.000000 -1.000000
vn 1.000000 0.000000 0.000000
vn 1.000000 0.000000 0.000000
vn 1.000000 0.000000 0.000000
vn 1.000000 0.000000 0.000000
vn -1.000000 0.000000 0.000000
vn -1.000000 0.000000 0.000000
vn -1.000000 0.000000 0.000000
vn -1.000000 0.000000 0.000000
vn -0.134909 0.332537 0.933391
vn -0.143565 0.409201 0.901079
vn -0.174518 0.408194 0.896059
vn -0.167824 0.353082 0.920418
vn -0.134290 0.485675 0.863763
vn -0.167120 0.463623 0.870129
vn -0.145538 0.504413 0.851109
vn -0.121813 0.536599 0.834999
vn -0.072621 0.506837 0.858978
vn -0.064667 0.561123 0.825203
vn 0.000010 0.516291 0.856413
vn -0.000427 0.570108 0.821570
vn 0.073970 0.507031 0.858748
vn 0.065963 0.559925 0.825913
vn 0.132965 0.483921 0.864951
vn 0.121569 0.534278 0.836521
vn 0.140916 0.501780 0.853440
vn 0.162516 0.462701 0.871491
vn 0.142436 0.410103 0.900848
vn 0.170476 0.408660 0.896624
vn 0.133677 0.333519 0.933218
vn 0.164327 0.354235 0.920605
vn 0.143870 0.313262 0.938706
vn 0.121997 0.278584 0.952632
vn 0.073063 0.315839 0.945996
vn 0.065050 0.253788 0.965070
vn -0.000564 0.307924 0.951411
vn 0.000630 0.243996 0.969776
vn -0.073966 0.313970 0.946547
vn -0.065078 0.252398 0.965433
vn -0.146118 0.311564 0.938924
vn -0.123113 0.276497 0.953096
vn 0.074546 0.414238 0.907111
vn -0.000229 0.414980 0.909831
vn -0.073366 0.412524 0.907988
vn 0.918198 -0.260587 -0.298340
vn 0.781066 -0.260587 -0.567477
vn 0.781066 -0.260587 -0.567477
vn 0.918198 -0.260587 -0.298340
vn 0.567477 -0.260587 -0.781066
vn 0.567477 -0.260587 -0.781066
vn 0.298340 -0.260588 -0.918198
vn 0.298340 -0.260588 -0.918198
vn -0.000001 -0.260588 -0.965450
vn -0.000001 -0.260588 -0.965450
vn -0.298340 -0.260587 -0.918198
vn -0.298340 -0.260587 -0.918198
vn -0.567477 -0.260588 -0.781066
vn -0.567477 -0.260588 -0.781066
vn -0.781066 -0.260588 -0.567477
vn -0.781066 -0.260587 -0.567477
vn -0.918198 -0.260588 -0.298340
vn -0.918198 -0.260587 -0.298340
vn -0.965450 -0.260588 0.000000
vn -0.965450 -0.260588 0.000000
vn -0.918198 -0.260588 0.298341
vn -0.918198 -0.260588 0.298341
vn -0.781066 -0.260588 0.567477
vn -0.781066 -0.260588 0.567477
vn -0.567478 -0.260588 0.781065
vn -0.567477 -0.260588 0.781066
vn -0.298340 -0.260588 0.918198
vn -0.298340 -0.260588 0.918198
vn 0.000000 -0.260588 0.965450
vn 0.000000 -0.260588 0.965450
vn 0.298341 -0.260588 0.918198
vn 0.298341 -0.260588 0.918198
vn 0.567478 -0.260588 0.781065
vn 0.567478 -0.260588 0.781065
vn 0.781066 -0.260588 0.567478
vn 0.781066 -0.260588 0.567478
vn 0.918198 -0.260587 0.298341
vn 0.918198 -0.260587 0.298341
vn 0.965451 -0.260587 0.000001
vn 0.965451 -0.260587 0.000001
vn 0.000000 -1.000000 -0.000000
vn 0.000000 -1.000000 -0.000000
vn 0.000000 -1.000000 -0.000000
vn 0.000000 -1.000000 0.000000
vn 0.000000 -1.000000 -0.000000
vn 0.000000 -1.000000 0.000000
vn 0.000000 -1.000000 0.000000
vn 0.000000 -1.000000 0.000000
vn 0.000000 -1.000000 -0.000000
vn 0.000000 -1.000000 0.000000
vn 0.000000 -1.000000 0.000000
vn 0.000000 -1.000000 -0.000000
vn 0.000000 -1.000000 -0.000000
vn 0.000000 -1.000000 -0.000000
vn 0.000000 -1.000000 0.000000
vn 0.000000 -1.000000 0.000000
vn 0.000000 -1.000000 0.000000
vn 0.000000 -1.000000 0.000000
vn 0.000000 -1.000000 0.000000
vn 0.000000 -1.000000 0.000000
vn 0.000000 -1.000000 0.000000
vn 1.000000 0.000000 0.000000
vn 0.951057 0.000000 -0.309016
vn 0.951057 0.000000 -0.309016
vn 1.000000 0.000000 0.000000
vn 0.951057 0.000000 0.309017
vn 0.951057 0.000000 0.309017
vn 0.809017 0.000000 0.587786
vn 0.809017 0.000000 0.587786
vn 0.587786 0.000000 0.809016
vn 0.587786 0.000000 0.809016
vn 0.309017 0.000000 0.951057
vn 0.309017 0.000000 0.951057
vn 0.000000 0.000000 1.000000
vn 0.000000 0.000000 1.000000
vn -0.309017 0.000000 0.951057
vn -0.309017 0.000000 0.951057
vn -0.587786 0.000000 0.809017
vn -0.587786 0.000000 0.809017
vn -0.809017 0.000000 0.587786
vn -0.809017 0.000000 0.587786
vn -0.951057 0.000000 0.309017
vn -0.951057 0.000000 0.309017
vn -1.000000 0.000000 0.000000
vn -1.000000 0.000000 0.000000
vn -0.951057 0.000000 -0.309017
vn -0.951057 0.000000 -0.309017
vn -0.809017 0.000000 -0.587785
vn -0.809017 0.000000 -0.587785
vn -0.587785 0.000000 -0.809017
vn -0.587785 0.000000 -0.809017
vn -0.309018 0.000000 -0.951056
vn -0.309018 0.000000 -0.951056
vn -0.000000 0.000000 -1.000000
vn -0.000000 0.000000 -1.000000
vn 0.309017 0.000000 -0.951056
vn 0.309017 0.000000 -0.951056
vn 0.587785 0.000000 -0.809017
vn 0.587785 0.000000 -0.809017
vn 0.809017 0.000000 -0.587785
vn 0.809017 0.000000 -0.587785
vn -0.707207 0.000029 0.707006
vn -0.707207 0.000029 0.707006
vn -0.707207 0.000029 0.707006
vn -0.707207 0.000029 0.707006
vn -0.707208 -0.693400 0.138034
vn -0.707208 -0.693400 0.138034
vn -0.707208 -0.693400 0.138034
vn -0.707208 -0.693400 0.138034
vn 0.707208 0.000029 0.707006
vn 0.707208 0.000029 0.707006
vn 0.707208 0.000029 0.707006
vn 0.707208 0.000029 0.707006
vn 0.707208 -0.693400 0.138034
vn 0.707208 -0.693400 0.138034
vn 0.707208 -0.693400 0.138034
vn 0.707208 -0.693400 0.138034
vn -0.707117 0.000016 -0.707097
vn -0.707117 0.000016 -0.707097
vn -0.707203 0.000157 -0.707011
vn -0.707203 0.000157 -0.707011
vn -0.707107 0.000000 -0.707107
vn -0.707107 0.000000 -0.707107
vn -0.703575 0.696967 -0.138635
vn -0.703575 0.696967 -0.138635
vn -0.703543 0.696971 -0.138778
vn -0.703539 0.696971 -0.138795
vn 0.707115 0.000010 -0.707098
vn 0.707115 0.000010 -0.707098
vn 0.707107 0.000000 -0.707107
vn 0.707107 0.000000 -0.707107
vn 0.707187 0.000093 -0.707027
vn 0.707187 0.000093 -0.707026
vn 0.703571 0.696975 -0.138614
vn 0.703571 0.696975 -0.138614
vn 0.703538 0.696973 -0.138791
vn 0.703541 0.696973 -0.138772
vn 0.703525 0.696973 -0.138860
vn 0.703525 0.696973 -0.138860
vn -0.703525 0.696973 -0.138858
vn -0.703525 0.696973 -0.138858
vn -1.000000 0.000057 0.000061
vn -1.000000 0.000021 0.000059
vn -1.000000 0.000021 0.000059
vn -1.000000 0.000132 0.000035
vn 1.000000 0.000132 0.000035
vn 1.000000 0.000021 0.000059
vn 1.000000 0.000021 0.000059
vn 1.000000 0.000057 0.000061
vn 1.000000 0.000510 0.000087
vn 1.000000 0.000455 -0.000142
vn 1.000000 0.000448 -0.000170
vn 1.000000 0.000448 -0.000170
vn -1.000000 0.000455 -0.000142
vn -1.000000 0.000510 0.000087
vn -1.000000 0.000448 -0.000170
vn -1.000000 0.000448 -0.000170
vn 0.000000 0.000000 1.000000
vn 0.000000 0.000000 1.000000
vn 0.000000 0.000000 1.000000
vn 0.000000 0.000000 1.000000
vn 0.000000 0.980748 -0.195277
vn 0.000000 0.980748 -0.195277
vn 0.000000 0.980748 -0.195276
vn 0.000000 0.980748 -0.195276
vn 0.000000 0.000000 -1.000000
vn 0.000000 0.000000 -1.000000
vn 0.000000 0.000000 -1.000000
vn 0.000000 0.000000 -1.000000
vn 0.000000 0.000000 -1.000000
vn 0.000000 0.000000 -1.000000
vn 0.000000 -0.980748 0.195278
vn 0.000000 -0.980748 0.195278
vn 0.000000 -0.980748 0.195278
vn 0.000000 -0.980748 0.195278
vn 0.000000 0.980748 -0.195277
vn 0.000000 0.980748 -0.195277
vn 0.000000 1.000000 0.000000
vn 0.000000 1.000000 0.000000
vn 0.000000 1.000000 0.000000
vn 0.000000 1.000000 0.000001
vn 0.000000 1.000000 0.000001
vn 0.000000 1.000000 0.000000
vn 0.000000 1.000000 0.000000
vn 0.000000 1.000000 0.000000
vn 0.000000 1.000000 0.000000
vn 0.000000 1.000000 -0.000001
vn 0.000000 1.000000 0.000001
vn 0.000000 1.000000 0.000002
vn 0.000000 1.000000 -0.000001
vn 0.000000 1.000000 -0.000001
vn 0.000000 1.000000 -0.000000
vn 0.000000 1.000000 -0.000000
vn 0.000000 1.000000 0.000001
vn 0.000000 1.000000 0.000000
vn 0.000000 1.000000 0.000000
vn 0.000000 1.000000 0.000000
vn 0.000000 1.000000 0.000000
vn 0.668320 0.711474 -0.217150
vn 0.668320 0.711474 -0.217150
vn 0.702713 0.711474 0.000001
vn 0.702713 0.711474 0.000001
vn 0.568506 0.711474 -0.413044
vn 0.568506 0.711474 -0.413044
vn 0.413044 0.711474 -0.568506
vn 0.413044 0.711474 -0.568506
vn 0.217150 0.711474 -0.668319
vn 0.217150 0.711474 -0.668319
vn -0.000000 0.711474 -0.702713
vn -0.000000 0.711474 -0.702713
vn -0.217150 0.711474 -0.668319
vn -0.217150 0.711474 -0.668319
vn -0.413044 0.711474 -0.568507
vn -0.413044 0.711474 -0.568507
vn -0.568507 0.711474 -0.413044
vn -0.568507 0.711474 -0.413044
vn -0.668320 0.711474 -0.217150
vn -0.668320 0.711474 -0.217150
vn -0.702713 0.711474 -0.000000
vn -0.702713 0.711474 -0.000000
vn -0.668320 0.711474 0.217150
vn -0.668320 0.711474 0.217150
vn -0.568506 0.711474 0.413044
vn -0.568506 0.711474 0.413044
vn -0.413044 0.711474 0.568506
vn -0.413044 0.711474 0.568506
vn -0.217150 0.711474 0.668319
vn -0.217150 0.711474 0.668319
vn -0.000000 0.711474 0.702713
vn -0.000000 0.711474 0.702713
vn 0.217150 0.711474 0.668320
vn 0.217150 0.711474 0.668320
vn 0.413044 0.711474 0.568506
vn 0.413044 0.711474 0.568506
vn 0.568507 0.711474 0.413044
vn 0.568507 0.711474 0.413044
vn 0.668320 0.711474 0.217150
vn 0.668320 0.711474 0.217150
vn 0.951057 0.000000 -0.309016
vn 0.951057 0.000000 -0.309016
vn 0.809017 0.000000 -0.587786
vn 0.809017 0.000000 -0.587786
vn 0.587785 0.000000 -0.809017
vn 0.587785 0.000000 -0.809017
vn 0.309017 0.000000 -0.951057
vn 0.309017 0.000000 -0.951057
vn -0.000000 0.000000 -1.000000
vn -0.000000 0.000000 -1.000000
vn -0.309017 0.000000 -0.951057
vn -0.309017 0.000000 -0.951057
vn -0.587785 0.000000 -0.809017
vn -0.587785 0.000000 -0.809017
vn -0.809017 0.000000 -0.587785
vn -0.809017 0.000000 -0.587785
vn -0.951057 0.000000 -0.309017
vn -0.951057 0.000000 -0.309017
vn -1.000000 0.000000 0.000000
vn -1.000000 0.000000 0.000000
vn -0.951057 0.000000 0.309017
vn -0.951057 0.000000 0.309017
vn -0.809017 0.000000 0.587785
vn -0.809017 0.000000 0.587785
vn -0.587785 0.000000 0.809017
vn -0.587785 0.000000 0.809017
vn -0.309017 0.000000 0.951057
vn -0.309017 0.000000 0.951057
vn 0.000000 0.000000 1.000000
vn 0.000000 0.000000 1.000000
vn 0.309017 0.000000 0.951057
vn 0.309017 0.000000 0.951057
vn 0.587785 0.000000 0.809017
vn 0.587785 0.000000 0.809017
vn 0.809017 0.000000 0.587785
vn 0.809017 0.000000 0.587785
vn 0.951057 0.000000 0.309017
vn 0.951057 0.000000 0.309017
vn 1.000000 0.000000 0.000001
vn 1.000000 0.000000 0.000001
vn 0.000000 1.000000 0.000000
vn 0.000000 1.000000 -0.000001
vn 0.000000 1.000000 -0.000001
vn 0.000000 1.000000 0.000000
vn 0.000000 1.000000 -0.000002
vn 0.000000 1.000000 -0.000002
vn 0.000000 1.000000 -0.000000
vn 0.000000 1.000000 -0.000000
vn 0.000000 1.000000 -0.000000
vn 0.000000 1.000000 -0.000000
vn 0.000000 1.000000 -0.000001
vn 0.000000 1.000000 -0.000001
vn 0.000000 1.000000 0.000000
vn 0.000000 1.000000 0.000000
vn 0.000000 1.000000 0.000000
vn 0.000000 1.000000 0.000000
vn 0.000000 1.000000 -0.000001
vn 0.000000 1.000000 -0.000001
vn 0.000000 1.000000 0.000000
vn 0.000000 1.000000 -0.000000
vn 0.000000 1.000000 -0.000001
vn 0.000000 1.000000 -0.000001
vn 0.000000 1.000000 -0.000001
vn 0.000000 1.000000 -0.000001
vn 0.000000 1.000000 0.000000
vn 0.000000 1.000000 0.000000
vn 0.000000 1.000000 -0.000001
vn 0.000000 1.000000 -0.000001
vn 0.000000 1.000000 0.000000
vn 0.000000 1.000000 0.000000
vn 0.000000 1.000000 0.000000
vn 0.000000 1.000000 0.000000
vn 0.000000 1.000000 0.000000
vn 0.000000 1.000000 0.000000
vn 0.000000 1.000000 0.000000
vn 0.000000 1.000000 0.000000
vn 0.000000 1.000000 0.000000
vn 0.000000 1.000000 0.000000
vn 0.000000 1.000000 0.000001
vn 0.000000 1.000000 0.000001
vn -0.951057 0.000000 0.309016
vn -0.809017 -0.000000 0.587785
vn -0.809017 -0.000000 0.587785
vn -0.951057 0.000000 0.309015
vn -0.587784 -0.000000 0.809018
vn -0.587784 -0.000000 0.809018
vn -0.309017 0.000000 0.951057
vn -0.309017 0.000000 0.951057
vn 0.000000 0.000000 1.000000
vn 0.000000 0.000000 1.000000
vn 0.309017 0.000000 0.951057
vn 0.309017 0.000000 0.951057
vn 0.587784 0.000000 0.809018
vn 0.587784 0.000000 0.809018
vn 0.809017 0.000000 0.587785
vn 0.809017 0.000000 0.587785
vn 0.951057 0.000000 0.309016
vn 0.951057 0.000000 0.309016
vn 1.000000 0.000000 0.000000
vn 1.000000 0.000000 0.000000
vn 0.951057 0.000000 -0.309016
vn 0.951057 0.000000 -0.309016
vn 0.809017 0.000000 -0.587785
vn 0.809017 0.000000 -0.587785
vn 0.587785 0.000000 -0.809017
vn 0.587785 0.000000 -0.809017
vn 0.309017 0.000000 -0.951057
vn 0.309017 0.000000 -0.951057
vn 0.000000 0.000000 -1.000000
vn 0.000000 0.000000 -1.000000
vn -0.309017 0.000000 -0.951057
vn -0.309017 0.000000 -0.951057
vn -0.587785 0.000000 -0.809017
vn -0.587785 0.000000 -0.809017
vn -0.809017 0.000000 -0.587785
vn -0.809017 0.000000 -0.587785
vn -0.951057 0.000000 -0.309017
vn -0.951057 0.000000 -0.309016
vn -1.000000 -0.000000 -0.000001
vn -1.000000 -0.000000 -0.000001
vn 0.533223 -0.623787 -0.571457
vn 0.629762 -0.540628 -0.557783
vn 0.647798 -0.558729 -0.517861
vn 0.579116 -0.619386 -0.530082
vn 0.708461 -0.435751 -0.555162
vn 0.704864 -0.483988 -0.518578
vn 0.734376 -0.416606 -0.535846
vn 0.751553 -0.356687 -0.554926
vn 0.689392 -0.366557 -0.624800
vn 0.737498 -0.282601 -0.613378
vn 0.646092 -0.298144 -0.702621
vn 0.699255 -0.220197 -0.680115
vn 0.577284 -0.247131 -0.778247
vn 0.636733 -0.178691 -0.750094
vn 0.502625 -0.221910 -0.835538
vn 0.564577 -0.164145 -0.808894
vn 0.514517 -0.190253 -0.836108
vn 0.453922 -0.220628 -0.863295
vn 0.412183 -0.307801 -0.857533
vn 0.386288 -0.280804 -0.878596
vn 0.329405 -0.405513 -0.852673
vn 0.328441 -0.351333 -0.876751
vn 0.297200 -0.416732 -0.859073
vn 0.273720 -0.473735 -0.837050
vn 0.358476 -0.482848 -0.798969
vn 0.289035 -0.551321 -0.782626
vn 0.406788 -0.555076 -0.725544
vn 0.327012 -0.615732 -0.716894
vn 0.468682 -0.604025 -0.644586
vn 0.386448 -0.657675 -0.646624
vn 0.515319 -0.651621 -0.556629
vn 0.457067 -0.672694 -0.581869
vn 0.473991 -0.368448 -0.799737
vn 0.534902 -0.433163 -0.725430
vn 0.586464 -0.491997 -0.643427
vn 0.809016 0.000000 -0.587787
vn 0.809016 0.000000 -0.587787
vn 0.951057 0.000000 -0.309016
vn 0.951057 0.000000 -0.309016
vn 0.587783 -0.000000 -0.809019
vn 0.587783 -0.000000 -0.809019
vn 0.309016 -0.000000 -0.951057
vn 0.309016 -0.000000 -0.951057
vn 0.000000 0.000000 -1.000000
vn 0.000000 0.000000 -1.000000
vn -0.309018 0.000000 -0.951056
vn -0.309018 0.000000 -0.951056
vn -0.587785 -0.000000 -0.809017
vn -0.587785 -0.000000 -0.809017
vn -0.809016 -0.000000 -0.587787
vn -0.809016 -0.000000 -0.587787
vn -0.951057 0.000000 -0.309017
vn -0.951057 0.000000 -0.309017
vn -1.000000 0.000000 0.000000
vn -1.000000 0.000000 0.000000
vn -0.951057 0.000000 0.309017
vn -0.951057 0.000000 0.309017
vn -0.809016 -0.000000 0.587787
vn -0.809016 -0.000000 0.587787
vn -0.587783 -0.000001 0.809019
vn -0.587782 -0.000001 0.809019
vn -0.309016 -0.000000 0.951057
vn -0.309016 -0.000000 0.951057
vn 0.000000 -0.000000 1.000000
vn 0.000000 -0.000000 1.000000
vn 0.309016 0.000000 0.951057
vn 0.309016 0.000000 0.951057
vn 0.587783 -0.000000 0.809019
vn 0.587783 -0.000000 0.809019
vn 0.809016 -0.000000 0.587787
vn 0.809016 -0.000000 0.587787
vn 0.951057 -0.000000 0.309017
vn 0.951057 -0.000000 0.309017
vn 1.000000 -0.000000 0.000001
vn 1.000000 -0.000000 0.000001
vn 0.000000 -1.000000 0.000000
vn 0.000000 -1.000000 0.000000
vn 0.000000 -1.000000 -0.000001
vn 0.000000 -1.000000 0.000002
vn 0.000000 -1.000000 0.000004
vn 0.000000 -1.000000 -0.000001
vn 0.000000 -1.000000 -0.000002
vn 0.000000 -1.000000 0.000000
vn 0.000000 -1.000000 -0.000009
vn 0.000000 -1.000000 -0.000000
vn 0.000000 -1.000000 0.000000
vn 0.000000 -1.000000 -0.000000
vn 0.000000 -1.000000 0.000004
vn 0.000000 -1.000000 -0.000007
vn 0.000000 -1.000000 -0.000002
vn 0.000000 -1.000000 -0.000000
vn 0.000000 -1.000000 0.000000
vn 0.000000 -1.000000 0.000000
vn 0.000000 -1.000000 0.000000
vn 0.000000 -1.000000 -0.000009
vn 0.000000 -1.000000 -0.000009
vn 0.000000 1.000000 0.000000
vn 0.000000 1.000000 0.000000
vn 0.000000 1.000000 0.000000
vn 0.000000 1.000000 0.000000
vn 0.000000 1.000000 0.000000
vn 0.000000 1.000000 0.000001
vn 0.000000 1.000000 0.000001
vn 0.000000 1.000000 0.000003
vn 0.000000 1.000000 -0.000003
vn 0.000000 1.000000 -0.000006
vn 0.000000 1.000000 0.000000
vn 0.000000 1.000000 0.000006
vn 0.000000 1.000000 0.000006
vn 0.000000 1.000000 0.000000
vn 0.000000 1.000000 0.000000
vn 0.000000 1.000000 -0.000000
vn 0.000000 1.000000 -0.000002
vn 0.000000 1.000000 0.000002
vn 0.000000 1.000000 0.000003
vn 0.000000 1.000000 0.000000
vn 0.000000 1.000000 0.000000
vn 0.771906 -0.635737 0.000002
vn 0.734126 -0.635737 -0.238531
vn 0.734126 -0.635737 -0.238532
vn 0.771906 -0.635737 0.000002
vn 0.734126 -0.635737 0.238533
vn 0.734126 -0.635737 0.238533
vn 0.624485 -0.635737 0.453714
vn 0.624485 -0.635737 0.453714
vn 0.453715 -0.635737 0.624484
vn 0.453715 -0.635738 0.624484
vn 0.238532 -0.635737 0.734126
vn 0.238532 -0.635737 0.734126
vn 0.000000 -0.635736 0.771907
vn 0.000000 -0.635736 0.771907
vn -0.238531 -0.635736 0.734127
vn -0.238531 -0.635736 0.734127
vn -0.453715 -0.635737 0.624485
vn -0.453714 -0.635737 0.624485
vn -0.624485 -0.635737 0.453715
vn -0.624485 -0.635737 0.453715
vn -0.734126 -0.635737 0.238533
vn -0.734126 -0.635737 0.238533
vn -0.771906 -0.635737 0.000001
vn -0.771906 -0.635737 0.000001
vn -0.734126 -0.635737 -0.238532
vn -0.734126 -0.635737 -0.238532
vn -0.624485 -0.635736 -0.453716
vn -0.624485 -0.635736 -0.453716
vn -0.453715 -0.635737 -0.624485
vn -0.453715 -0.635737 -0.624485
vn -0.238532 -0.635738 -0.734125
vn -0.238532 -0.635738 -0.734125
vn -0.000000 -0.635738 -0.771905
vn -0.000000 -0.635738 -0.771905
vn 0.238532 -0.635737 -0.734126
vn 0.238532 -0.635737 -0.734126
vn 0.453714 -0.635737 -0.624485
vn 0.453714 -0.635737 -0.624485
vn 0.624485 -0.635737 -0.453714
vn 0.624485 -0.635737 -0.453714
vn 1.000000 0.000000 0.000001
vn 0.951057 0.000000 -0.309016
vn 0.951057 0.000000 -0.309016
vn 1.000000 0.000000 0.000001
vn 0.951057 0.000000 0.309017
vn 0.951057 0.000000 0.309017
vn 0.809017 -0.000000 0.587785
vn 0.809017 -0.000000 0.587785
vn 0.587785 -0.000000 0.809017
vn 0.587785 -0.000000 0.809017
vn 0.309017 -0.000000 0.951056
vn 0.309017 -0.000000 0.951056
vn 0.000000 0.000000 1.000000
vn 0.000000 0.000000 1.000000
vn -0.309017 0.000000 0.951056
vn -0.309017 0.000000 0.951057
vn -0.587785 0.000000 0.809017
vn -0.587785 0.000000 0.809017
vn -0.809017 0.000000 0.587785
vn -0.809017 0.000000 0.587785
vn -0.951057 0.000000 0.309017
vn -0.951057 0.000000 0.309017
vn -1.000000 0.000000 0.000000
vn -1.000000 0.000000 0.000000
vn -0.951057 0.000000 -0.309017
vn -0.951057 0.000000 -0.309017
vn -0.809017 -0.000000 -0.587785
vn -0.809017 -0.000000 -0.587785
vn -0.587785 -0.000000 -0.809017
vn -0.587785 -0.000000 -0.809017
vn -0.309017 -0.000000 -0.951057
vn -0.309017 -0.000000 -0.951057
vn 0.000000 -0.000000 -1.000000
vn 0.000000 -0.000000 -1.000000
vn 0.309017 -0.000000 -0.951057
vn 0.309017 -0.000000 -0.951057
vn 0.587785 0.000000 -0.809017
vn 0.587785 0.000000 -0.809017
vn 0.809017 0.000000 -0.587785
vn 0.809017 0.000000 -0.587785
vn 0.000000 -1.000000 -0.000000
vn 0.000000 -1.000000 -0.000003
vn 0.000000 -1.000000 -0.000003
vn 0.000000 -1.000000 0.000000
vn 0.000000 -1.000000 -0.000003
vn 0.000000 -1.000000 -0.000003
vn 0.000000 -1.000000 -0.000003
vn 0.000000 -1.000000 -0.000003
vn 0.000000 -1.000000 -0.000006
vn 0.000000 -1.000000 -0.000006
vn 0.000000 -1.000000 0.000001
vn 0.000000 -1.000000 0.000001
vn 0.000000 -1.000000 0.000005
vn 0.000000 -1.000000 0.000005
vn 0.000000 -1.000000 0.000002
vn 0.000000 -1.000000 0.000002
vn 0.000000 -1.000000 -0.000001
vn 0.000000 -1.000000 -0.000001
vn 0.000000 -1.000000 0.000003
vn 0.000000 -1.000000 0.000003
vn 0.000000 -1.000000 -0.000000
vn 0.000000 -1.000000 0.000000
vn 0.000000 -1.000000 0.000003
vn 0.000000 -1.000000 0.000003
vn 0.000000 -1.000000 0.000003
vn 0.000000 -1.000000 0.000003
vn 0.000000 -1.000000 0.000003
vn 0.000000 -1.000000 0.000003
vn 0.000000 -1.000000 0.000000
vn 0.000000 -1.000000 -0.000000
vn 0.000000 -1.000000 -0.000007
vn 0.000000 -1.000000 -0.000007
vn 0.000000 -1.000000 0.000000
vn 0.000000 -1.000000 0.000000
vn 0.000000 -1.000000 0.000003
vn 0.000000 -1.000000 0.000003
vn 0.000000 -1.000000 0.000001
vn 0.000000 -1.000000 0.000001
vn 0.000000 -1.000000 -0.000003
vn 0.000000 -1.000000 -0.000003
vn -0.809013 0.000000 0.587791
vn -0.951056 0.000000 0.309019
vn -0.951056 0.000000 0.309019
vn -0.809013 0.000000 0.587791
vn -0.587789 0.000000 0.809014
vn -0.587789 0.000000 0.809014
vn -0.309023 0.000000 0.951055
vn -0.309023 0.000000 0.951055
vn -0.000000 0.000000 1.000000
vn -0.000000 0.000000 1.000000
vn 0.309011 0.000000 0.951058
vn 0.309011 0.000000 0.951058
vn 0.587780 0.000000 0.809021
vn 0.587780 0.000000 0.809021
vn 0.809013 0.000000 0.587791
vn 0.809013 0.000000 0.587791
vn 0.951056 0.000000 0.309019
vn 0.951056 0.000000 0.309019
vn 1.000000 0.000000 0.000000
vn 1.000000 0.000000 0.000000
vn 0.951056 0.000000 -0.309019
vn 0.951056 0.000000 -0.309019
vn 0.809013 0.000000 -0.587791
vn 0.809013 0.000000 -0.587791
vn 0.587789 0.000000 -0.809014
vn 0.587789 0.000000 -0.809014
vn 0.309017 0.000000 -0.951057
vn 0.309017 0.000000 -0.951057
vn 0.000000 0.000000 -1.000000
vn 0.000000 0.000000 -1.000000
vn -0.309011 0.000000 -0.951059
vn -0.309011 0.000000 -0.951059
vn -0.587779 0.000000 -0.809021
vn -0.587779 0.000000 -0.809021
vn -0.809013 0.000000 -0.587791
vn -0.809013 0.000000 -0.587791
vn -0.951056 0.000000 -0.309019
vn -0.951056 0.000000 -0.309019
vn -1.000000 0.000000 0.000000
vn -1.000000 0.000000 0.000000
vn 0.907865 -0.419262 0.000001
vn 0.863431 -0.419262 -0.280546
vn 0.863431 -0.419262 -0.280546
vn 0.907865 -0.419262 0.000001
vn 0.863431 -0.419262 0.280546
vn 0.863431 -0.419262 0.280546
vn 0.734479 -0.419262 0.533630
vn 0.734479 -0.419262 0.533630
vn 0.533630 -0.419262 0.734479
vn 0.533630 -0.419262 0.734479
vn 0.280546 -0.419262 0.863431
vn 0.280546 -0.419262 0.863431
vn -0.000000 -0.419262 0.907865
vn -0.000000 -0.419262 0.907865
vn -0.280545 -0.419261 0.863432
vn -0.280545 -0.419261 0.863432
vn -0.533630 -0.419262 0.734479
vn -0.533630 -0.419262 0.734479
vn -0.734479 -0.419262 0.533629
vn -0.734479 -0.419262 0.533629
vn -0.863431 -0.419262 0.280546
vn -0.863431 -0.419262 0.280546
vn -0.907865 -0.419262 -0.000000
vn -0.907865 -0.419262 0.000000
vn -0.863431 -0.419262 -0.280546
vn -0.863431 -0.419262 -0.280546
vn -0.734478 -0.419262 -0.533630
vn -0.734478 -0.419262 -0.533630
vn -0.533631 -0.419262 -0.734478
vn -0.533631 -0.419262 -0.734478
vn -0.280547 -0.419263 -0.863430
vn -0.280547 -0.419263 -0.863430
vn 0.000000 -0.419262 -0.907865
vn 0.000000 -0.419262 -0.907865
vn 0.280546 -0.419262 -0.863431
vn 0.280546 -0.419262 -0.863431
vn 0.533630 -0.419262 -0.734478
vn 0.533630 -0.419262 -0.734478
vn 0.734478 -0.419262 -0.533631
vn 0.734478 -0.419262 -0.533630
vn 1.000000 0.000000 0.000001
vn 0.951057 -0.000000 -0.309016
vn 0.951057 -0.000000 -0.309015
vn 1.000000 0.000000 0.000001
vn 0.951057 0.000000 0.309016
vn 0.951057 0.000000 0.309017
vn 0.809017 0.000000 0.587786
vn 0.809017 0.000000 0.587786
vn 0.587785 0.000000 0.809017
vn 0.587785 0.000000 0.809017
vn 0.309017 0.000000 0.951057
vn 0.309017 0.000000 0.951057
vn 0.000000 0.000000 1.000000
vn 0.000000 0.000000 1.000000
vn -0.309017 0.000000 0.951056
vn -0.309018 0.000000 0.951056
vn -0.587786 0.000000 0.809017
vn -0.587786 0.000000 0.809017
vn -0.809017 0.000000 0.587785
vn -0.809017 0.000000 0.587785
vn -0.951057 0.000000 0.309016
vn -0.951057 0.000000 0.309016
vn -1.000000 0.000000 0.000000
vn -1.000000 0.000000 0.000000
vn -0.951057 0.000000 -0.309016
vn -0.951057 0.000000 -0.309016
vn -0.809018 0.000000 -0.587784
vn -0.809018 0.000000 -0.587784
vn -0.587786 0.000000 -0.809017
vn -0.587786 0.000000 -0.809017
vn -0.309016 0.000000 -0.951057
vn -0.309016 0.000000 -0.951057
vn 0.000000 0.000000 -1.000000
vn 0.000000 0.000000 -1.000000
vn 0.309017 0.000000 -0.951057
vn 0.309017 0.000000 -0.951057
vn 0.587785 0.000000 -0.809017
vn 0.587785 0.000000 -0.809017
vn 0.809017 0.000000 -0.587785
vn 0.809017 0.000000 -0.587785
vn -0.350594 0.000000 0.936528
vn -0.350594 0.000000 0.936528
vn -0.350594 0.000000 0.936528
vn -0.350594 0.000000 0.936528
vn 0.350592 0.000000 -0.936528
vn 0.350592 0.000000 -0.936528
vn 0.350592 0.000000 -0.936528
vn 0.350592 0.000000 -0.936528
vn 0.000000 -1.000000 0.000000
vn 0.000000 -1.000000 0.000000
vn 0.000000 -1.000000 0.000000
vn 0.000000 -1.000000 0.000000
vn 0.000000 -1.000000 0.000000
vn 0.000000 -1.000000 0.000000
vn 0.936529 0.000000 0.350591
vn 0.936529 0.000000 0.350591
vn 0.936529 0.000000 0.350591
vn 0.936529 0.000000 0.350591
vn -0.936527 0.000000 -0.350596
vn -0.936527 0.000000 -0.350596
vn -0.936527 0.000000 -0.350596
vn -0.936527 0.000000 -0.350596
vn -0.936528 0.000000 -0.350594
vn -0.936528 0.000000 -0.350594
vn -0.936528 0.000000 -0.350594
vn -0.936528 0.000000 -0.350594
vn 0.936528 0.000000 0.350594
vn 0.936528 0.000000 0.350594
vn 0.936528 0.000000 0.350594
vn 0.936528 0.000000 0.350594
vn 0.000000 1.000000 -0.000001
vn 0.000000 1.000000 -0.000001
vn 0.000000 1.000000 -0.000001
vn 0.000000 1.000000 -0.000001
vn 0.000000 1.000000 -0.000001
vn 0.000000 1.000000 -0.000001
vn -0.936528 0.000000 -0.350594
vn -0.936528 0.000000 -0.350594
vn -0.936528 0.000000 -0.350594
vn -0.936528 0.000000 -0.350594
vn 0.139116 -0.917904 -0.371615
vn 0.139116 -0.917904 -0.371615
vn 0.139116 -0.917904 -0.371615
vn 0.139116 -0.917904 -0.371615
vn 0.936528 0.000000 0.350594
vn 0.936528 0.000000 0.350594
vn 0.936528 0.000000 0.350594
vn 0.936528 0.000000 0.350594
vn -0.139115 0.917905 0.371614
vn -0.139115 0.917905 0.371614
vn -0.139115 0.917905 0.371614
vn -0.139115 0.917905 0.371614
vn 0.000000 1.000000 0.000001
vn 0.000000 1.000000 0.000001
vn 0.000000 1.000000 0.000001
vn 0.000000 1.000000 0.000001
vn 0.000000 1.000000 0.000001
vn 0.000000 1.000000 0.000001
vn 0.000000 -1.000000 0.000000
vn 0.000000 -1.000000 0.000000
vn 0.000000 -1.000000 0.000000
vn 0.000000 -1.000000 0.000000
vn 0.000000 -1.000000 0.000000
vn 0.000000 -1.000000 0.000000
vn -0.910131 0.000000 0.414320
vn -0.910131 0.000000 0.414320
vn -0.910131 0.000000 0.414320
vn -0.910131 0.000000 0.414320
vn 0.414317 0.000000 0.910133
vn 0.414317 0.000000 0.910133
vn 0.414317 0.000000 0.910133
vn 0.414317 0.000000 0.910133
vn -0.414319 0.000000 -0.910132
vn -0.414319 0.000000 -0.910132
vn -0.414319 0.000000 -0.910132
vn -0.414319 0.000000 -0.910132
vn 0.910134 0.000000 -0.414314
vn 0.910134 0.000000 -0.414314
vn 0.910134 0.000000 -0.414314
vn 0.910134 0.000000 -0.414314
vn 0.000000 0.809017 -0.587785
vn 0.000000 0.309017 -0.951056
vn 0.000000 0.309017 -0.951057
vn 0.000000 0.809017 -0.587785
vn 0.000000 -0.309017 -0.951057
vn 0.000000 -0.309017 -0.951057
vn 0.000000 -0.809017 -0.587785
vn 0.000000 -0.809017 -0.587785
vn 0.000000 -1.000000 0.000000
vn 0.000000 -1.000000 0.000000
vn 0.000000 -0.809017 0.587785
vn 0.000000 -0.809017 0.587785
vn 0.000000 -0.309017 0.951056
vn 0.000000 -0.309017 0.951056
vn 0.000000 0.309017 0.951056
vn 0.000000 0.309017 0.951056
vn 0.000000 0.809017 0.587785
vn 0.000000 0.809017 0.587785
vn 0.000000 1.000000 0.000000
vn 0.000000 1.000000 0.000000
vn 0.918198 -0.260588 -0.298340
vn 0.781065 -0.260588 -0.567478
vn 0.781065 -0.260588 -0.567478
vn 0.918198 -0.260588 -0.298340
vn 0.567478 -0.260588 -0.781065
vn 0.567478 -0.260588 -0.781065
vn 0.298342 -0.260588 -0.918197
vn 0.298342 -0.260588 -0.918197
vn -0.000000 -0.260587 -0.965450
vn 0.000000 -0.260587 -0.965450
vn -0.298342 -0.260587 -0.918197
vn -0.298342 -0.260587 -0.918197
vn -0.567478 -0.260587 -0.781065
vn -0.567478 -0.260587 -0.781065
vn -0.781065 -0.260587 -0.567478
vn -0.781065 -0.260587 -0.567478
vn -0.918197 -0.260588 -0.298341
vn -0.918198 -0.260588 -0.298341
vn -0.965450 -0.260588 0.000000
vn -0.965450 -0.260588 -0.000000
vn -0.918198 -0.260588 0.298341
vn -0.918198 -0.260588 0.298341
vn -0.781066 -0.260588 0.567477
vn -0.781066 -0.260588 0.567477
vn -0.567477 -0.260588 0.781066
vn -0.567477 -0.260588 0.781066
vn -0.298341 -0.260588 0.918198
vn -0.298341 -0.260588 0.918198
vn -0.000000 -0.260588 0.965450
vn -0.000000 -0.260588 0.965450
vn 0.298340 -0.260588 0.918198
vn 0.298340 -0.260588 0.918198
vn 0.567477 -0.260588 0.781066
vn 0.567477 -0.260588 0.781066
vn 0.781066 -0.260588 0.567477
vn 0.781066 -0.260588 0.567477
vn 0.918198 -0.260587 0.298341
vn 0.918198 -0.260587 0.298341
vn 0.965450 -0.260587 0.000001
vn 0.965450 -0.260587 0.000001
vn 0.000000 -1.000000 -0.000000
vn 0.000000 -1.000000 -0.000000
vn 0.000000 -1.000000 0.000000
vn 0.000000 -1.000000 0.000000
vn 0.000000 -1.000000 -0.000000
vn 0.000000 -1.000000 0.000000
vn 0.000000 -1.000000 0.000000
vn 0.000000 -1.000000 0.000000
vn 0.000000 -1.000000 -0.000000
vn 0.000000 -1.000000 0.000000
vn 0.000000 -1.000000 0.000000
vn 0.000000 -1.000000 -0.000000
vn 0.000000 -1.000000 0.000000
vn 0.000000 -1.000000 0.000000
vn 0.000000 -1.000000 0.000000
vn 0.000000 -1.000000 0.000000
vn 0.000000 -1.000000 0.000000
vn 0.000000 -1.000000 0.000000
vn 0.000000 -1.000000 0.000000
vn 0.000000 -1.000000 0.000000
vn 0.000000 -1.000000 0.000000
vn 1.000000 0.000000 0.000001
vn 0.951057 0.000000 -0.309016
vn 0.951057 0.000000 -0.309016
vn 1.000000 0.000000 0.000001
vn 0.951057 0.000000 0.309017
vn 0.951057 0.000000 0.309017
vn 0.809017 0.000000 0.587785
vn 0.809017 0.000000 0.587785
vn 0.587786 0.000000 0.809017
vn 0.587786 0.000000 0.809017
vn 0.309017 0.000000 0.951057
vn 0.309017 0.000000 0.951057
vn 0.000000 0.000000 1.000000
vn 0.000000 0.000000 1.000000
vn -0.309017 0.000000 0.951057
vn -0.309017 0.000000 0.951057
vn -0.587786 0.000000 0.809017
vn -0.587786 0.000000 0.809017
vn -0.809017 0.000000 0.587786
vn -0.809017 0.000000 0.587786
vn -0.951057 0.000000 0.309017
vn -0.951057 0.000000 0.309017
vn -1.000000 0.000000 0.000000
vn -1.000000 0.000000 0.000000
vn -0.951057 0.000000 -0.309017
vn -0.951057 0.000000 -0.309017
vn -0.809016 0.000000 -0.587786
vn -0.809016 0.000000 -0.587786
vn -0.587787 0.000000 -0.809016
vn -0.587787 0.000000 -0.809016
vn -0.309019 0.000000 -0.951056
vn -0.309019 0.000000 -0.951056
vn 0.000000 0.000000 -1.000000
vn 0.000000 0.000000 -1.000000
vn 0.309017 0.000000 -0.951056
vn 0.309017 0.000000 -0.951056
vn 0.587787 0.000000 -0.809016
vn 0.587787 0.000000 -0.809016
vn 0.809017 0.000000 -0.587785
vn 0.809017 0.000000 -0.587785
vn -0.006434 -0.999971 -0.004185
vn -0.002962 -0.999994 -0.001927
vn -0.002756 -0.999995 -0.001793
vn -0.006434 -0.999971 -0.004185
vn -0.006434 -0.999971 -0.004185
vn 0.002962 -0.999994 -0.001927
vn 0.002756 -0.999995 -0.001793
vn 0.006434 -0.999971 -0.004185
vn 0.006434 -0.999971 -0.004185
vn 0.006434 -0.999971 -0.004185
vn 0.000000 -1.000000 0.000000
vn 0.000000 -1.000000 0.000000
vn 0.003023 -0.999995 0.000406
vn -0.003023 -0.999995 0.000406
vn 0.000000 -1.000000 -0.000000
vn 0.000000 -1.000000 -0.000000
vn 0.002921 -0.999996 0.000393
vn -0.002921 -0.999996 0.000393
vn 0.007094 -0.999974 0.000954
vn 0.007094 -0.999974 0.000954
vn 0.007094 -0.999974 0.000954
vn 0.770888 0.000000 0.636971
vn 0.770888 0.000000 0.636971
vn 0.770888 0.000000 0.636971
vn 0.770888 0.000000 0.636971
vn 0.704852 0.658188 0.264522
vn 0.704852 0.658188 0.264522
vn 0.704852 0.658188 0.264522
vn 0.704852 0.658188 0.264522
vn -0.770888 0.000000 0.636971
vn -0.770888 0.000000 0.636971
vn -0.770888 0.000000 0.636971
vn -0.770888 0.000000 0.636971
vn -0.704852 0.658188 0.264522
vn -0.704852 0.658188 0.264522
vn -0.704852 0.658188 0.264522
vn -0.704852 0.658188 0.264522
vn 0.645657 0.763628 0.000000
vn 0.645657 0.763628 0.000000
vn 0.645657 0.763628 0.000000
vn 0.645657 0.763628 0.000000
vn -0.645657 0.763628 0.000000
vn -0.645657 0.763628 0.000000
vn -0.645657 0.763628 0.000000
vn -0.645657 0.763628 0.000000
vn 0.645658 0.000000 -0.763627
vn 0.645658 0.000000 -0.763627
vn 0.645658 0.000000 -0.763627
vn 0.645658 0.000000 -0.763627
vn -0.645658 0.000000 -0.763627
vn -0.645658 0.000000 -0.763627
vn -0.645658 0.000000 -0.763627
vn -0.645658 0.000000 -0.763627
vn 0.000000 0.000000 1.000000
vn 0.000000 0.000000 1.000000
vn 0.000000 0.000000 1.000000
vn 0.000000 0.000000 1.000000
vn 0.000000 0.934690 0.355463
vn 0.000000 0.934690 0.355463
vn 0.000000 0.934690 0.355463
vn 0.000000 0.934690 0.355463
vn 0.000000 0.000000 -1.000000
vn 0.000000 0.000000 -1.000000
vn 0.000000 0.000000 -1.000000
vn 0.000000 0.000000 -1.000000
vn 0.000000 1.000000 0.000000
vn 0.000000 1.000000 0.000000
vn 0.000000 1.000000 0.000000
vn 0.000000 1.000000 0.000000
vn -0.007094 -0.999974 0.000954
vn -0.007094 -0.999974 0.000954
vn -0.007094 -0.999974 0.000954
vn -0.698883 -0.002210 0.715233
vn -0.698883 -0.002210 0.715233
vn -0.698883 -0.002210 0.715233
vn -0.698883 -0.002210 0.715233
vn -0.734478 0.620430 0.274972
vn -0.734478 0.620430 0.274972
vn -0.734478 0.620430 0.274972
vn -0.734478 0.620430 0.274972
vn 0.698883 -0.002210 0.715233
vn 0.698883 -0.002210 0.715233
vn 0.698883 -0.002210 0.715233
vn 0.698883 -0.002210 0.715233
vn 0.734726 0.620256 0.274701
vn 0.734726 0.620256 0.274701
vn 0.734726 0.620256 0.274701
vn 0.734726 0.620256 0.274701
vn -0.733044 0.680181 -0.000285
vn -0.733044 0.680181 -0.000285
vn -0.733044 0.680181 -0.000285
vn -0.733044 0.680181 -0.000285
vn 0.733321 0.679883 -0.000245
vn 0.733321 0.679883 -0.000245
vn 0.733321 0.679883 -0.000245
vn 0.733321 0.679883 -0.000245
vn -0.642612 -0.001104 -0.766191
vn -0.642612 -0.001104 -0.766191
vn -0.642612 -0.001104 -0.766191
vn -0.642612 -0.001104 -0.766191
vn 0.642612 -0.001104 -0.766191
vn 0.642612 -0.001104 -0.766191
vn 0.642612 -0.001104 -0.766191
vn 0.642612 -0.001104 -0.766191
vn 0.000000 0.000000 1.000000
vn 0.000000 0.000000 1.000000
vn 0.000000 0.000000 1.000000
vn 0.000000 0.000000 1.000000
vn 0.000000 0.000000 1.000000
vn 0.000000 0.000000 1.000000
vn 0.000000 0.000000 1.000000
vn 0.000000 0.000000 1.000000
vn -0.155336 0.899349 0.408708
vn -0.155336 0.899349 0.408708
vn -0.155336 0.899349 0.408708
vn -0.155336 0.899349 0.408708
vn 0.155336 0.899349 0.408708
vn 0.155336 0.899349 0.408708
vn 0.155336 0.899349 0.408708
vn 0.155336 0.899349 0.408708
vn 0.000000 0.000000 -1.000000
vn 0.000000 0.000000 -1.000000
vn 0.000000 0.000000 -1.000000
vn 0.000000 0.000000 -1.000000
vn 0.000000 0.000000 -1.000000
vn 0.000000 0.000000 -1.000000
vn 0.000000 0.000000 -1.000000
vn 0.000000 0.000000 -1.000000
vn 1.000000 -0.000000 0.000000
vn 1.000000 -0.000000 0.000000
vn 1.000000 -0.000000 0.000000
vn 1.000000 -0.000000 0.000000
vn -1.000000 -0.000000 0.000000
vn -1.000000 -0.000000 0.000000
vn -1.000000 0.000000 0.000000
vn -1.000000 0.000000 0.000000
vn -1.000000 -0.000000 0.000000
vn -1.000000 -0.000000 0.000000
vn 1.000000 -0.000000 0.000000
vn 1.000000 -0.000000 0.000000
vn 0.147770 0.989022 0.000050
vn 0.147770 0.989022 0.000050
vn 0.147770 0.989022 0.000050
vn 0.147770 0.989022 0.000050
vn -0.147770 0.989022 0.000050
vn -0.147770 0.989022 0.000050
vn -0.147770 0.989022 0.000050
vn -0.147770 0.989022 0.000050
vn 0.069034 0.996673 -0.043327
vn 0.073406 0.997302 -0.000831
vn 0.089488 0.995988 -0.000232
vn 0.086126 0.995799 -0.031097
vn 0.068710 0.996725 0.042634
vn 0.085755 0.995831 0.031104
vn 0.074679 0.995730 0.054259
vn 0.062545 0.995382 0.072821
vn 0.037110 0.997881 0.053442
vn 0.033130 0.995721 0.086273
vn -0.000005 0.998298 0.058316
vn 0.000219 0.995833 0.091195
vn -0.037800 0.997848 0.053583
vn -0.033792 0.995760 0.085554
vn -0.068012 0.996819 0.041552
vn -0.062405 0.995495 0.071385
vn -0.072255 0.996004 0.052495
vn -0.083339 0.996059 0.030368
vn -0.072812 0.997346 -0.000365
vn -0.087369 0.996176 -0.000134
vn -0.068396 0.996739 -0.042825
vn -0.084288 0.995972 -0.030585
vn -0.073806 0.995830 -0.053623
vn -0.062646 0.995370 -0.072903
vn -0.037336 0.997858 -0.053717
vn -0.033333 0.995645 -0.087061
vn 0.000289 0.998289 -0.058480
vn -0.000325 0.995703 -0.092600
vn 0.037807 0.997786 -0.054709
vn 0.033350 0.995580 -0.087803
vn 0.074989 0.995695 -0.054483
vn 0.063238 0.995251 -0.074002
vn -0.037885 0.999282 0.000232
vn 0.000117 1.000000 0.000001
vn 0.037283 0.999305 -0.000746
vn -0.833827 -0.000000 -0.552026
vn -0.833827 -0.000000 -0.552026
vn -0.833827 -0.000000 -0.552026
vn -0.833827 -0.000000 -0.552026
vn 0.000000 0.000000 1.000000
vn 0.000000 0.000000 1.000000
vn 0.000000 0.000000 1.000000
vn 0.000000 0.000000 1.000000
vn 0.833827 -0.000000 -0.552026
vn 0.833827 -0.000000 -0.552026
vn 0.833827 -0.000000 -0.552026
vn 0.833827 -0.000000 -0.552026
vn 0.000000 0.000000 -1.000000
vn 0.000000 0.000000 -1.000000
vn 0.000000 0.000000 -1.000000
vn 0.000000 0.000000 -1.000000
vn -0.774729 -0.000000 0.632293
vn -0.774729 -0.000000 0.632293
vn -0.774729 -0.000000 0.632293
vn -0.774729 -0.000000 0.632293
vn 0.774729 -0.000000 0.632293
vn 0.774729 -0.000000 0.632293
vn 0.774729 -0.000000 0.632293
vn 0.774730 -0.000000 0.632293
vn 0.000000 0.414980 0.909830
vn 0.000000 0.414980 0.909830
vn 0.000000 0.414974 0.909833
vn 0.000000 0.414974 0.909833
vn 0.000000 0.414981 0.909830
vn 0.000000 0.414976 0.909832
vn 0.000000 0.414976 0.909832
vn 0.000000 0.414981 0.909830
vn -0.707110 -0.293434 -0.643344
vn -0.707110 -0.293434 -0.643344
vn -0.707110 -0.293434 -0.643344
vn -0.707110 -0.293434 -0.643344
vn -0.499999 0.161487 -0.850837
vn -0.499999 0.161487 -0.850837
vn -0.499999 0.161487 -0.850837
vn -0.499999 0.161487 -0.850837
vn -0.500001 -0.748352 -0.435854
vn -0.500001 -0.748352 -0.435854
vn -0.500001 -0.748352 -0.435854
vn -0.500001 -0.748352 -0.435854
vn 0.000000 0.349917 -0.936781
vn 0.000000 0.349917 -0.936781
vn 0.000000 0.349917 -0.936781
vn 0.000000 0.349917 -0.936781
vn 0.500000 0.161487 -0.850836
vn 0.500000 0.161487 -0.850836
vn 0.500000 0.161487 -0.850836
vn 0.500000 0.161487 -0.850836
vn 0.707110 -0.293434 -0.643344
vn 0.707110 -0.293434 -0.643344
vn 0.707110 -0.293434 -0.643344
vn 0.707110 -0.293434 -0.643344
vn 0.500001 -0.748352 -0.435854
vn 0.500001 -0.748352 -0.435854
vn 0.500001 -0.748352 -0.435854
vn 0.500001 -0.748352 -0.435854
vn 0.000000 -0.936787 -0.349901
vn 0.000000 -0.936787 -0.349901
vn 0.000000 -0.936787 -0.349901
vn 0.000000 -0.936787 -0.349901
vn 0.000000 -0.414981 -0.909830
vn 0.000000 -0.414981 -0.909830
vn 0.000000 -0.414977 -0.909832
vn 0.000000 -0.414977 -0.909832
vn 0.000000 -0.414980 -0.909830
vn 0.000000 -0.414966 -0.909837
vn 0.000000 -0.414966 -0.909837
vn 0.000000 -0.414980 -0.909830
vn 0.707105 0.643358 -0.293416
vn 0.707105 0.643358 -0.293416
vn 0.707105 0.643358 -0.293416
vn 0.707105 0.643358 -0.293416
vn 0.707104 0.643352 -0.293430
vn 0.707104 0.643352 -0.293430
vn 0.707104 0.643352 -0.293430
vn 0.707104 0.643352 -0.293430
vn 0.000000 0.909840 -0.414960
vn 0.000000 0.909840 -0.414960
vn 0.000000 0.909840 -0.414960
vn 0.000000 0.909840 -0.414960
vn 0.000000 0.909831 -0.414979
vn 0.000000 0.909831 -0.414979
vn 0.000000 0.909831 -0.414979
vn 0.000000 0.909831 -0.414979
vn -0.707105 0.643357 -0.293417
vn -0.707105 0.643357 -0.293417
vn -0.707105 0.643357 -0.293417
vn -0.707105 0.643357 -0.293417
vn -0.707104 0.643352 -0.293430
vn -0.707104 0.643352 -0.293430
vn -0.707104 0.643352 -0.293430
vn -0.707104 0.643352 -0.293430
vn -0.707113 -0.643340 0.293438
vn -0.707113 -0.643340 0.293438
vn -0.707113 -0.643340 0.293438
vn -0.707113 -0.643340 0.293438
vn -0.707112 -0.643345 0.293428
vn -0.707112 -0.643345 0.293428
vn -0.707112 -0.643345 0.293428
vn -0.707112 -0.643345 0.293428
vn 0.000000 -0.909830 0.414980
vn 0.000000 -0.909830 0.414980
vn 0.000000 -0.909831 0.414980
vn 0.000000 -0.909831 0.414980
vn 0.000000 -0.909834 0.414972
vn 0.000000 -0.909834 0.414972
vn 0.000000 -0.909834 0.414972
vn 0.000000 -0.909834 0.414972
vn 0.707113 -0.643339 0.293438
vn 0.707113 -0.643339 0.293438
vn 0.707113 -0.643339 0.293438
vn 0.707113 -0.643339 0.293438
vn 0.707112 -0.643345 0.293428
vn 0.707112 -0.643345 0.293428
vn 0.707112 -0.643345 0.293428
vn 0.707112 -0.643345 0.293428
vn 1.000000 0.000005 0.000013
vn 1.000000 0.000005 0.000013
vn 1.000000 0.000005 0.000013
vn 1.000000 0.000005 0.000013
vn 1.000000 0.000000 0.000000
vn 1.000000 0.000000 0.000000
vn 1.000000 0.000000 0.000000
vn 1.000000 0.000000 0.000000
vn -1.000000 0.000005 0.000013
vn -1.000000 0.000005 0.000013
vn -1.000000 0.000005 0.000013
vn -1.000000 0.000005 0.000013
vn -1.000000 0.000000 0.000000
vn -1.000000 0.000000 0.000000
vn -1.000000 0.000000 0.000000
vn -1.000000 0.000000 0.000000
vn -0.000001 -0.414986 -0.909828
vn -0.000013 -0.414981 -0.909830
vn -0.000013 -0.414982 -0.909830
vn -0.000001 -0.414986 -0.909828
vn 0.000000 -0.414987 -0.909827
vn 0.000000 -0.414987 -0.909827
vn 0.000012 -0.414984 -0.909829
vn 0.000012 -0.414984 -0.909829
vn 0.000000 -0.414974 -0.909833
vn 0.000011 -0.414978 -0.909832
vn 0.000011 -0.414978 -0.909832
vn 0.000000 -0.414974 -0.909833
vn -0.000000 -0.414974 -0.909833
vn -0.000000 -0.414974 -0.909833
vn -0.000012 -0.414977 -0.909832
vn -0.000012 -0.414977 -0.909832
vn 0.000000 0.936787 0.349901
vn 0.000000 0.936787 0.349901
vn 0.000000 0.936787 0.349901
vn 0.000000 0.936787 0.349901
vn -0.500004 0.748349 0.435856
vn -0.500004 0.748349 0.435856
vn -0.500004 0.748349 0.435856
vn -0.500004 0.748349 0.435856
vn 0.500004 0.748349 0.435856
vn 0.500004 0.748349 0.435856
vn 0.500004 0.748349 0.435856
vn 0.500004 0.748349 0.435856
vn -0.707093 0.293442 0.643359
vn -0.707093 0.293442 0.643359
vn -0.707093 0.293442 0.643359
vn -0.707093 0.293442 0.643359
vn 0.707093 0.293441 0.643360
vn 0.707093 0.293441 0.643360
vn 0.707093 0.293441 0.643360
vn 0.707093 0.293441 0.643360
vn -0.499976 -0.161450 0.850857
vn -0.499976 -0.161450 0.850857
vn -0.499976 -0.161450 0.850857
vn -0.499976 -0.161450 0.850857
vn 0.000000 -0.349882 0.936794
vn 0.000000 -0.349882 0.936794
vn 0.000000 -0.349882 0.936794
vn 0.000000 -0.349882 0.936794
vn 0.499976 -0.161450 0.850857
vn 0.499976 -0.161450 0.850857
vn 0.499976 -0.161450 0.850857
vn 0.499976 -0.161450 0.850857
vn 0.000000 0.909829 -0.414983
vn 0.000000 0.909829 -0.414983
vn 0.000000 0.909829 -0.414983
vn 0.000000 0.909829 -0.414983
vn 0.000000 -0.909831 0.414980
vn 0.000000 -0.909831 0.414980
vn 0.000000 -0.909831 0.414980
vn 0.000000 -0.909831 0.414980
vn 1.000000 -0.000000 0.000000
vn 1.000000 -0.000000 0.000000
vn 1.000000 -0.000000 0.000000
vn 1.000000 -0.000000 0.000000
vn -1.000000 0.000000 0.000000
vn -1.000000 0.000000 0.000000
vn -1.000000 0.000000 0.000000
vn -1.000000 0.000000 0.000000
vn -0.707104 0.643349 -0.293437
vn -0.707104 0.643349 -0.293437
vn -0.707104 0.643349 -0.293437
vn -0.707104 0.643349 -0.293437
vn 0.707104 0.643349 -0.293437
vn 0.707104 0.643349 -0.293437
vn 0.707104 0.643349 -0.293437
vn 0.707104 0.643349 -0.293437
vn -0.707105 -0.643349 0.293436
vn -0.707105 -0.643349 0.293436
vn -0.707105 -0.643349 0.293436
vn -0.707105 -0.643349 0.293436
vn 0.707105 -0.643349 0.293436
vn 0.707105 -0.643349 0.293436
vn 0.707105 -0.643349 0.293436
vn 0.707105 -0.643349 0.293436
vn 0.000000 0.000000 1.000000
vn 0.000000 0.000000 1.000000
vn 0.000000 0.000000 1.000000
vn 0.000000 0.000000 1.000000
vn 0.000000 1.000000 0.000000
vn 0.000000 1.000000 0.000000
vn 0.000000 1.000000 0.000000
vn 0.000000 1.000000 0.000000
vn 0.000000 0.000000 -1.000000
vn 0.000000 0.000000 -1.000000
vn 0.000000 0.000000 -1.000000
vn 0.000000 0.000000 -1.000000
vn 0.000000 -1.000000 0.000000
vn 0.000000 -1.000000 0.000000
vn 0.000000 -1.000000 0.000000
vn 0.000000 -1.000000 0.000000
vn 1.000000 0.000000 0.000000
vn 1.000000 0.000000 0.000000
vn 1.000000 0.000000 0.000000
vn 1.000000 0.000000 0.000000
vn -1.000000 0.000000 0.000000
vn -1.000000 0.000000 0.000000
vn -1.000000 0.000000 0.000000
vn -1.000000 0.000000 0.000000
vn -0.001916 0.788659 0.614828
vn -0.001916 0.788659 0.614828
vn -0.001916 0.788659 0.614828
vn -0.001916 0.788659 0.614828
vn -0.001916 0.788659 0.614828
vn -0.001916 0.788659 0.614828
vn 0.610205 0.340819 0.715187
vn 0.610205 0.340819 0.715187
vn 0.610205 0.340819 0.715187
vn 0.610205 0.340819 0.715187
vn 0.315588 -0.846316 -0.429131
vn 0.315588 -0.846316 -0.429131
vn 0.315588 -0.846316 -0.429131
vn 0.315588 -0.846316 -0.429131
vn 0.002413 -0.511946 -0.859014
vn 0.002413 -0.511946 -0.859014
vn 0.002413 -0.511946 -0.859014
vn 0.002413 -0.511946 -0.859014
vn -0.312644 -0.846597 -0.430729
vn -0.312644 -0.846597 -0.430729
vn -0.312644 -0.846597 -0.430729
vn -0.312644 -0.846597 -0.430729
vn -0.614135 0.340269 0.712078
vn -0.614135 0.340269 0.712078
vn -0.614135 0.340269 0.712078
vn -0.614135 0.340269 0.712078
vn -0.000137 0.992458 -0.122586
vn -0.000137 0.992458 -0.122586
vn -0.000137 0.992458 -0.122586
vn -0.000137 0.992458 -0.122586
vn 0.000452 -1.000000 -0.000718
vn 0.000452 -1.000000 -0.000718
vn 0.000452 -1.000000 -0.000718
vn -0.529924 -0.433737 -0.728734
vn -0.529924 -0.433737 -0.728734
vn -0.529924 -0.433737 -0.728734
vn 0.534008 -0.433258 -0.726032
vn 0.534008 -0.433258 -0.726032
vn 0.534008 -0.433258 -0.726032
vn 0.774407 0.628158 -0.075580
vn 0.774407 0.628158 -0.075580
vn 0.774407 0.628158 -0.075580
vn 0.774407 0.628158 -0.075580
vn -0.774577 0.627462 -0.079513
vn -0.774577 0.627462 -0.079513
vn -0.774577 0.627462 -0.079513
vn -0.774577 0.627462 -0.079513
vn -0.002401 -0.196969 0.980407
vn -0.002401 -0.196969 0.980407
vn -0.002401 -0.196969 0.980407
vn -0.002401 -0.196969 0.980407
vn 0.001917 -0.788662 -0.614824
vn 0.001917 -0.788662 -0.614824
vn 0.001917 -0.788662 -0.614824
vn -0.000000 0.000000 1.000000
vn 0.000000 0.000000 1.000000
vn 0.000000 0.000000 1.000000
vn -0.000000 0.000000 1.000000
vn 0.000000 1.000000 0.000000
vn 0.000000 1.000000 0.000000
vn 0.000003 1.000000 -0.000001
vn 0.000003 1.000000 -0.000001
vn 0.000000 0.000000 -1.000000
vn 0.000000 0.000000 -1.000000
vn 0.000000 0.000000 -1.000000
vn 0.000001 0.000000 -1.000000
vn 0.000000 0.000000 1.000000
vn 0.000000 0.000000 1.000000
vn -0.000003 1.000000 -0.000001
vn -0.000003 1.000000 -0.000001
vn -0.000000 0.000000 -1.000000
vn -0.000000 0.000000 -1.000000
vn 0.000000 -1.000000 -0.000000
vn 0.000000 -1.000000 -0.000000
vn 0.000000 -1.000000 0.000000
vn -0.000000 -1.000000 -0.000000
vn -0.000000 -1.000000 -0.000000
vn 0.000000 -1.000000 0.000000
vn 0.000000 0.000000 -1.000000
vn 0.000000 0.000000 -1.000000
vn -0.000000 0.000000 -1.000000
vn 0.000000 0.000000 -1.000000
vn 0.000000 0.000000 -1.000000
vn -0.000000 0.000000 -1.000000
vn 0.000000 0.000000 1.000000
vn 0.000000 0.000000 1.000000
vn 0.000000 0.000000 1.000000
vn 0.000000 0.000000 1.000000
vn 0.000000 0.000000 1.000000
vn 0.000000 0.000000 1.000000
vn 0.000000 -1.000000 0.000000
vn 0.000000 -1.000000 0.000000
vn 0.000000 -1.000000 0.000000
vn 0.000000 -1.000000 0.000000
vn 1.000000 0.000000 0.000000
vn 1.000000 0.000000 0.000000
vn 1.000000 0.000000 0.000000
vn 1.000000 0.000000 0.000000
vn 0.000000 1.000000 0.000000
vn 0.000000 1.000000 0.000000
vn 0.000000 1.000000 0.000000
vn 0.000000 1.000000 0.000000
vn 0.000000 -1.000000 0.000000
vn 0.000000 -1.000000 0.000000
vn 0.000000 -1.000000 0.000000
vn 0.000000 -1.000000 0.000000
vn 0.000000 1.000000 0.000000
vn 0.000000 1.000000 0.000000
vn 0.000000 1.000000 0.000000
vn 0.000000 1.000000 0.000000
vn -1.000000 0.000000 0.000000
vn -1.000000 0.000000 0.000000
vn -1.000000 0.000000 0.000000
vn -1.000000 0.000000 0.000000
vn -0.707107 0.000000 0.707107
vn -0.707107 0.000000 0.707107
vn -0.707107 0.000000 0.707107
vn -0.707107 0.000000 0.707107
vn -0.707107 -0.707107 -0.000001
vn -0.707107 -0.707107 -0.000001
vn -0.707107 -0.707107 -0.000001
vn -0.707107 -0.707107 -0.000001
vn -0.707107 0.000000 -0.707106
vn -0.707107 0.000000 -0.707106
vn -0.707107 0.000000 -0.707107
vn -0.707107 0.000000 -0.707107
vn -0.707107 0.000000 0.707106
vn -0.707107 0.000000 0.707106
vn -0.707102 0.000000 0.707111
vn 0.707107 -0.707107 -0.000000
vn 0.707107 -0.707107 -0.000000
vn 0.707107 -0.707107 -0.000000
vn 0.707107 -0.707107 -0.000000
vn 0.707107 -0.000000 0.707107
vn 0.707107 -0.000000 0.707107
vn 0.707107 -0.000000 0.707107
vn 0.707107 -0.000000 0.707107
vn 0.707107 0.000000 -0.707106
vn 0.707107 0.000000 -0.707106
vn 0.707107 0.000000 -0.707107
vn 0.707107 0.000000 -0.707107
vn 0.707107 0.000000 0.707106
vn 0.707107 0.000000 0.707106
vn 0.707102 0.000000 0.707111
vn -0.707126 0.707087 -0.000002
vn -0.707126 0.707087 -0.000002
vn -0.707126 0.707087 -0.000002
vn -0.707126 0.707087 -0.000002
vn -0.707106 0.000000 -0.707107
vn -0.707107 0.000000 -0.707106
vn -0.707106 0.000000 -0.707107
vn 0.707117 0.707096 -0.000000
vn 0.707117 0.707096 -0.000000
vn 0.707117 0.707096 -0.000000
vn 0.707117 0.707096 -0.000000
vn 0.707105 -0.000006 -0.707108
vn 0.707105 -0.000006 -0.707108
vn 0.707106 -0.000000 -0.707108
vn 0.707106 -0.000000 -0.707108
vn 0.000000 -1.000000 -0.000000
vn 0.000000 -1.000000 -0.000000
vn 0.000000 0.000000 1.000000
vn 0.000000 0.000000 1.000000
vn 0.000000 0.000000 1.000000
vn -0.000000 -1.000000 -0.000000
vn -0.000000 -1.000000 -0.000000
vn -0.000000 0.000000 1.000000
vn -0.000000 0.000000 1.000000
vn 0.000000 0.000000 1.000000
vn 0.000000 0.000000 1.000000
vn -0.000004 1.000000 -0.000001
vn -0.000004 1.000000 -0.000001
vn 0.000000 0.000000 -1.000000
vn -0.000000 0.000000 -1.000000
vn 0.000000 0.000000 1.000000
vn 0.000004 1.000000 -0.000001
vn 0.000004 1.000000 -0.000001
vn -0.000000 0.000000 -1.000000
vn 0.000000 0.000000 -1.000000
vn -0.000000 0.000000 -1.000000
vn 0.000001 0.000000 -1.000000
vn -0.000001 0.000000 -1.000000
vn 0.000001 0.000000 -1.000000
vn 1.000000 0.000000 0.000000
vn 1.000000 0.000000 0.000000
vn 1.000000 0.000000 0.000000
vn 1.000000 0.000000 0.000000
vn -1.000000 0.000000 0.000000
vn -1.000000 0.000000 0.000000
vn -1.000000 0.000000 0.000000
vn -1.000000 0.000000 0.000000
vn 1.000000 0.000000 0.000000
vn 1.000000 0.000000 0.000000
vn 0.999958 0.009206 0.000000
vn -1.000000 0.000000 0.000000
vn -1.000000 0.000000 0.000000
vn -0.206019 -0.969903 -0.129788
vn -0.219562 -0.975595 -0.002485
vn -0.265517 -0.964106 -0.000718
vn -0.254969 -0.962511 -0.092542
vn -0.205100 -0.970367 0.127759
vn -0.253930 -0.962780 0.092593
vn -0.221134 -0.961917 0.160669
vn -0.184890 -0.959004 0.214770
vn -0.111194 -0.980746 0.160543
vn -0.098555 -0.961829 0.255287
vn 0.000016 -0.984443 0.175704
vn -0.000651 -0.962789 0.270255
vn 0.113253 -0.980443 0.160950
vn 0.100534 -0.962169 0.253228
vn 0.203185 -0.971175 0.124637
vn 0.184592 -0.959956 0.210736
vn 0.214412 -0.964239 0.155789
vn 0.247222 -0.964720 0.090533
vn 0.217926 -0.975965 -0.001062
vn 0.259612 -0.965713 -0.000436
vn 0.204179 -0.970482 -0.128359
vn 0.249877 -0.963979 -0.091132
vn 0.218716 -0.962762 -0.158911
vn 0.185155 -0.958906 -0.214984
vn 0.111866 -0.980540 -0.161333
vn 0.099091 -0.961195 -0.257459
vn -0.000864 -0.984362 -0.176152
vn 0.000941 -0.961690 -0.274137
vn -0.113196 -0.979903 -0.164248
vn -0.099128 -0.960638 -0.259516
vn -0.221984 -0.961619 -0.161285
vn -0.186739 -0.957912 -0.218019
vn 0.115291 -0.993332 0.000705
vn -0.000358 -1.000000 -0.000001
vn -0.113483 -0.993537 -0.002269
vn -0.322349 -0.403962 -0.856099
vn -0.405772 -0.306804 -0.860942
vn -0.377913 -0.275975 -0.883753
vn -0.319461 -0.347561 -0.881559
vn -0.499416 -0.217761 -0.838549
vn -0.446900 -0.213884 -0.868639
vn -0.509452 -0.181657 -0.841106
vn -0.563076 -0.160509 -0.810668
vn -0.574321 -0.248675 -0.779946
vn -0.635486 -0.178495 -0.751197
vn -0.642266 -0.298743 -0.705867
vn -0.695196 -0.220400 -0.684198
vn -0.686660 -0.368269 -0.626799
vn -0.733801 -0.286591 -0.615956
vn -0.701845 -0.438698 -0.561211
vn -0.745558 -0.361417 -0.559929
vn -0.725108 -0.419097 -0.546421
vn -0.697089 -0.484197 -0.528791
vn -0.625679 -0.539871 -0.563085
vn -0.641518 -0.557268 -0.527168
vn -0.528731 -0.622521 -0.576985
vn -0.573626 -0.617130 -0.538614
vn -0.510991 -0.649118 -0.563501
vn -0.453767 -0.670195 -0.587311
vn -0.465329 -0.601440 -0.649414
vn -0.382861 -0.655990 -0.650457
vn -0.400843 -0.553574 -0.729987
vn -0.322628 -0.615828 -0.718796
vn -0.350464 -0.482937 -0.802463
vn -0.282048 -0.551254 -0.785218
vn -0.288405 -0.414693 -0.863048
vn -0.265212 -0.473107 -0.840138
vn -0.584781 -0.491225 -0.645546
vn -0.530011 -0.432782 -0.729238
vn -0.468470 -0.371138 -0.801744
vn 0.951057 0.281148 -0.128242
vn 0.809018 0.534778 -0.243930
vn 0.809016 0.534781 -0.243931
vn 0.951056 0.281151 -0.128243
vn 0.587784 0.736066 -0.335734
vn 0.587784 0.736066 -0.335734
vn 0.309016 0.865293 -0.394685
vn 0.309015 0.865294 -0.394685
vn 0.000000 0.909822 -0.414998
vn 0.000000 0.909822 -0.414998
vn -0.309018 0.865297 -0.394676
vn -0.309016 0.865297 -0.394676
vn -0.587785 0.736065 -0.335734
vn -0.587784 0.736065 -0.335734
vn -0.809019 0.534778 -0.243930
vn -0.809016 0.534781 -0.243931
vn -0.951057 0.281149 -0.128242
vn -0.951056 0.281152 -0.128244
vn -1.000000 0.000000 -0.000001
vn -1.000000 0.000000 -0.000001
vn -0.951057 -0.281153 0.128231
vn -0.951057 -0.281153 0.128231
vn -0.809018 -0.534785 0.243914
vn -0.809016 -0.534788 0.243915
vn -0.587785 -0.736068 0.335726
vn -0.587785 -0.736068 0.335727
vn -0.309016 -0.865303 0.394664
vn -0.309016 -0.865303 0.394664
vn 0.000000 -0.909837 0.414967
vn 0.000000 -0.909837 0.414967
vn 0.309017 -0.865307 0.394655
vn 0.309017 -0.865307 0.394655
vn 0.587787 -0.736071 0.335717
vn 0.587787 -0.736071 0.335717
vn 0.809018 -0.534786 0.243914
vn 0.809016 -0.534789 0.243915
vn 0.951057 -0.281154 0.128231
vn 0.951057 -0.281154 0.128231
vn 1.000000 -0.000001 -0.000001
vn 1.000000 -0.000001 -0.000001
vn -0.000001 0.414982 0.909830
vn 0.000004 0.414977 0.909832
vn 0.000001 0.414978 0.909832
vn 0.000005 0.414978 0.909831
vn 0.000001 0.414981 0.909830
vn 0.000001 0.414979 0.909831
vn 0.000000 0.414980 0.909831
vn -0.000001 0.414979 0.909831
vn -0.000001 0.414979 0.909831
vn 0.000000 0.414979 0.909831
vn 0.000000 0.414976 0.909832
vn 0.000002 0.414972 0.909834
vn -0.000003 0.414975 0.909833
vn -0.000005 0.414982 0.909830
vn -0.000001 0.414980 0.909830
vn -0.000000 0.414977 0.909832
vn 0.000002 0.414981 0.909830
vn 0.000006 0.414980 0.909830
vn 0.000004 0.414973 0.909834
vn -0.000002 0.414972 0.909834
vn 0.000000 0.414978 0.909832
vn 0.928077 0.154531 0.338812
vn 0.882653 0.415466 0.219799
vn 0.882654 0.415464 0.219800
vn 0.928077 0.154530 0.338812
vn 0.882656 -0.106401 0.457819
vn 0.882655 -0.106402 0.457820
vn 0.750835 -0.341792 0.565177
vn 0.750835 -0.341792 0.565177
vn 0.545513 -0.528602 0.650381
vn 0.545512 -0.528603 0.650381
vn 0.286791 -0.648537 0.705089
vn 0.286791 -0.648537 0.705089
vn -0.000000 -0.689861 0.723942
vn -0.000000 -0.689861 0.723942
vn -0.286791 -0.648538 0.705089
vn -0.286791 -0.648538 0.705089
vn -0.545512 -0.528602 0.650383
vn -0.545511 -0.528602 0.650383
vn -0.750834 -0.341791 0.565180
vn -0.750834 -0.341791 0.565180
vn -0.882655 -0.106401 0.457820
vn -0.882655 -0.106402 0.457820
vn -0.928078 0.154532 0.338810
vn -0.928078 0.154530 0.338810
vn -0.882653 0.415466 0.219797
vn -0.882654 0.415465 0.219798
vn -0.750829 0.650857 0.112434
vn -0.750830 0.650856 0.112434
vn -0.545506 0.837664 0.027235
vn -0.545507 0.837664 0.027236
vn -0.286789 0.957600 -0.027464
vn -0.286790 0.957600 -0.027464
vn -0.000000 0.998927 -0.046309
vn -0.000000 0.998927 -0.046309
vn 0.286789 0.957600 -0.027460
vn 0.286790 0.957600 -0.027459
vn 0.545506 0.837664 0.027237
vn 0.545506 0.837664 0.027237
vn 0.750828 0.650857 0.112438
vn 0.750829 0.650856 0.112438
vn -0.000002 0.414982 0.909830
vn 0.000004 0.414987 0.909827
vn 0.000004 0.414987 0.909827
vn -0.000002 0.414982 0.909829
vn 0.000004 0.414981 0.909830
vn 0.000004 0.414981 0.909830
vn 0.000000 0.414975 0.909833
vn 0.000000 0.414975 0.909833
vn -0.000004 0.414978 0.909831
vn -0.000004 0.414978 0.909831
vn -0.000005 0.414983 0.909829
vn -0.000005 0.414983 0.909829
vn -0.000000 0.414985 0.909828
vn -0.000000 0.414985 0.909828
vn 0.000000 0.414981 0.909830
vn 0.000000 0.414981 0.909830
vn -0.000003 0.414979 0.909831
vn -0.000003 0.414979 0.909831
vn -0.000000 0.414979 0.909831
vn -0.000000 0.414979 0.909831
vn 0.000001 0.414979 0.909831
vn 0.000001 0.414979 0.909831
vn -0.000003 0.414977 0.909832
vn -0.000003 0.414977 0.909832
vn -0.000002 0.414982 0.909829
vn -0.000002 0.414982 0.909829
vn 0.000000 0.414984 0.909829
vn 0.000000 0.414984 0.909829
vn 0.000003 0.414980 0.909830
vn 0.000003 0.414981 0.909830
vn 0.000003 0.414978 0.909832
vn 0.000003 0.414978 0.909832
vn -0.000001 0.414979 0.909831
vn -0.000001 0.414979 0.909831
vn 0.000000 0.414977 0.909832
vn 0.000000 0.414977 0.909832
vn 0.000002 0.414975 0.909833
vn 0.000002 0.414975 0.909833
vn -0.000002 0.414979 0.909831
vn -0.000002 0.414979 0.909831
vn -0.951057 -0.281154 0.128232
vn -0.809017 -0.534788 0.243913
vn -0.809018 -0.534787 0.243912
vn -0.951056 -0.281156 0.128233
vn -0.587790 -0.736068 0.335719
vn -0.587790 -0.736068 0.335719
vn -0.309021 -0.865304 0.394659
vn -0.309021 -0.865304 0.394659
vn 0.000000 -0.909832 0.414976
vn 0.000000 -0.909832 0.414976
vn 0.309020 -0.865301 0.394665
vn 0.309020 -0.865301 0.394665
vn 0.587790 -0.736070 0.335713
vn 0.587790 -0.736071 0.335713
vn 0.809018 -0.534787 0.243912
vn 0.809017 -0.534788 0.243913
vn 0.951056 -0.281155 0.128233
vn 0.951056 -0.281156 0.128234
vn 1.000000 0.000001 -0.000000
vn 1.000000 -0.000001 0.000000
vn 0.951057 0.281153 -0.128235
vn 0.951057 0.281152 -0.128235
vn 0.809015 0.534783 -0.243929
vn 0.809014 0.534785 -0.243930
vn 0.587780 0.736068 -0.335735
vn 0.587782 0.736067 -0.335734
vn 0.309017 0.865301 -0.394667
vn 0.309017 0.865301 -0.394667
vn 0.000000 0.909832 -0.414977
vn 0.000000 0.909832 -0.414977
vn -0.309017 0.865301 -0.394667
vn -0.309018 0.865301 -0.394667
vn -0.587781 0.736068 -0.335735
vn -0.587783 0.736067 -0.335734
vn -0.809017 0.534783 -0.243926
vn -0.809015 0.534784 -0.243926
vn -0.951057 0.281153 -0.128232
vn -0.951057 0.281152 -0.128232
vn -1.000000 0.000002 -0.000000
vn -1.000000 0.000001 0.000000
vn 1.000000 -0.000001 0.000000
vn 0.951057 0.281152 -0.128235
vn 0.951057 0.281151 -0.128235
vn 1.000000 -0.000001 0.000000
vn 0.951057 -0.281153 0.128236
vn 0.951057 -0.281153 0.128236
vn 0.809017 -0.534785 0.243919
vn 0.809017 -0.534785 0.243919
vn 0.587786 -0.736068 0.335726
vn 0.587786 -0.736068 0.335726
vn 0.309018 -0.865300 0.394669
vn 0.309017 -0.865301 0.394669
vn 0.000000 -0.909831 0.414979
vn 0.000000 -0.909831 0.414979
vn -0.309018 -0.865300 0.394669
vn -0.309017 -0.865301 0.394669
vn -0.587786 -0.736068 0.335726
vn -0.587786 -0.736068 0.335726
vn -0.809017 -0.534785 0.243919
vn -0.809017 -0.534785 0.243919
vn -0.951057 -0.281153 0.128236
vn -0.951057 -0.281153 0.128236
vn -1.000000 -0.000000 0.000000
vn -1.000000 0.000000 -0.000000
vn -0.951057 0.281153 -0.128235
vn -0.951057 0.281153 -0.128235
vn -0.809016 0.534786 -0.243918
vn -0.809017 0.534786 -0.243918
vn -0.587781 0.736072 -0.335726
vn -0.587782 0.736071 -0.335726
vn -0.309017 0.865300 -0.394669
vn -0.309017 0.865300 -0.394669
vn 0.000000 0.909831 -0.414980
vn 0.000000 0.909830 -0.414980
vn 0.309018 0.865301 -0.394669
vn 0.309017 0.865301 -0.394669
vn 0.587781 0.736072 -0.335725
vn 0.587781 0.736072 -0.335725
vn 0.809016 0.534787 -0.243919
vn 0.809016 0.534786 -0.243919
s 1
usemtl initialShadingGroup
f 2/22/1 61/105/2 42/86/3 1/21/4
f 60/104/5 61/105/2 2/22/1 3/23/6
f 59/103/7 60/104/5 3/23/6 4/24/8
f 58/102/9 59/103/7 4/24/8 5/25/10
f 57/101/11 58/102/9 5/25/10 6/26/12
f 56/100/13 57/101/11 6/26/12 7/27/14
f 55/99/15 56/100/13 7/27/14 8/28/16
f 54/98/17 55/99/15 8/28/16 9/29/18
f 53/97/19 54/98/17 9/29/18 10/30/20
f 52/96/21 53/97/19 10/30/20 11/31/22
f 51/95/23 52/96/21 11/31/22 12/32/24
f 50/94/25 51/95/23 12/32/24 13/33/26
f 49/93/27 50/94/25 13/33/26 14/34/28
f 48/92/29 49/93/27 14/34/28 15/35/30
f 47/91/31 48/92/29 15/35/30 16/36/32
f 46/90/33 47/91/31 16/36/32 17/37/34
f 45/89/35 46/90/33 17/37/34 18/38/36
f 44/88/37 45/89/35 18/38/36 19/39/38
f 43/87/39 44/88/37 19/39/38 20/40/40
f 42/85/3 43/87/39 20/40/40 1/41/4
s 2
f 102/147/41 103/148/42 104/83/43
f 105/149/44 102/147/41 104/83/43
f 106/150/45 105/149/44 104/83/43
f 107/151/46 106/150/45 104/83/43
f 108/152/47 107/151/46 104/83/43
f 109/153/48 108/152/47 104/83/43
f 110/154/49 109/153/48 104/83/43
f 111/155/50 110/154/49 104/83/43
f 112/156/51 111/155/50 104/83/43
f 113/157/52 112/156/51 104/83/43
f 114/158/53 113/157/52 104/83/43
f 115/159/54 114/158/53 104/83/43
f 116/160/55 115/159/54 104/83/43
f 117/161/56 116/160/55 104/83/43
f 118/162/57 117/161/56 104/83/43
f 119/163/58 118/162/57 104/83/43
f 120/164/59 119/163/58 104/83/43
f 121/165/60 120/164/59 104/83/43
f 122/166/61 121/165/60 104/83/43
f 103/148/42 122/166/61 104/83/43
s 3
f 21/81/62 22/80/63 41/84/64
f 22/80/63 23/79/65 41/84/64
f 23/79/65 24/78/66 41/84/64
f 24/78/66 25/77/67 41/84/64
f 25/77/67 26/76/68 41/84/64
f 26/76/68 27/75/69 41/84/64
f 27/75/69 28/74/70 41/84/64
f 28/74/70 29/73/71 41/84/64
f 29/73/71 30/72/72 41/84/64
f 30/72/72 31/71/73 41/84/64
f 31/71/73 32/70/74 41/84/64
f 32/70/74 33/69/75 41/84/64
f 33/69/75 34/68/76 41/84/64
f 34/68/76 35/67/77 41/84/64
f 35/67/77 36/66/78 41/84/64
f 36/66/78 37/65/79 41/84/64
f 37/65/79 38/64/80 41/84/64
f 38/64/80 39/63/81 41/84/64
f 39/63/81 40/82/82 41/84/64
f 40/82/82 21/81/62 41/84/64
s 4
f 43/87/83 42/85/84 62/106/85 63/108/86
f 44/88/87 43/87/83 63/108/86 64/109/88
f 45/89/89 44/88/87 64/109/88 65/110/90
f 46/90/91 45/89/89 65/110/90 66/111/92
f 47/91/93 46/90/91 66/111/92 67/112/94
f 48/92/95 47/91/93 67/112/94 68/113/96
f 49/93/97 48/92/95 68/113/96 69/114/98
f 50/94/99 49/93/97 69/114/98 70/115/100
f 51/95/101 50/94/99 70/115/100 71/116/102
f 52/96/103 51/95/101 71/116/102 72/117/104
f 53/97/105 52/96/103 72/117/104 73/118/106
f 54/98/107 53/97/105 73/118/106 74/119/108
f 55/99/109 54/98/107 74/119/108 75/120/110
f 56/100/111 55/99/109 75/120/110 76/121/112
f 57/101/113 56/100/111 76/121/112 77/122/114
f 58/102/115 57/101/113 77/122/114 78/123/116
f 59/103/117 58/102/115 78/123/116 79/124/118
f 60/104/119 59/103/117 79/124/118 80/125/120
f 61/105/121 60/104/119 80/125/120 81/126/122
f 42/86/84 61/105/121 81/126/122 62/107/85
s 5
f 63/108/123 62/106/124 123/167/125 124/169/126
f 64/109/127 63/108/123 124/169/126 125/170/128
f 65/110/129 64/109/127 125/170/128 126/171/130
f 66/111/131 65/110/129 126/171/130 127/172/132
f 67/112/133 66/111/131 127/172/132 128/173/134
f 68/113/135 67/112/133 128/173/134 129/174/136
f 69/114/137 68/113/135 129/174/136 130/175/138
f 70/115/139 69/114/137 130/175/138 131/176/140
f 71/116/141 70/115/139 131/176/140 132/177/142
f 72/117/143 71/116/141 132/177/142 133/178/144
f 73/118/145 72/117/143 133/178/144 134/179/146
f 74/119/147 73/118/145 134/179/146 135/180/148
f 75/120/149 74/119/147 135/180/148 136/181/150
f 76/121/151 75/120/149 136/181/150 137/182/152
f 77/122/153 76/121/151 137/182/152 138/183/154
f 78/123/155 77/122/153 138/183/154 139/184/156
f 79/124/157 78/123/155 139/184/156 140/185/158
f 80/125/159 79/124/157 140/185/158 141/186/160
f 81/126/161 80/125/159 141/186/160 142/187/162
f 62/107/124 81/126/161 142/187/162 123/168/125
s 6
f 1/1/163 20/20/164 83/128/165 82/127/166
f 20/20/164 19/19/167 84/129/168 83/128/165
f 19/19/167 18/18/169 85/130/170 84/129/168
f 18/18/169 17/17/171 86/131/172 85/130/170
f 17/17/171 16/16/173 87/132/174 86/131/172
f 16/16/173 15/15/175 88/133/176 87/132/174
f 15/15/175 14/14/177 89/134/178 88/133/176
f 14/14/177 13/13/179 90/135/180 89/134/178
f 13/13/179 12/12/181 91/136/182 90/135/180
f 12/12/181 11/11/183 92/137/184 91/136/182
f 11/11/183 10/10/185 93/138/186 92/137/184
f 10/10/185 9/9/187 94/139/188 93/138/186
f 9/9/187 8/8/189 95/140/190 94/139/188
f 8/8/189 7/7/191 96/141/192 95/140/190
f 7/7/191 6/6/193 97/142/194 96/141/192
f 6/6/193 5/5/195 98/143/196 97/142/194
f 5/5/195 4/4/197 99/144/198 98/143/196
f 4/4/197 3/3/199 100/145/200 99/144/198
f 3/3/199 2/2/201 101/146/202 100/145/200
f 2/2/201 1/1/163 82/127/166 101/146/202
s 7
f 101/146/203 82/127/204 103/148/205 102/147/206
f 100/145/207 101/146/203 102/147/206 105/149/208
f 99/144/209 100/145/207 105/149/208 106/150/210
f 98/143/211 99/144/209 106/150/210 107/151/212
f 97/142/213 98/143/211 107/151/212 108/152/214
f 96/141/215 97/142/213 108/152/214 109/153/216
f 95/140/217 96/141/215 109/153/216 110/154/218
f 94/139/219 95/140/217 110/154/218 111/155/220
f 93/138/221 94/139/219 111/155/220 112/156/222
f 92/137/223 93/138/221 112/156/222 113/157/224
f 91/136/225 92/137/223 113/157/224 114/158/226
f 90/135/227 91/136/225 114/158/226 115/159/228
f 89/134/229 90/135/227 115/159/228 116/160/230
f 88/133/231 89/134/229 116/160/230 117/161/232
f 87/132/233 88/133/231 117/161/232 118/162/234
f 86/131/235 87/132/233 118/162/234 119/163/236
f 85/130/237 86/131/235 119/163/236 120/164/238
f 84/129/239 85/130/237 120/164/238 121/165/240
f 83/128/241 84/129/239 121/165/240 122/166/242
f 82/127/204 83/128/241 122/166/242 103/148/205
s 8
f 124/169/243 123/167/244 143/188/245 144/190/246
f 125/170/247 124/169/243 144/190/246 145/191/248
f 126/171/249 125/170/247 145/191/248 146/192/250
f 127/172/251 126/171/249 146/192/250 147/193/252
f 128/173/253 127/172/251 147/193/252 148/194/254
f 129/174/255 128/173/253 148/194/254 149/195/256
f 130/175/257 129/174/255 149/195/256 150/196/258
f 131/176/259 130/175/257 150/196/258 151/197/260
f 132/177/261 131/176/259 151/197/260 152/198/262
f 133/178/263 132/177/261 152/198/262 153/199/264
f 134/179/265 133/178/263 153/199/264 154/200/266
f 135/180/267 134/179/265 154/200/266 155/201/268
f 136/181/269 135/180/267 155/201/268 156/202/270
f 137/182/271 136/181/269 156/202/270 157/203/272
f 138/183/273 137/182/271 157/203/272 158/204/274
f 139/184/275 138/183/273 158/204/274 159/205/276
f 140/185/277 139/184/275 159/205/276 160/206/278
f 141/186/279 140/185/277 160/206/278 161/207/280
f 142/187/281 141/186/279 161/207/280 162/208/282
f 123/168/244 142/187/281 162/208/282 143/189/245
s 9
f 144/190/283 143/188/284 21/62/285 40/61/286
f 145/191/287 144/190/283 40/61/286 39/60/288
f 146/192/289 145/191/287 39/60/288 38/59/290
f 147/193/291 146/192/289 38/59/290 37/58/292
f 148/194/293 147/193/291 37/58/292 36/57/294
f 149/195/295 148/194/293 36/57/294 35/56/296
f 150/196/297 149/195/295 35/56/296 34/55/298
f 151/197/299 150/196/297 34/55/298 33/54/300
f 152/198/301 151/197/299 33/54/300 32/53/302
f 153/199/303 152/198/301 32/53/302 31/52/304
f 154/200/305 153/199/303 31/52/304 30/51/306
f 155/201/307 154/200/305 30/51/306 29/50/308
f 156/202/309 155/201/307 29/50/308 28/49/310
f 157/203/311 156/202/309 28/49/310 27/48/312
f 158/204/313 157/203/311 27/48/312 26/47/314
f 159/205/315 158/204/313 26/47/314 25/46/316
f 160/206/317 159/205/315 25/46/316 24/45/318
f 161/207/319 160/206/317 24/45/318 23/44/320
f 162/208/321 161/207/319 23/44/320 22/43/322
f 143/189/284 162/208/321 22/43/322 21/42/285
s off
f 166/209/323 164/210/324 168/211/325 170/212/326
f 174/213/327 172/214/328 175/215/329 178/216/330
f 169/217/331 167/218/332 177/219/333 176/220/334
f 171/221/335 173/222/336 163/223/337 165/224/338
s 10
f 171/225/339 176/226/340 175/215/341 172/214/342
s 11
f 173/227/343 177/228/344 167/229/345 163/230/346
s off
f 163/223/347 164/210/348 166/209/349 165/224/350
f 168/211/351 167/218/352 169/217/353 170/212/354
f 171/225/355 172/214/356 174/213/357 173/227/358
f 175/215/359 176/226/360 177/228/361 178/216/362
s 10
f 165/231/363 166/209/364 170/212/365 169/232/366
f 165/231/363 169/232/366 176/226/340 171/225/339
s 11
f 163/230/346 167/229/345 168/233/367 164/234/368
f 173/227/343 174/213/369 178/216/370 177/228/344
s 12
f 179/235/371 180/236/372 239/237/373 220/238/374
f 180/236/372 181/239/375 238/240/376 239/237/373
f 181/239/375 182/241/377 237/242/378 238/240/376
f 182/241/377 183/243/379 236/244/380 237/242/378
f 183/243/379 184/245/381 235/246/382 236/244/380
f 184/245/381 185/247/383 234/248/384 235/246/382
f 185/247/383 186/249/385 233/250/386 234/248/384
f 186/249/385 187/251/387 232/252/388 233/250/386
f 187/251/387 188/253/389 231/254/390 232/252/388
f 188/253/389 189/255/391 230/256/392 231/254/390
f 189/255/391 190/257/393 229/258/394 230/256/392
f 190/257/393 191/259/395 228/260/396 229/258/394
f 191/259/395 192/261/397 227/262/398 228/260/396
f 192/261/397 193/263/399 226/264/400 227/262/398
f 193/263/399 194/265/401 225/266/402 226/264/400
f 194/265/401 195/267/403 224/268/404 225/266/402
f 195/267/403 196/269/405 223/270/406 224/268/404
f 196/269/405 197/271/407 222/272/408 223/270/406
f 197/271/407 198/273/409 221/274/410 222/272/408
f 198/273/409 179/275/371 220/276/374 221/274/410
s 13
f 180/277/411 179/278/412 219/279/413
f 181/280/414 180/277/411 219/279/413
f 182/281/415 181/280/414 219/279/413
f 183/282/416 182/281/415 219/279/413
f 184/283/417 183/282/416 219/279/413
f 185/284/418 184/283/417 219/279/413
f 186/285/419 185/284/418 219/279/413
f 187/286/420 186/285/419 219/279/413
f 188/287/421 187/286/420 219/279/413
f 189/288/422 188/287/421 219/279/413
f 190/289/423 189/288/422 219/279/413
f 191/290/424 190/289/423 219/279/413
f 192/291/425 191/290/424 219/279/413
f 193/292/426 192/291/425 219/279/413
f 194/293/427 193/292/426 219/279/413
f 195/294/428 194/293/427 219/279/413
f 196/295/429 195/294/428 219/279/413
f 197/296/430 196/295/429 219/279/413
f 198/297/431 197/296/430 219/279/413
f 179/278/412 198/297/431 219/279/413
s 14
f 221/274/432 220/276/433 199/298/434 218/299/435
f 222/272/436 221/274/432 218/299/435 217/300/437
f 223/270/438 222/272/436 217/300/437 216/301/439
f 224/268/440 223/270/438 216/301/439 215/302/441
f 225/266/442 224/268/440 215/302/441 214/303/443
f 226/264/444 225/266/442 214/303/443 213/304/445
f 227/262/446 226/264/444 213/304/445 212/305/447
f 228/260/448 227/262/446 212/305/447 211/306/449
f 229/258/450 228/260/448 211/306/449 210/307/451
f 230/256/452 229/258/450 210/307/451 209/308/453
f 231/254/454 230/256/452 209/308/453 208/309/455
f 232/252/456 231/254/454 208/309/455 207/310/457
f 233/250/458 232/252/456 207/310/457 206/311/459
f 234/248/460 233/250/458 206/311/459 205/312/461
f 235/246/462 234/248/460 205/312/461 204/313/463
f 236/244/464 235/246/462 204/313/463 203/314/465
f 237/242/466 236/244/464 203/314/465 202/315/467
f 238/240/468 237/242/466 202/315/467 201/316/469
f 239/237/470 238/240/468 201/316/469 200/317/471
f 220/238/433 239/237/470 200/317/471 199/318/434
s off
f 251/319/472 249/320/473 253/321/474 255/322/475
f 259/323/476 257/324/477 261/325/478 263/326/479
f 245/327/480 246/328/481 252/329/482 253/330/483 249/331/484 248/332/485
f 254/333/486 252/334/487 246/335/488 247/336/489
f 244/337/490 245/338/491 248/339/492 250/340/493
f 256/341/494 258/342/495 241/343/496 240/344/497
f 243/345/498 242/346/499 262/347/500 260/348/501
f 240/349/502 243/350/503 260/351/504 261/325/505 257/324/506 256/352/507
f 240/344/508 241/343/509 245/338/510 244/337/511
f 241/353/512 242/354/513 246/328/514 245/327/515
f 247/336/516 246/335/517 242/346/518 243/345/519
f 244/355/520 247/356/521 243/350/522 240/349/523
f 250/357/524 251/319/525 255/322/526 254/358/527 247/356/528 244/355/529
f 258/359/530 259/323/531 263/326/532 262/360/533 242/354/534 241/353/535
f 248/339/536 249/320/537 251/319/538 250/340/539
f 253/321/540 252/334/541 254/333/542 255/322/543
f 256/352/544 257/324/545 259/323/546 258/359/547
f 261/325/548 260/351/549 262/360/550 263/326/551
s 15
f 264/361/552 265/362/553 266/363/554 267/364/555
f 269/365/556 268/366/557 266/367/554 265/368/553
f 270/369/558 268/370/557 269/371/556 271/372/559
f 273/373/560 272/374/561 271/375/559 269/376/556
f 275/377/562 274/378/563 272/379/561 273/380/560
f 277/381/564 276/382/565 274/383/563 275/384/562
f 279/385/566 278/386/567 276/387/565 277/388/564
f 280/389/568 278/390/567 279/391/566 281/392/569
f 283/393/570 282/394/571 281/395/569 279/396/566
f 285/397/572 284/398/573 282/399/571 283/400/570
f 286/401/574 284/402/573 285/403/572 287/404/575
f 287/405/575 285/406/572 288/407/576 289/408/577
f 289/409/577 288/410/576 290/411/578 291/412/579
f 291/413/579 290/414/578 292/415/580 293/416/581
f 264/417/552 267/418/555 294/419/582 295/420/583
f 293/421/581 292/422/580 264/423/552 295/424/583
f 283/425/570 279/426/566 277/427/564 298/428/584
f 296/429/585 275/430/562 273/431/560 297/432/586
f 297/432/586 273/431/560 269/433/556 265/434/553
f 298/428/584 277/427/564 275/435/562 296/436/585
f 296/437/585 290/438/578 288/439/576 298/440/584
f 297/441/586 292/442/580 290/443/578 296/444/585
f 265/445/553 264/446/552 292/447/580 297/448/586
f 298/449/584 288/450/576 285/451/572 283/452/570
s 16
f 299/453/587 300/454/588 332/455/589 317/456/590
f 300/454/588 301/457/591 331/458/592 332/455/589
f 301/457/591 302/459/593 330/460/594 331/458/592
f 302/459/593 303/461/595 329/462/596 330/460/594
f 303/461/595 304/463/597 328/464/598 329/462/596
f 304/463/597 305/465/599 327/466/600 328/464/598
f 305/465/599 306/467/601 326/468/602 327/466/600
f 306/467/601 307/469/603 325/470/604 326/468/602
f 307/469/603 308/471/605 324/472/606 325/470/604
f 308/471/605 309/473/607 323/474/608 324/472/606
f 309/473/607 310/475/609 322/476/610 323/474/608
f 310/475/609 311/477/611 321/478/612 322/476/610
f 311/477/611 312/479/613 320/480/614 321/478/612
f 312/479/613 313/481/615 319/482/616 320/480/614
f 313/481/615 314/483/617 318/484/618 319/482/616
f 314/483/617 299/485/587 317/486/590 318/484/618
s 17
f 300/487/619 299/488/620 315/489/621
f 301/490/622 300/487/619 315/489/621
f 302/491/623 301/490/622 315/489/621
f 303/492/624 302/491/623 315/489/621
f 304/493/625 303/492/624 315/489/621
f 305/494/626 304/493/625 315/489/621
f 306/495/627 305/494/626 315/489/621
f 307/496/628 306/495/627 315/489/621
f 308/497/629 307/496/628 315/489/621
f 309/498/630 308/497/629 315/489/621
f 310/499/631 309/498/630 315/489/621
f 311/500/632 310/499/631 315/489/621
f 312/501/633 311/500/632 315/489/621
f 313/502/634 312/501/633 315/489/621
f 314/503/635 313/502/634 315/489/621
f 299/488/620 314/503/635 315/489/621
s 18
f 318/484/636 317/486/637 333/504/638 334/505/639
f 319/482/640 318/484/636 334/505/639 335/506/641
f 320/480/642 319/482/640 335/506/641 336/507/643
f 321/478/644 320/480/642 336/507/643 337/508/645
f 322/476/646 321/478/644 337/508/645 338/509/647
f 323/474/648 322/476/646 338/509/647 339/510/649
f 324/472/650 323/474/648 339/510/649 340/511/651
f 325/470/652 324/472/650 340/511/651 341/512/653
f 326/468/654 325/470/652 341/512/653 342/513/655
f 327/466/656 326/468/654 342/513/655 343/514/657
f 328/464/658 327/466/656 343/514/657 344/515/659
f 329/462/660 328/464/658 344/515/659 345/516/661
f 330/460/662 329/462/660 345/516/661 346/517/663
f 331/458/664 330/460/662 346/517/663 347/518/665
f 332/455/666 331/458/664 347/518/665 348/519/667
f 317/456/637 332/455/666 348/519/667 333/520/638
s 19
f 349/521/668 350/522/669 379/523/670 380/524/671
f 350/525/669 349/526/668 352/527/672 351/528/673
f 351/528/673 352/527/672 354/529/674 353/530/675
f 353/530/675 354/529/674 356/531/676 355/532/677
f 355/532/677 356/531/676 358/533/678 357/534/679
f 357/534/679 358/533/678 360/535/680 359/536/681
f 359/536/681 360/535/680 362/537/682 361/538/683
f 361/538/683 362/537/682 364/539/684 363/540/685
f 363/540/685 364/539/684 366/541/686 365/542/687
f 365/542/687 366/541/686 368/543/688 367/544/689
f 367/544/689 368/543/688 370/545/690 369/546/691
f 369/546/691 370/545/690 372/547/692 371/548/693
f 371/548/693 372/547/692 374/549/694 373/550/695
f 373/550/695 374/549/694 376/551/696 375/552/697
f 375/552/697 376/551/696 378/553/698 377/554/699
f 377/554/699 378/553/698 380/524/671 379/523/670
s 20
f 316/555/700 349/521/701 380/524/702
f 316/555/700 380/524/702 378/553/703
f 316/555/700 378/553/703 376/551/704
f 316/555/700 376/551/704 374/549/705
f 316/555/700 374/549/705 372/547/706
f 316/555/700 372/547/706 370/545/707
f 316/555/700 370/545/707 368/543/708
f 316/555/700 368/543/708 366/541/709
f 316/555/700 366/541/709 364/539/710
f 316/555/700 364/539/710 362/537/711
f 316/555/700 362/537/711 360/535/712
f 316/555/700 360/535/712 358/533/713
f 316/555/700 358/533/713 356/531/714
f 316/555/700 356/531/714 354/529/715
f 316/555/700 354/529/715 352/527/716
f 316/555/700 352/527/716 349/526/701
s 21
f 334/505/717 333/504/718 350/525/719 351/528/720
f 335/506/721 334/505/717 351/528/720 353/530/722
f 336/507/723 335/506/721 353/530/722 355/532/724
f 337/508/725 336/507/723 355/532/724 357/534/726
f 338/509/727 337/508/725 357/534/726 359/536/728
f 339/510/729 338/509/727 359/536/728 361/538/730
f 340/511/731 339/510/729 361/538/730 363/540/732
f 341/512/733 340/511/731 363/540/732 365/542/734
f 342/513/735 341/512/733 365/542/734 367/544/736
f 343/514/737 342/513/735 367/544/736 369/546/738
f 344/515/739 343/514/737 369/546/738 371/548/740
f 345/516/741 344/515/739 371/548/740 373/550/742
f 346/517/743 345/516/741 373/550/742 375/552/744
f 347/518/745 346/517/743 375/552/744 377/554/746
f 348/519/747 347/518/745 377/554/746 379/523/748
f 333/520/718 348/519/747 379/523/748 350/522/719
s 22
f 381/556/749 382/557/750 441/558/751 422/559/752
f 382/557/750 383/560/753 440/561/754 441/558/751
f 383/560/753 384/562/755 439/563/756 440/561/754
f 384/562/755 385/564/757 438/565/758 439/563/756
f 385/564/757 386/566/759 437/567/760 438/565/758
f 386/566/759 387/568/761 436/569/762 437/567/760
f 387/568/761 388/570/763 435/571/764 436/569/762
f 388/570/763 389/572/765 434/573/766 435/571/764
f 389/572/765 390/574/767 433/575/768 434/573/766
f 390/574/767 391/576/769 432/577/770 433/575/768
f 391/576/769 392/578/771 431/579/772 432/577/770
f 392/578/771 393/580/773 430/581/774 431/579/772
f 393/580/773 394/582/775 429/583/776 430/581/774
f 394/582/775 395/584/777 428/585/778 429/583/776
f 395/584/777 396/586/779 427/587/780 428/585/778
f 396/586/779 397/588/781 426/589/782 427/587/780
f 397/588/781 398/590/783 425/591/784 426/589/782
f 398/590/783 399/592/785 424/593/786 425/591/784
f 399/592/785 400/594/787 423/595/788 424/593/786
f 400/594/787 381/596/749 422/597/752 423/595/788
s 23
f 382/598/789 381/599/790 421/600/791
f 383/601/792 382/598/789 421/600/791
f 384/602/793 383/601/792 421/600/791
f 385/603/794 384/602/793 421/600/791
f 386/604/795 385/603/794 421/600/791
f 387/605/796 386/604/795 421/600/791
f 388/606/797 387/605/796 421/600/791
f 389/607/798 388/606/797 421/600/791
f 390/608/799 389/607/798 421/600/791
f 391/609/800 390/608/799 421/600/791
f 392/610/801 391/609/800 421/600/791
f 393/611/802 392/610/801 421/600/791
f 394/612/803 393/611/802 421/600/791
f 395/613/804 394/612/803 421/600/791
f 396/614/805 395/613/804 421/600/791
f 397/615/806 396/614/805 421/600/791
f 398/616/807 397/615/806 421/600/791
f 399/617/808 398/616/807 421/600/791
f 400/618/809 399/617/808 421/600/791
f 381/599/790 400/618/809 421/600/791
s 24
f 423/595/810 422/597/811 401/619/812 420/620/813
f 424/593/814 423/595/810 420/620/813 419/621/815
f 425/591/816 424/593/814 419/621/815 418/622/817
f 426/589/818 425/591/816 418/622/817 417/623/819
f 427/587/820 426/589/818 417/623/819 416/624/821
f 428/585/822 427/587/820 416/624/821 415/625/823
f 429/583/824 428/585/822 415/625/823 414/626/825
f 430/581/826 429/583/824 414/626/825 413/627/827
f 431/579/828 430/581/826 413/627/827 412/628/829
f 432/577/830 431/579/828 412/628/829 411/629/831
f 433/575/832 432/577/830 411/629/831 410/630/833
f 434/573/834 433/575/832 410/630/833 409/631/835
f 435/571/836 434/573/834 409/631/835 408/632/837
f 436/569/838 435/571/836 408/632/837 407/633/839
f 437/567/840 436/569/838 407/633/839 406/634/841
f 438/565/842 437/567/840 406/634/841 405/635/843
f 439/563/844 438/565/842 405/635/843 404/636/845
f 440/561/846 439/563/844 404/636/845 403/637/847
f 441/558/848 440/561/846 403/637/847 402/638/849
f 422/559/811 441/558/848 402/638/849 401/639/812
s 25
f 442/640/850 443/641/851 475/642/852 460/643/853
f 443/641/851 444/644/854 474/645/855 475/642/852
f 444/644/854 445/646/856 473/647/857 474/645/855
f 445/646/856 446/648/858 472/649/859 473/647/857
f 446/648/858 447/650/860 471/651/861 472/649/859
f 447/650/860 448/652/862 470/653/863 471/651/861
f 448/652/862 449/654/864 469/655/865 470/653/863
f 449/654/864 450/656/866 468/657/867 469/655/865
f 450/656/866 451/658/868 467/659/869 468/657/867
f 451/658/868 452/660/870 466/661/871 467/659/869
f 452/660/870 453/662/872 465/663/873 466/661/871
f 453/662/872 454/664/874 464/665/875 465/663/873
f 454/664/874 455/666/876 463/667/877 464/665/875
f 455/666/876 456/668/878 462/669/879 463/667/877
f 456/668/878 457/670/880 461/671/881 462/669/879
f 457/670/880 442/672/850 460/673/853 461/671/881
s 26
f 443/674/882 442/675/883 458/676/884
f 444/677/885 443/674/882 458/676/884
f 445/678/886 444/677/885 458/676/884
f 446/679/887 445/678/886 458/676/884
f 447/680/888 446/679/887 458/676/884
f 448/681/889 447/680/888 458/676/884
f 449/682/890 448/681/889 458/676/884
f 450/683/891 449/682/890 458/676/884
f 451/684/892 450/683/891 458/676/884
f 452/685/893 451/684/892 458/676/884
f 453/686/894 452/685/893 458/676/884
f 454/687/895 453/686/894 458/676/884
f 455/688/896 454/687/895 458/676/884
f 456/689/897 455/688/896 458/676/884
f 457/690/898 456/689/897 458/676/884
f 442/675/883 457/690/898 458/676/884
s 27
f 461/671/899 460/673/900 476/691/901 477/692/902
f 462/669/903 461/671/899 477/692/902 478/693/904
f 463/667/905 462/669/903 478/693/904 479/694/906
f 464/665/907 463/667/905 479/694/906 480/695/908
f 465/663/909 464/665/907 480/695/908 481/696/910
f 466/661/911 465/663/909 481/696/910 482/697/912
f 467/659/913 466/661/911 482/697/912 483/698/914
f 468/657/915 467/659/913 483/698/914 484/699/916
f 469/655/917 468/657/915 484/699/916 485/700/918
f 470/653/919 469/655/917 485/700/918 486/701/920
f 471/651/921 470/653/919 486/701/920 487/702/922
f 472/649/923 471/651/921 487/702/922 488/703/924
f 473/647/925 472/649/923 488/703/924 489/704/926
f 474/645/927 473/647/925 489/704/926 490/705/928
f 475/642/929 474/645/927 490/705/928 491/706/930
f 460/643/900 475/642/929 491/706/930 476/707/901
s 28
f 492/708/931 493/709/932 522/710/933 523/711/934
f 493/712/932 492/713/931 495/714/935 494/715/936
f 494/715/936 495/714/935 497/716/937 496/717/938
f 496/717/938 497/716/937 499/718/939 498/719/940
f 498/719/940 499/718/939 501/720/941 500/721/942
f 500/721/942 501/720/941 503/722/943 502/723/944
f 502/723/944 503/722/943 505/724/945 504/725/946
f 504/725/946 505/724/945 507/726/947 506/727/948
f 506/727/948 507/726/947 509/728/949 508/729/950
f 508/729/950 509/728/949 511/730/951 510/731/952
f 510/731/952 511/730/951 513/732/953 512/733/954
f 512/733/954 513/732/953 515/734/955 514/735/956
f 514/735/956 515/734/955 517/736/957 516/737/958
f 516/737/958 517/736/957 519/738/959 518/739/960
f 518/739/960 519/738/959 521/740/961 520/741/962
f 520/741/962 521/740/961 523/711/934 522/710/933
s 29
f 459/742/963 492/708/964 523/711/965
f 459/742/963 523/711/965 521/740/966
f 459/742/963 521/740/966 519/738/967
f 459/742/963 519/738/967 517/736/968
f 459/742/963 517/736/968 515/734/969
f 459/742/963 515/734/969 513/732/970
f 459/742/963 513/732/970 511/730/971
f 459/742/963 511/730/971 509/728/972
f 459/742/963 509/728/972 507/726/973
f 459/742/963 507/726/973 505/724/974
f 459/742/963 505/724/974 503/722/975
f 459/742/963 503/722/975 501/720/976
f 459/742/963 501/720/976 499/718/977
f 459/742/963 499/718/977 497/716/978
f 459/742/963 497/716/978 495/714/979
f 459/742/963 495/714/979 492/713/964
s 30
f 477/692/980 476/691/981 493/712/982 494/715/983
f 478/693/984 477/692/980 494/715/983 496/717/985
f 479/694/986 478/693/984 496/717/985 498/719/987
f 480/695/988 479/694/986 498/719/987 500/721/989
f 481/696/990 480/695/988 500/721/989 502/723/991
f 482/697/992 481/696/990 502/723/991 504/725/993
f 483/698/994 482/697/992 504/725/993 506/727/995
f 484/699/996 483/698/994 506/727/995 508/729/997
f 485/700/998 484/699/996 508/729/997 510/731/999
f 486/701/1000 485/700/998 510/731/999 512/733/1001
f 487/702/1002 486/701/1000 512/733/1001 514/735/1003
f 488/703/1004 487/702/1002 514/735/1003 516/737/1005
f 489/704/1006 488/703/1004 516/737/1005 518/739/1007
f 490/705/1008 489/704/1006 518/739/1007 520/741/1009
f 491/706/1010 490/705/1008 520/741/1009 522/710/1011
f 476/707/981 491/706/1010 522/710/1011 493/709/982
s 31
f 525/743/1012 584/744/1013 565/745/1014 524/746/1015
f 583/747/1016 584/744/1013 525/743/1012 526/748/1017
f 582/749/1018 583/747/1016 526/748/1017 527/750/1019
f 581/751/1020 582/749/1018 527/750/1019 528/752/1021
f 580/753/1022 581/751/1020 528/752/1021 529/754/1023
f 579/755/1024 580/753/1022 529/754/1023 530/756/1025
f 578/757/1026 579/755/1024 530/756/1025 531/758/1027
f 577/759/1028 578/757/1026 531/758/1027 532/760/1029
f 576/761/1030 577/759/1028 532/760/1029 533/762/1031
f 575/763/1032 576/761/1030 533/762/1031 534/764/1033
f 574/765/1034 575/763/1032 534/764/1033 535/766/1035
f 573/767/1036 574/765/1034 535/766/1035 536/768/1037
f 572/769/1038 573/767/1036 536/768/1037 537/770/1039
f 571/771/1040 572/769/1038 537/770/1039 538/772/1041
f 570/773/1042 571/771/1040 538/772/1041 539/774/1043
f 569/775/1044 570/773/1042 539/774/1043 540/776/1045
f 568/777/1046 569/775/1044 540/776/1045 541/778/1047
f 567/779/1048 568/777/1046 541/778/1047 542/780/1049
f 566/781/1050 567/779/1048 542/780/1049 543/782/1051
f 565/783/1014 566/781/1050 543/782/1051 524/784/1015
s 32
f 605/785/1052 606/786/1053 607/787/1054
f 608/788/1055 605/785/1052 607/787/1054
f 609/789/1056 608/788/1055 607/787/1054
f 610/790/1057 609/789/1056 607/787/1054
f 611/791/1058 610/790/1057 607/787/1054
f 612/792/1059 611/791/1058 607/787/1054
f 613/793/1060 612/792/1059 607/787/1054
f 614/794/1061 613/793/1060 607/787/1054
f 615/795/1062 614/794/1061 607/787/1054
f 616/796/1063 615/795/1062 607/787/1054
f 617/797/1064 616/796/1063 607/787/1054
f 618/798/1065 617/797/1064 607/787/1054
f 619/799/1066 618/798/1065 607/787/1054
f 620/800/1067 619/799/1066 607/787/1054
f 621/801/1068 620/800/1067 607/787/1054
f 622/802/1069 621/801/1068 607/787/1054
f 623/803/1070 622/802/1069 607/787/1054
f 624/804/1071 623/803/1070 607/787/1054
f 625/805/1072 624/804/1071 607/787/1054
f 606/786/1053 625/805/1072 607/787/1054
s 33
f 544/806/1073 545/807/1074 564/808/1075
f 545/807/1074 546/809/1076 564/808/1075
f 546/809/1076 547/810/1077 564/808/1075
f 547/810/1077 548/811/1078 564/808/1075
f 548/811/1078 549/812/1079 564/808/1075
f 549/812/1079 550/813/1080 564/808/1075
f 550/813/1080 551/814/1081 564/808/1075
f 551/814/1081 552/815/1082 564/808/1075
f 552/815/1082 553/816/1083 564/808/1075
f 553/816/1083 554/817/1084 564/808/1075
f 554/817/1084 555/818/1085 564/808/1075
f 555/818/1085 556/819/1086 564/808/1075
f 556/819/1086 557/820/1087 564/808/1075
f 557/820/1087 558/821/1088 564/808/1075
f 558/821/1088 559/822/1089 564/808/1075
f 559/822/1089 560/823/1090 564/808/1075
f 560/823/1090 561/824/1091 564/808/1075
f 561/824/1091 562/825/1092 564/808/1075
f 562/825/1092 563/826/1093 564/808/1075
f 563/826/1093 544/806/1073 564/808/1075
s 34
f 566/781/1094 565/783/1095 544/827/1096 563/828/1097
f 567/779/1098 566/781/1094 563/828/1097 562/829/1099
f 568/777/1100 567/779/1098 562/829/1099 561/830/1101
f 569/775/1102 568/777/1100 561/830/1101 560/831/1103
f 570/773/1104 569/775/1102 560/831/1103 559/832/1105
f 571/771/1106 570/773/1104 559/832/1105 558/833/1107
f 572/769/1108 571/771/1106 558/833/1107 557/834/1109
f 573/767/1110 572/769/1108 557/834/1109 556/835/1111
f 574/765/1112 573/767/1110 556/835/1111 555/836/1113
f 575/763/1114 574/765/1112 555/836/1113 554/837/1115
f 576/761/1116 575/763/1114 554/837/1115 553/838/1117
f 577/759/1118 576/761/1116 553/838/1117 552/839/1119
f 578/757/1120 577/759/1118 552/839/1119 551/840/1121
f 579/755/1122 578/757/1120 551/840/1121 550/841/1123
f 580/753/1124 579/755/1122 550/841/1123 549/842/1125
f 581/751/1126 580/753/1124 549/842/1125 548/843/1127
f 582/749/1128 581/751/1126 548/843/1127 547/844/1129
f 583/747/1130 582/749/1128 547/844/1129 546/845/1131
f 584/744/1132 583/747/1130 546/845/1131 545/846/1133
f 565/745/1095 584/744/1132 545/846/1133 544/847/1096
s 35
f 524/848/1134 543/849/1135 586/850/1136 585/851/1137
f 543/849/1135 542/852/1138 587/853/1139 586/850/1136
f 542/852/1138 541/854/1140 588/855/1141 587/853/1139
f 541/854/1140 540/856/1142 589/857/1143 588/855/1141
f 540/856/1142 539/858/1144 590/859/1145 589/857/1143
f 539/858/1144 538/860/1146 591/861/1147 590/859/1145
f 538/860/1146 537/862/1148 592/863/1149 591/861/1147
f 537/862/1148 536/864/1150 593/865/1151 592/863/1149
f 536/864/1150 535/866/1152 594/867/1153 593/865/1151
f 535/866/1152 534/868/1154 595/869/1155 594/867/1153
f 534/868/1154 533/870/1156 596/871/1157 595/869/1155
f 533/870/1156 532/872/1158 597/873/1159 596/871/1157
f 532/872/1158 531/874/1160 598/875/1161 597/873/1159
f 531/874/1160 530/876/1162 599/877/1163 598/875/1161
f 530/876/1162 529/878/1164 600/879/1165 599/877/1163
f 529/878/1164 528/880/1166 601/881/1167 600/879/1165
f 528/880/1166 527/882/1168 602/883/1169 601/881/1167
f 527/882/1168 526/884/1170 603/885/1171 602/883/1169
f 526/884/1170 525/886/1172 604/887/1173 603/885/1171
f 525/886/1172 524/848/1134 585/851/1137 604/887/1173
s 36
f 604/887/1174 585/851/1175 606/786/1176 605/785/1177
f 603/885/1178 604/887/1174 605/785/1177 608/788/1179
f 602/883/1180 603/885/1178 608/788/1179 609/789/1181
f 601/881/1182 602/883/1180 609/789/1181 610/790/1183
f 600/879/1184 601/881/1182 610/790/1183 611/791/1185
f 599/877/1186 600/879/1184 611/791/1185 612/792/1187
f 598/875/1188 599/877/1186 612/792/1187 613/793/1189
f 597/873/1190 598/875/1188 613/793/1189 614/794/1191
f 596/871/1192 597/873/1190 614/794/1191 615/795/1193
f 595/869/1194 596/871/1192 615/795/1193 616/796/1195
f 594/867/1196 595/869/1194 616/796/1195 617/797/1197
f 593/865/1198 594/867/1196 617/797/1197 618/798/1199
f 592/863/1200 593/865/1198 618/798/1199 619/799/1201
f 591/861/1202 592/863/1200 619/799/1201 620/800/1203
f 590/859/1204 591/861/1202 620/800/1203 621/801/1205
f 589/857/1206 590/859/1204 621/801/1205 622/802/1207
f 588/855/1208 589/857/1206 622/802/1207 623/803/1209
f 587/853/1210 588/855/1208 623/803/1209 624/804/1211
f 586/850/1212 587/853/1210 624/804/1211 625/805/1213
f 585/851/1175 586/850/1212 625/805/1213 606/786/1176
s 37
f 626/888/1214 627/889/1215 630/890/1216 631/891/1217
f 627/889/1215 628/892/1218 629/893/1219 630/890/1216
f 632/894/1220 633/895/1221 636/896/1222 637/897/1223
f 633/895/1221 634/898/1224 635/899/1225 636/896/1222
f 638/900/1226 639/901/1227 642/902/1228 643/903/1229
f 639/901/1227 640/904/1230 641/905/1231 642/902/1228
f 644/906/1232 645/907/1233 648/908/1234 649/909/1235
f 645/907/1233 646/910/1236 647/911/1237 648/908/1234
f 650/912/1238 651/913/1239 654/914/1240 655/915/1241
f 651/913/1239 652/916/1242 653/917/1243 654/914/1240
f 656/918/1244 657/919/1245 660/920/1246 661/921/1247
f 657/919/1245 658/922/1248 659/923/1249 660/920/1246
f 662/924/1250 663/925/1251 666/926/1252 667/927/1253
f 663/925/1251 664/928/1254 665/929/1255 666/926/1252
f 668/930/1256 669/931/1257 672/932/1258 673/933/1259
f 669/931/1257 670/934/1260 671/935/1261 672/932/1258
f 674/936/1262 675/937/1263 678/938/1264 679/939/1265
f 675/937/1263 676/940/1266 677/941/1267 678/938/1264
f 680/942/1268 681/943/1269 684/944/1270 685/945/1271
f 681/943/1269 682/946/1272 683/947/1273 684/944/1270
f 686/948/1274 687/949/1275 690/950/1276 691/951/1277
f 687/949/1275 688/952/1278 689/953/1279 690/950/1276
s 48
f 626/954/1280 692/955/1281 693/956/1282 627/957/1283
f 627/957/1283 693/956/1282 694/958/1284 628/959/1285
s off
f 628/959/1286 694/958/1287 695/960/1288 629/961/1289
s 49
f 629/961/1290 695/960/1291 696/962/1292 630/963/1293
f 630/963/1293 696/962/1292 697/964/1294 631/965/1295
s off
f 631/965/1296 697/964/1297 698/966/1298 632/967/1299
s 50
f 632/967/1300 698/966/1301 699/968/1302 633/969/1303
f 633/969/1303 699/968/1302 700/970/1304 634/971/1305
s off
f 634/971/1306 700/970/1307 701/972/1308 635/973/1309
s 51
f 635/973/1310 701/972/1311 702/974/1312 636/975/1313
f 636/975/1313 702/974/1312 703/976/1314 637/977/1315
s off
f 637/977/1316 703/976/1317 704/978/1318 638/979/1319
s 52
f 638/979/1320 704/978/1321 705/980/1322 639/981/1323
f 639/981/1323 705/980/1322 706/982/1324 640/983/1325
s off
f 640/983/1326 706/982/1327 707/984/1328 641/985/1329
s 53
f 641/985/1330 707/984/1331 708/986/1332 642/987/1333
f 642/987/1333 708/986/1332 709/988/1334 643/989/1335
s off
f 643/989/1336 709/988/1337 710/990/1338 644/991/1339
s 54
f 644/991/1340 710/990/1341 711/992/1342 645/993/1343
f 645/993/1343 711/992/1342 712/994/1344 646/995/1345
s off
f 646/995/1346 712/994/1347 713/996/1348 647/997/1349
s 55
f 647/997/1350 713/996/1351 714/998/1352 648/999/1353
f 648/999/1353 714/998/1352 715/1000/1354 649/1001/1355
s off
f 649/1001/1356 715/1000/1357 716/1002/1358 650/1003/1359
s 56
f 650/1003/1360 716/1002/1361 717/1004/1362 651/1005/1363
f 651/1005/1363 717/1004/1362 718/1006/1364 652/1007/1365
s off
f 652/1007/1366 718/1006/1367 719/1008/1368 653/1009/1369
s 57
f 653/1009/1370 719/1008/1371 720/1010/1372 654/1011/1373
f 654/1011/1373 720/1010/1372 721/1012/1374 655/1013/1375
s off
f 655/1013/1376 721/1012/1377 722/1014/1378 656/1015/1379
s 58
f 656/1015/1380 722/1014/1381 723/1016/1382 657/1017/1383
f 657/1017/1383 723/1016/1382 724/1018/1384 658/1019/1385
s off
f 658/1019/1386 724/1018/1387 725/1020/1388 659/1021/1389
s 59
f 659/1021/1390 725/1020/1391 726/1022/1392 660/1023/1393
f 660/1023/1393 726/1022/1392 727/1024/1394 661/1025/1395
s off
f 661/1025/1396 727/1024/1397 728/1026/1398 662/1027/1399
s 60
f 662/1027/1400 728/1026/1401 729/1028/1402 663/1029/1403
f 663/1029/1403 729/1028/1402 730/1030/1404 664/1031/1405
s off
f 664/1031/1406 730/1030/1407 731/1032/1408 665/1033/1409
s 61
f 665/1033/1410 731/1032/1411 732/1034/1412 666/1035/1413
f 666/1035/1413 732/1034/1412 733/1036/1414 667/1037/1415
s off
f 667/1037/1416 733/1036/1417 734/1038/1418 668/1039/1419
s 62
f 668/1039/1420 734/1038/1421 735/1040/1422 669/1041/1423
f 669/1041/1423 735/1040/1422 736/1042/1424 670/1043/1425
s off
f 670/1043/1426 736/1042/1427 737/1044/1428 671/1045/1429
s 63
f 671/1045/1430 737/1044/1431 738/1046/1432 672/1047/1433
f 672/1047/1433 738/1046/1432 739/1048/1434 673/1049/1435
s off
f 673/1049/1436 739/1048/1437 740/1050/1438 674/1051/1439
s 64
f 674/1051/1440 740/1050/1441 741/1052/1442 675/1053/1443
f 675/1053/1443 741/1052/1442 742/1054/1444 676/1055/1445
s off
f 676/1055/1446 742/1054/1447 743/1056/1448 677/1057/1449
s 65
f 677/1057/1450 743/1056/1451 744/1058/1452 678/1059/1453
f 678/1059/1453 744/1058/1452 745/1060/1454 679/1061/1455
s off
f 679/1061/1456 745/1060/1457 746/1062/1458 680/1063/1459
s 66
f 680/1063/1460 746/1062/1461 747/1064/1462 681/1065/1463
f 681/1065/1463 747/1064/1462 748/1066/1464 682/1067/1465
s off
f 682/1067/1466 748/1066/1467 749/1068/1468 683/1069/1469
s 67
f 683/1069/1470 749/1068/1471 750/1070/1472 684/1071/1473
f 684/1071/1473 750/1070/1472 751/1072/1474 685/1073/1475
s off
f 685/1073/1476 751/1072/1477 752/1074/1478 686/1075/1479
s 68
f 686/1075/1480 752/1074/1481 753/1076/1482 687/1077/1483
f 687/1077/1483 753/1076/1482 754/1078/1484 688/1079/1485
s off
f 688/1079/1486 754/1078/1487 755/1080/1488 689/1081/1489
s 69
f 689/1081/1490 755/1080/1491 756/1082/1492 690/1083/1493
f 690/1083/1493 756/1082/1492 757/1084/1494 691/1085/1495
s off
f 691/1085/1496 757/1084/1497 692/1086/1498 626/1087/1499
s 70
f 697/1088/1500 696/1089/1501 693/1090/1502 692/1091/1503
f 696/1089/1501 695/1092/1504 694/1093/1505 693/1090/1502
f 703/1094/1506 702/1095/1507 699/1096/1508 698/1097/1509
f 702/1095/1507 701/1098/1510 700/1099/1511 699/1096/1508
f 709/1100/1512 708/1101/1513 705/1102/1514 704/1103/1515
f 708/1101/1513 707/1104/1516 706/1105/1517 705/1102/1514
f 715/1106/1518 714/1107/1519 711/1108/1520 710/1109/1521
f 714/1107/1519 713/1110/1522 712/1111/1523 711/1108/1520
f 721/1112/1524 720/1113/1525 717/1114/1526 716/1115/1527
f 720/1113/1525 719/1116/1528 718/1117/1529 717/1114/1526
f 727/1118/1530 726/1119/1531 723/1120/1532 722/1121/1533
f 726/1119/1531 725/1122/1534 724/1123/1535 723/1120/1532
f 733/1124/1536 732/1125/1537 729/1126/1538 728/1127/1539
f 732/1125/1537 731/1128/1540 730/1129/1541 729/1126/1538
f 739/1130/1542 738/1131/1543 735/1132/1544 734/1133/1545
f 738/1131/1543 737/1134/1546 736/1135/1547 735/1132/1544
f 745/1136/1548 744/1137/1549 741/1138/1550 740/1139/1551
f 744/1137/1549 743/1140/1552 742/1141/1553 741/1138/1550
f 751/1142/1554 750/1143/1555 747/1144/1556 746/1145/1557
f 750/1143/1555 749/1146/1558 748/1147/1559 747/1144/1556
f 757/1148/1560 756/1149/1561 753/1150/1562 752/1151/1563
f 756/1149/1561 755/1152/1564 754/1153/1565 753/1150/1562
s 37
f 758/1154/1566 626/888/1214 631/891/1217
f 758/1154/1566 631/891/1217 632/894/1220
s 70
f 759/1155/1567 697/1088/1500 692/1091/1503
f 759/1155/1567 698/1097/1509 697/1088/1500
s 37
f 758/1154/1566 632/894/1220 637/897/1223
f 758/1154/1566 637/897/1223 638/900/1226
s 70
f 759/1155/1567 703/1094/1506 698/1097/1509
f 759/1155/1567 704/1103/1515 703/1094/1506
s 37
f 758/1154/1566 638/900/1226 643/903/1229
f 758/1154/1566 643/903/1229 644/906/1232
s 70
f 759/1155/1567 709/1100/1512 704/1103/1515
f 759/1155/1567 710/1109/1521 709/1100/1512
s 37
f 758/1154/1566 644/906/1232 649/909/1235
f 758/1154/1566 649/909/1235 650/912/1238
s 70
f 759/1155/1567 715/1106/1518 710/1109/1521
f 759/1155/1567 716/1115/1527 715/1106/1518
s 37
f 758/1154/1566 650/912/1238 655/915/1241
f 758/1154/1566 655/915/1241 656/918/1244
s 70
f 759/1155/1567 721/1112/1524 716/1115/1527
f 759/1155/1567 722/1121/1533 721/1112/1524
s 37
f 758/1154/1566 656/918/1244 661/921/1247
f 758/1154/1566 661/921/1247 662/924/1250
s 70
f 759/1155/1567 727/1118/1530 722/1121/1533
f 759/1155/1567 728/1127/1539 727/1118/1530
s 37
f 758/1154/1566 662/924/1250 667/927/1253
f 758/1154/1566 667/927/1253 668/930/1256
s 70
f 759/1155/1567 733/1124/1536 728/1127/1539
f 759/1155/1567 734/1133/1545 733/1124/1536
s 37
f 758/1154/1566 668/930/1256 673/933/1259
f 758/1154/1566 673/933/1259 674/936/1262
s 70
f 759/1155/1567 739/1130/1542 734/1133/1545
f 759/1155/1567 740/1139/1551 739/1130/1542
s 37
f 758/1154/1566 674/936/1262 679/939/1265
f 758/1154/1566 679/939/1265 680/942/1268
s 70
f 759/1155/1567 745/1136/1548 740/1139/1551
f 759/1155/1567 746/1145/1557 745/1136/1548
s 37
f 758/1154/1566 680/942/1268 685/945/1271
f 758/1154/1566 685/945/1271 686/948/1274
s 70
f 759/1155/1567 751/1142/1554 746/1145/1557
f 759/1155/1567 752/1151/1563 751/1142/1554
s 37
f 758/1154/1566 686/948/1274 691/951/1277
f 758/1154/1566 691/951/1277 626/888/1214
s 70
f 759/1155/1567 757/1148/1560 752/1151/1563
f 759/1155/1567 692/1091/1503 757/1148/1560
s off
f 767/1156/1568 765/1157/1569 769/1158/1570 771/1159/1571
f 760/1160/1572 761/1161/1573 763/1162/1574 762/1163/1575
s 81
f 762/1163/1576 763/1162/1577 768/1164/1578 764/1165/1579
s off
f 770/1166/1580 768/1167/1581 763/1168/1582 761/1169/1583
f 762/1170/1584 764/1171/1585 766/1172/1586 760/1173/1587
s 82
f 766/1174/1588 767/1156/1589 771/1159/1590 770/1175/1591
s off
f 764/1171/1592 765/1157/1593 767/1156/1594 766/1172/1595
f 769/1158/1596 768/1167/1597 770/1166/1598 771/1159/1599
s 82
f 766/1174/1588 770/1175/1591 761/1161/1600 760/1160/1601
s 81
f 764/1165/1579 768/1164/1578 769/1176/1602 765/1177/1603
s 83
f 773/1178/1604 832/1179/1605 813/1180/1606 772/1181/1607
f 831/1182/1608 832/1179/1605 773/1178/1604 774/1183/1609
f 830/1184/1610 831/1182/1608 774/1183/1609 775/1185/1611
f 829/1186/1612 830/1184/1610 775/1185/1611 776/1187/1613
f 828/1188/1614 829/1186/1612 776/1187/1613 777/1189/1615
f 827/1190/1616 828/1188/1614 777/1189/1615 778/1191/1617
f 826/1192/1618 827/1190/1616 778/1191/1617 779/1193/1619
f 825/1194/1620 826/1192/1618 779/1193/1619 780/1195/1621
f 824/1196/1622 825/1194/1620 780/1195/1621 781/1197/1623
f 823/1198/1624 824/1196/1622 781/1197/1623 782/1199/1625
f 822/1200/1626 823/1198/1624 782/1199/1625 783/1201/1627
f 821/1202/1628 822/1200/1626 783/1201/1627 784/1203/1629
f 820/1204/1630 821/1202/1628 784/1203/1629 785/1205/1631
f 819/1206/1632 820/1204/1630 785/1205/1631 786/1207/1633
f 818/1208/1634 819/1206/1632 786/1207/1633 787/1209/1635
f 817/1210/1636 818/1208/1634 787/1209/1635 788/1211/1637
f 816/1212/1638 817/1210/1636 788/1211/1637 789/1213/1639
f 815/1214/1640 816/1212/1638 789/1213/1639 790/1215/1641
f 814/1216/1642 815/1214/1640 790/1215/1641 791/1217/1643
f 813/1218/1606 814/1216/1642 791/1217/1643 772/1219/1607
s 84
f 873/1220/1644 874/1221/1645 875/1222/1646
f 876/1223/1647 873/1220/1644 875/1222/1646
f 877/1224/1648 876/1223/1647 875/1222/1646
f 878/1225/1649 877/1224/1648 875/1222/1646
f 879/1226/1650 878/1225/1649 875/1222/1646
f 880/1227/1651 879/1226/1650 875/1222/1646
f 881/1228/1652 880/1227/1651 875/1222/1646
f 882/1229/1653 881/1228/1652 875/1222/1646
f 883/1230/1654 882/1229/1653 875/1222/1646
f 884/1231/1655 883/1230/1654 875/1222/1646
f 885/1232/1656 884/1231/1655 875/1222/1646
f 886/1233/1657 885/1232/1656 875/1222/1646
f 887/1234/1658 886/1233/1657 875/1222/1646
f 888/1235/1659 887/1234/1658 875/1222/1646
f 889/1236/1660 888/1235/1659 875/1222/1646
f 890/1237/1661 889/1236/1660 875/1222/1646
f 891/1238/1662 890/1237/1661 875/1222/1646
f 892/1239/1663 891/1238/1662 875/1222/1646
f 893/1240/1664 892/1239/1663 875/1222/1646
f 874/1221/1645 893/1240/1664 875/1222/1646
s 85
f 792/1241/1665 793/1242/1666 812/1243/1667
f 793/1242/1666 794/1244/1668 812/1243/1667
f 794/1244/1668 795/1245/1669 812/1243/1667
f 795/1245/1669 796/1246/1670 812/1243/1667
f 796/1246/1670 797/1247/1671 812/1243/1667
f 797/1247/1671 798/1248/1672 812/1243/1667
f 798/1248/1672 799/1249/1673 812/1243/1667
f 799/1249/1673 800/1250/1674 812/1243/1667
f 800/1250/1674 801/1251/1675 812/1243/1667
f 801/1251/1675 802/1252/1676 812/1243/1667
f 802/1252/1676 803/1253/1677 812/1243/1667
f 803/1253/1677 804/1254/1678 812/1243/1667
f 804/1254/1678 805/1255/1679 812/1243/1667
f 805/1255/1679 806/1256/1680 812/1243/1667
f 806/1256/1680 807/1257/1681 812/1243/1667
f 807/1257/1681 808/1258/1682 812/1243/1667
f 808/1258/1682 809/1259/1683 812/1243/1667
f 809/1259/1683 810/1260/1684 812/1243/1667
f 810/1260/1684 811/1261/1685 812/1243/1667
f 811/1261/1685 792/1241/1665 812/1243/1667
s 86
f 814/1216/1686 813/1218/1687 833/1262/1688 834/1263/1689
f 815/1214/1690 814/1216/1686 834/1263/1689 835/1264/1691
f 816/1212/1692 815/1214/1690 835/1264/1691 836/1265/1693
f 817/1210/1694 816/1212/1692 836/1265/1693 837/1266/1695
f 818/1208/1696 817/1210/1694 837/1266/1695 838/1267/1697
f 819/1206/1698 818/1208/1696 838/1267/1697 839/1268/1699
f 820/1204/1700 819/1206/1698 839/1268/1699 840/1269/1701
f 821/1202/1702 820/1204/1700 840/1269/1701 841/1270/1703
f 822/1200/1704 821/1202/1702 841/1270/1703 842/1271/1705
f 823/1198/1706 822/1200/1704 842/1271/1705 843/1272/1707
f 824/1196/1708 823/1198/1706 843/1272/1707 844/1273/1709
f 825/1194/1710 824/1196/1708 844/1273/1709 845/1274/1711
f 826/1192/1712 825/1194/1710 845/1274/1711 846/1275/1713
f 827/1190/1714 826/1192/1712 846/1275/1713 847/1276/1715
f 828/1188/1716 827/1190/1714 847/1276/1715 848/1277/1717
f 829/1186/1718 828/1188/1716 848/1277/1717 849/1278/1719
f 830/1184/1720 829/1186/1718 849/1278/1719 850/1279/1721
f 831/1182/1722 830/1184/1720 850/1279/1721 851/1280/1723
f 832/1179/1724 831/1182/1722 851/1280/1723 852/1281/1725
f 813/1180/1687 832/1179/1724 852/1281/1725 833/1282/1688
s 87
f 834/1263/1726 833/1262/1727 894/1283/1728 895/1284/1729
f 835/1264/1730 834/1263/1726 895/1284/1729 896/1285/1731
f 836/1265/1732 835/1264/1730 896/1285/1731 897/1286/1733
f 837/1266/1734 836/1265/1732 897/1286/1733 898/1287/1735
f 838/1267/1736 837/1266/1734 898/1287/1735 899/1288/1737
f 839/1268/1738 838/1267/1736 899/1288/1737 900/1289/1739
f 840/1269/1740 839/1268/1738 900/1289/1739 901/1290/1741
f 841/1270/1742 840/1269/1740 901/1290/1741 902/1291/1743
f 842/1271/1744 841/1270/1742 902/1291/1743 903/1292/1745
f 843/1272/1746 842/1271/1744 903/1292/1745 904/1293/1747
f 844/1273/1748 843/1272/1746 904/1293/1747 905/1294/1749
f 845/1274/1750 844/1273/1748 905/1294/1749 906/1295/1751
f 846/1275/1752 845/1274/1750 906/1295/1751 907/1296/1753
f 847/1276/1754 846/1275/1752 907/1296/1753 908/1297/1755
f 848/1277/1756 847/1276/1754 908/1297/1755 909/1298/1757
f 849/1278/1758 848/1277/1756 909/1298/1757 910/1299/1759
f 850/1279/1760 849/1278/1758 910/1299/1759 911/1300/1761
f 851/1280/1762 850/1279/1760 911/1300/1761 912/1301/1763
f 852/1281/1764 851/1280/1762 912/1301/1763 913/1302/1765
f 833/1282/1727 852/1281/1764 913/1302/1765 894/1303/1728
s 88
f 772/1304/1766 791/1305/1767 854/1306/1768 853/1307/1769
f 791/1305/1767 790/1308/1770 855/1309/1771 854/1306/1768
f 790/1308/1770 789/1310/1772 856/1311/1773 855/1309/1771
f 789/1310/1772 788/1312/1774 857/1313/1775 856/1311/1773
f 788/1312/1774 787/1314/1776 858/1315/1777 857/1313/1775
f 787/1314/1776 786/1316/1778 859/1317/1779 858/1315/1777
f 786/1316/1778 785/1318/1780 860/1319/1781 859/1317/1779
f 785/1318/1780 784/1320/1782 861/1321/1783 860/1319/1781
f 784/1320/1782 783/1322/1784 862/1323/1785 861/1321/1783
f 783/1322/1784 782/1324/1786 863/1325/1787 862/1323/1785
f 782/1324/1786 781/1326/1788 864/1327/1789 863/1325/1787
f 781/1326/1788 780/1328/1790 865/1329/1791 864/1327/1789
f 780/1328/1790 779/1330/1792 866/1331/1793 865/1329/1791
f 779/1330/1792 778/1332/1794 867/1333/1795 866/1331/1793
f 778/1332/1794 777/1334/1796 868/1335/1797 867/1333/1795
f 777/1334/1796 776/1336/1798 869/1337/1799 868/1335/1797
f 776/1336/1798 775/1338/1800 870/1339/1801 869/1337/1799
f 775/1338/1800 774/1340/1802 871/1341/1803 870/1339/1801
f 774/1340/1802 773/1342/1804 872/1343/1805 871/1341/1803
f 773/1342/1804 772/1304/1766 853/1307/1769 872/1343/1805
s 89
f 872/1343/1806 853/1307/1807 874/1221/1808 873/1220/1809
f 871/1341/1810 872/1343/1806 873/1220/1809 876/1223/1811
f 870/1339/1812 871/1341/1810 876/1223/1811 877/1224/1813
f 869/1337/1814 870/1339/1812 877/1224/1813 878/1225/1815
f 868/1335/1816 869/1337/1814 878/1225/1815 879/1226/1817
f 867/1333/1818 868/1335/1816 879/1226/1817 880/1227/1819
f 866/1331/1820 867/1333/1818 880/1227/1819 881/1228/1821
f 865/1329/1822 866/1331/1820 881/1228/1821 882/1229/1823
f 864/1327/1824 865/1329/1822 882/1229/1823 883/1230/1825
f 863/1325/1826 864/1327/1824 883/1230/1825 884/1231/1827
f 862/1323/1828 863/1325/1826 884/1231/1827 885/1232/1829
f 861/1321/1830 862/1323/1828 885/1232/1829 886/1233/1831
f 860/1319/1832 861/1321/1830 886/1233/1831 887/1234/1833
f 859/1317/1834 860/1319/1832 887/1234/1833 888/1235/1835
f 858/1315/1836 859/1317/1834 888/1235/1835 889/1236/1837
f 857/1313/1838 858/1315/1836 889/1236/1837 890/1237/1839
f 856/1311/1840 857/1313/1838 890/1237/1839 891/1238/1841
f 855/1309/1842 856/1311/1840 891/1238/1841 892/1239/1843
f 854/1306/1844 855/1309/1842 892/1239/1843 893/1240/1845
f 853/1307/1807 854/1306/1844 893/1240/1845 874/1221/1808
s 90
f 895/1284/1846 894/1283/1847 914/1344/1848 915/1345/1849
f 896/1285/1850 895/1284/1846 915/1345/1849 916/1346/1851
f 897/1286/1852 896/1285/1850 916/1346/1851 917/1347/1853
f 898/1287/1854 897/1286/1852 917/1347/1853 918/1348/1855
f 899/1288/1856 898/1287/1854 918/1348/1855 919/1349/1857
f 900/1289/1858 899/1288/1856 919/1349/1857 920/1350/1859
f 901/1290/1860 900/1289/1858 920/1350/1859 921/1351/1861
f 902/1291/1862 901/1290/1860 921/1351/1861 922/1352/1863
f 903/1292/1864 902/1291/1862 922/1352/1863 923/1353/1865
f 904/1293/1866 903/1292/1864 923/1353/1865 924/1354/1867
f 905/1294/1868 904/1293/1866 924/1354/1867 925/1355/1869
f 906/1295/1870 905/1294/1868 925/1355/1869 926/1356/1871
f 907/1296/1872 906/1295/1870 926/1356/1871 927/1357/1873
f 908/1297/1874 907/1296/1872 927/1357/1873 928/1358/1875
f 909/1298/1876 908/1297/1874 928/1358/1875 929/1359/1877
f 910/1299/1878 909/1298/1876 929/1359/1877 930/1360/1879
f 911/1300/1880 910/1299/1878 930/1360/1879 931/1361/1881
f 912/1301/1882 911/1300/1880 931/1361/1881 932/1362/1883
f 913/1302/1884 912/1301/1882 932/1362/1883 933/1363/1885
f 894/1303/1847 913/1302/1884 933/1363/1885 914/1364/1848
s 91
f 915/1345/1886 914/1344/1887 792/1365/1888 811/1366/1889
f 916/1346/1890 915/1345/1886 811/1366/1889 810/1367/1891
f 917/1347/1892 916/1346/1890 810/1367/1891 809/1368/1893
f 918/1348/1894 917/1347/1892 809/1368/1893 808/1369/1895
f 919/1349/1896 918/1348/1894 808/1369/1895 807/1370/1897
f 920/1350/1898 919/1349/1896 807/1370/1897 806/1371/1899
f 921/1351/1900 920/1350/1898 806/1371/1899 805/1372/1901
f 922/1352/1902 921/1351/1900 805/1372/1901 804/1373/1903
f 923/1353/1904 922/1352/1902 804/1373/1903 803/1374/1905
f 924/1354/1906 923/1353/1904 803/1374/1905 802/1375/1907
f 925/1355/1908 924/1354/1906 802/1375/1907 801/1376/1909
f 926/1356/1910 925/1355/1908 801/1376/1909 800/1377/1911
f 927/1357/1912 926/1356/1910 800/1377/1911 799/1378/1913
f 928/1358/1914 927/1357/1912 799/1378/1913 798/1379/1915
f 929/1359/1916 928/1358/1914 798/1379/1915 797/1380/1917
f 930/1360/1918 929/1359/1916 797/1380/1917 796/1381/1919
f 931/1361/1920 930/1360/1918 796/1381/1919 795/1382/1921
f 932/1362/1922 931/1361/1920 795/1382/1921 794/1383/1923
f 933/1363/1924 932/1362/1922 794/1383/1923 793/1384/1925
f 914/1364/1887 933/1363/1924 793/1384/1925 792/1385/1888
s 92
f 934/1386/1926 935/1387/1927 993/1388/1928 974/1389/1929
f 935/1387/1927 936/1390/1930 992/1391/1931 993/1388/1928
f 936/1390/1930 937/1392/1932 991/1393/1933 992/1391/1931
f 937/1392/1932 938/1394/1934 990/1395/1935 991/1393/1933
f 938/1394/1934 939/1396/1936 989/1397/1937 990/1395/1935
f 939/1396/1936 940/1398/1938 988/1399/1939 989/1397/1937
f 940/1398/1938 941/1400/1940 987/1401/1941 988/1399/1939
f 941/1400/1940 942/1402/1942 986/1403/1943 987/1401/1941
f 942/1402/1942 943/1404/1944 985/1405/1945 986/1403/1943
f 943/1404/1944 944/1406/1946 984/1407/1947 985/1405/1945
f 944/1406/1946 945/1408/1948 983/1409/1949 984/1407/1947
f 945/1408/1948 946/1410/1950 982/1411/1951 983/1409/1949
f 946/1410/1950 947/1412/1952 981/1413/1953 982/1411/1951
f 947/1412/1952 948/1414/1954 980/1415/1955 981/1413/1953
f 948/1414/1954 949/1416/1956 979/1417/1957 980/1415/1955
f 949/1416/1956 950/1418/1958 978/1419/1959 979/1417/1957
f 950/1418/1958 951/1420/1960 977/1421/1961 978/1419/1959
f 951/1420/1960 952/1422/1962 976/1423/1963 977/1421/1961
f 952/1422/1962 953/1424/1964 975/1425/1965 976/1423/1963
f 953/1424/1964 934/1426/1926 974/1427/1929 975/1425/1965
s 93
f 1014/1428/1966 1015/1429/1967 1016/1430/1968
f 1015/1429/1967 1017/1431/1969 1016/1430/1968
f 1017/1431/1969 1018/1432/1970 1016/1430/1968
f 1018/1432/1970 1019/1433/1971 1016/1430/1968
f 1019/1433/1971 1020/1434/1972 1016/1430/1968
f 1020/1434/1972 1021/1435/1973 1016/1430/1968
f 1021/1435/1973 1022/1436/1974 1016/1430/1968
f 1022/1436/1974 1023/1437/1975 1016/1430/1968
f 1023/1437/1975 1024/1438/1976 1016/1430/1968
f 1024/1438/1976 1025/1439/1977 1016/1430/1968
f 1025/1439/1977 1026/1440/1978 1016/1430/1968
f 1026/1440/1978 1027/1441/1979 1016/1430/1968
f 1027/1441/1979 1028/1442/1980 1016/1430/1968
f 1028/1442/1980 1029/1443/1981 1016/1430/1968
f 1029/1443/1981 1030/1444/1982 1016/1430/1968
f 1030/1444/1982 1031/1445/1983 1016/1430/1968
f 1031/1445/1983 1032/1446/1984 1016/1430/1968
f 1032/1446/1984 1033/1447/1985 1016/1430/1968
f 1033/1447/1985 1034/1448/1986 1016/1430/1968
f 1034/1448/1986 1014/1428/1966 1016/1430/1968
s 94
f 975/1425/1987 974/1427/1988 1035/1449/1989 1036/1450/1990
f 976/1423/1991 975/1425/1987 1036/1450/1990 1037/1451/1992
f 977/1421/1993 976/1423/1991 1037/1451/1992 1038/1452/1994
f 978/1419/1995 977/1421/1993 1038/1452/1994 1039/1453/1996
f 979/1417/1997 978/1419/1995 1039/1453/1996 1040/1454/1998
f 980/1415/1999 979/1417/1997 1040/1454/1998 1041/1455/2000
f 981/1413/2001 980/1415/1999 1041/1455/2000 1042/1456/2002
f 982/1411/2003 981/1413/2001 1042/1456/2002 1043/1457/2004
f 983/1409/2005 982/1411/2003 1043/1457/2004 1044/1458/2006
f 984/1407/2007 983/1409/2005 1044/1458/2006 1045/1459/2008
f 985/1405/2009 984/1407/2007 1045/1459/2008 1046/1460/2010
f 986/1403/2011 985/1405/2009 1046/1460/2010 1047/1461/2012
f 987/1401/2013 986/1403/2011 1047/1461/2012 1048/1462/2014
f 988/1399/2015 987/1401/2013 1048/1462/2014 1049/1463/2016
f 989/1397/2017 988/1399/2015 1049/1463/2016 1050/1464/2018
f 990/1395/2019 989/1397/2017 1050/1464/2018 1051/1465/2020
f 991/1393/2021 990/1395/2019 1051/1465/2020 1052/1466/2022
f 992/1391/2023 991/1393/2021 1052/1466/2022 1053/1467/2024
f 993/1388/2025 992/1391/2023 1053/1467/2024 1054/1468/2026
f 974/1389/1988 993/1388/2025 1054/1468/2026 1035/1469/1989
s 95
f 955/1470/2027 956/1471/2028 995/1472/2029 994/1473/2030
f 956/1471/2028 957/1474/2031 996/1475/2032 995/1472/2029
f 957/1474/2031 958/1476/2033 997/1477/2034 996/1475/2032
f 958/1476/2033 959/1478/2035 998/1479/2036 997/1477/2034
f 959/1478/2035 960/1480/2037 999/1481/2038 998/1479/2036
f 960/1480/2037 961/1482/2039 1000/1483/2040 999/1481/2038
f 961/1482/2039 962/1484/2041 1001/1485/2042 1000/1483/2040
f 962/1484/2041 963/1486/2043 1002/1487/2044 1001/1485/2042
f 963/1486/2043 964/1488/2045 1003/1489/2046 1002/1487/2044
f 964/1488/2045 965/1490/2047 1004/1491/2048 1003/1489/2046
f 965/1490/2047 966/1492/2049 1005/1493/2050 1004/1491/2048
f 966/1492/2049 967/1494/2051 1006/1495/2052 1005/1493/2050
f 967/1494/2051 968/1496/2053 1007/1497/2054 1006/1495/2052
f 968/1496/2053 969/1498/2055 1008/1499/2056 1007/1497/2054
f 969/1498/2055 970/1500/2057 1009/1501/2058 1008/1499/2056
f 970/1500/2057 971/1502/2059 1010/1503/2060 1009/1501/2058
f 971/1502/2059 972/1504/2061 1011/1505/2062 1010/1503/2060
f 972/1504/2061 973/1506/2063 1012/1507/2064 1011/1505/2062
f 973/1506/2063 954/1508/2065 1013/1509/2066 1012/1507/2064
f 954/1508/2065 955/1470/2027 994/1473/2030 1013/1509/2066
s 96
f 1013/1509/2067 994/1473/2068 1015/1429/2069 1014/1428/2070
f 994/1473/2068 995/1472/2071 1017/1431/2072 1015/1429/2069
f 995/1472/2071 996/1475/2073 1018/1432/2074 1017/1431/2072
f 996/1475/2073 997/1477/2075 1019/1433/2076 1018/1432/2074
f 997/1477/2075 998/1479/2077 1020/1434/2078 1019/1433/2076
f 998/1479/2077 999/1481/2079 1021/1435/2080 1020/1434/2078
f 999/1481/2079 1000/1483/2081 1022/1436/2082 1021/1435/2080
f 1000/1483/2081 1001/1485/2083 1023/1437/2084 1022/1436/2082
f 1001/1485/2083 1002/1487/2085 1024/1438/2086 1023/1437/2084
f 1002/1487/2085 1003/1489/2087 1025/1439/2088 1024/1438/2086
f 1003/1489/2087 1004/1491/2089 1026/1440/2090 1025/1439/2088
f 1004/1491/2089 1005/1493/2091 1027/1441/2092 1026/1440/2090
f 1005/1493/2091 1006/1495/2093 1028/1442/2094 1027/1441/2092
f 1006/1495/2093 1007/1497/2095 1029/1443/2096 1028/1442/2094
f 1007/1497/2095 1008/1499/2097 1030/1444/2098 1029/1443/2096
f 1008/1499/2097 1009/1501/2099 1031/1445/2100 1030/1444/2098
f 1009/1501/2099 1010/1503/2101 1032/1446/2102 1031/1445/2100
f 1010/1503/2101 1011/1505/2103 1033/1447/2104 1032/1446/2102
f 1011/1505/2103 1012/1507/2105 1034/1448/2106 1033/1447/2104
f 1012/1507/2105 1013/1509/2067 1014/1428/2070 1034/1448/2106
s 97
f 1036/1450/2107 1035/1449/2108 954/1510/2109 973/1511/2110
f 1037/1451/2111 1036/1450/2107 973/1511/2110 972/1512/2112
f 1038/1452/2113 1037/1451/2111 972/1512/2112 971/1513/2114
f 1039/1453/2115 1038/1452/2113 971/1513/2114 970/1514/2116
f 1040/1454/2117 1039/1453/2115 970/1514/2116 969/1515/2118
f 1041/1455/2119 1040/1454/2117 969/1515/2118 968/1516/2120
f 1042/1456/2121 1041/1455/2119 968/1516/2120 967/1517/2122
f 1043/1457/2123 1042/1456/2121 967/1517/2122 966/1518/2124
f 1044/1458/2125 1043/1457/2123 966/1518/2124 965/1519/2126
f 1045/1459/2127 1044/1458/2125 965/1519/2126 964/1520/2128
f 1046/1460/2129 1045/1459/2127 964/1520/2128 963/1521/2130
f 1047/1461/2131 1046/1460/2129 963/1521/2130 962/1522/2132
f 1048/1462/2133 1047/1461/2131 962/1522/2132 961/1523/2134
f 1049/1463/2135 1048/1462/2133 961/1523/2134 960/1524/2136
f 1050/1464/2137 1049/1463/2135 960/1524/2136 959/1525/2138
f 1051/1465/2139 1050/1464/2137 959/1525/2138 958/1526/2140
f 1052/1466/2141 1051/1465/2139 958/1526/2140 957/1527/2142
f 1053/1467/2143 1052/1466/2141 957/1527/2142 956/1528/2144
f 1054/1468/2145 1053/1467/2143 956/1528/2144 955/1529/2146
f 1035/1469/2108 1054/1468/2145 955/1529/2146 954/1530/2109
s 98
f 1055/1531/2147 1056/1532/2148 1057/1533/2149 1058/1534/2150
f 1060/1535/2151 1059/1536/2152 1057/1537/2149 1056/1538/2148
f 1061/1539/2153 1059/1540/2152 1060/1541/2151 1062/1542/2154
f 1064/1543/2155 1063/1544/2156 1062/1545/2154 1060/1546/2151
f 1066/1547/2157 1065/1548/2158 1063/1549/2156 1064/1550/2155
f 1068/1551/2159 1067/1552/2160 1065/1553/2158 1066/1554/2157
f 1070/1555/2161 1069/1556/2162 1067/1557/2160 1068/1558/2159
f 1071/1559/2163 1069/1560/2162 1070/1561/2161 1072/1562/2164
f 1074/1563/2165 1073/1564/2166 1072/1565/2164 1070/1566/2161
f 1076/1567/2167 1075/1568/2168 1073/1569/2166 1074/1570/2165
f 1077/1571/2169 1075/1572/2168 1076/1573/2167 1078/1574/2170
f 1078/1575/2170 1076/1576/2167 1079/1577/2171 1080/1578/2172
f 1080/1579/2172 1079/1580/2171 1081/1581/2173 1082/1582/2174
f 1082/1583/2174 1081/1584/2173 1083/1585/2175 1084/1586/2176
f 1055/1587/2147 1058/1588/2150 1085/1589/2177 1086/1590/2178
f 1084/1591/2176 1083/1592/2175 1055/1593/2147 1086/1594/2178
f 1074/1595/2165 1070/1596/2161 1068/1597/2159 1089/1598/2179
f 1087/1599/2180 1066/1600/2157 1064/1601/2155 1088/1602/2181
f 1088/1602/2181 1064/1601/2155 1060/1603/2151 1056/1604/2148
f 1089/1598/2179 1068/1597/2159 1066/1605/2157 1087/1606/2180
f 1087/1607/2180 1081/1608/2173 1079/1609/2171 1089/1610/2179
f 1088/1611/2181 1083/1612/2175 1081/1613/2173 1087/1614/2180
f 1056/1615/2148 1055/1616/2147 1083/1617/2175 1088/1618/2181
f 1089/1619/2179 1079/1620/2171 1076/1621/2167 1074/1622/2165
s off
f 1090/1623/2182 1091/1624/2183 1093/1625/2184 1092/1626/2185
f 1092/1626/2186 1093/1625/2187 1095/1627/2188 1094/1628/2189
f 1094/1628/2190 1095/1627/2191 1097/1629/2192 1096/1630/2193
f 1091/1624/2194 1097/1631/2195 1095/1632/2196 1093/1625/2197
f 1096/1633/2198 1090/1623/2199 1092/1626/2200 1094/1634/2201
s 99
f 1098/1635/2202 1099/1636/2203 1100/1637/2204 1101/1638/2205
f 1103/1639/2206 1102/1640/2207 1100/1641/2204 1099/1642/2203
f 1104/1643/2208 1102/1644/2207 1103/1645/2206 1105/1646/2209
f 1107/1647/2210 1106/1648/2211 1105/1649/2209 1103/1650/2206
f 1109/1651/2212 1108/1652/2213 1106/1653/2211 1107/1654/2210
f 1111/1655/2214 1110/1656/2215 1108/1657/2213 1109/1658/2212
f 1113/1659/2216 1112/1660/2217 1110/1661/2215 1111/1662/2214
f 1114/1663/2218 1112/1664/2217 1113/1665/2216 1115/1666/2219
f 1117/1667/2220 1116/1668/2221 1115/1669/2219 1113/1670/2216
f 1119/1671/2222 1118/1672/2223 1116/1673/2221 1117/1674/2220
f 1120/1675/2224 1118/1676/2223 1119/1677/2222 1121/1678/2225
f 1121/1679/2225 1119/1680/2222 1122/1681/2226 1123/1682/2227
f 1123/1683/2227 1122/1684/2226 1124/1685/2228 1125/1686/2229
f 1125/1687/2229 1124/1688/2228 1126/1689/2230 1127/1690/2231
f 1098/1691/2202 1101/1692/2205 1128/1693/2232 1129/1694/2233
f 1127/1695/2231 1126/1696/2230 1098/1697/2202 1129/1698/2233
f 1117/1699/2220 1113/1700/2216 1111/1701/2214 1132/1702/2234
f 1130/1703/2235 1109/1704/2212 1107/1705/2210 1131/1706/2236
f 1131/1706/2236 1107/1705/2210 1103/1707/2206 1099/1708/2203
f 1132/1702/2234 1111/1701/2214 1109/1709/2212 1130/1710/2235
f 1130/1711/2235 1124/1712/2228 1122/1713/2226 1132/1714/2234
f 1131/1715/2236 1126/1716/2230 1124/1717/2228 1130/1718/2235
f 1099/1719/2203 1098/1720/2202 1126/1721/2230 1131/1722/2236
f 1132/1723/2234 1122/1724/2226 1119/1725/2222 1117/1726/2220
s 100
f 1133/1727/2237 1134/1728/2238 1193/1729/2239 1174/1730/2240
f 1134/1728/2238 1135/1731/2241 1192/1732/2242 1193/1729/2239
f 1135/1731/2241 1136/1733/2243 1191/1734/2244 1192/1732/2242
f 1136/1733/2243 1137/1735/2245 1190/1736/2246 1191/1734/2244
f 1137/1735/2245 1138/1737/2247 1189/1738/2248 1190/1736/2246
f 1138/1737/2247 1139/1739/2249 1188/1740/2250 1189/1738/2248
f 1139/1739/2249 1140/1741/2251 1187/1742/2252 1188/1740/2250
f 1140/1741/2251 1141/1743/2253 1186/1744/2254 1187/1742/2252
f 1141/1743/2253 1142/1745/2255 1185/1746/2256 1186/1744/2254
f 1142/1745/2255 1143/1747/2257 1184/1748/2258 1185/1746/2256
f 1143/1747/2257 1144/1749/2259 1183/1750/2260 1184/1748/2258
f 1144/1749/2259 1145/1751/2261 1182/1752/2262 1183/1750/2260
f 1145/1751/2261 1146/1753/2263 1181/1754/2264 1182/1752/2262
f 1146/1753/2263 1147/1755/2265 1180/1756/2266 1181/1754/2264
f 1147/1755/2265 1148/1757/2267 1179/1758/2268 1180/1756/2266
f 1148/1757/2267 1149/1759/2269 1178/1760/2270 1179/1758/2268
f 1149/1759/2269 1150/1761/2271 1177/1762/2272 1178/1760/2270
f 1150/1761/2271 1151/1763/2273 1176/1764/2274 1177/1762/2272
f 1151/1763/2273 1152/1765/2275 1175/1766/2276 1176/1764/2274
f 1152/1765/2275 1133/1767/2237 1174/1768/2240 1175/1766/2276
s 101
f 1134/1769/2277 1133/1770/2278 1173/1771/2279
f 1135/1772/2280 1134/1769/2277 1173/1771/2279
f 1136/1773/2281 1135/1772/2280 1173/1771/2279
f 1137/1774/2282 1136/1773/2281 1173/1771/2279
f 1138/1775/2283 1137/1774/2282 1173/1771/2279
f 1139/1776/2284 1138/1775/2283 1173/1771/2279
f 1140/1777/2285 1139/1776/2284 1173/1771/2279
f 1141/1778/2286 1140/1777/2285 1173/1771/2279
f 1142/1779/2287 1141/1778/2286 1173/1771/2279
f 1143/1780/2288 1142/1779/2287 1173/1771/2279
f 1144/1781/2289 1143/1780/2288 1173/1771/2279
f 1145/1782/2290 1144/1781/2289 1173/1771/2279
f 1146/1783/2291 1145/1782/2290 1173/1771/2279
f 1147/1784/2292 1146/1783/2291 1173/1771/2279
f 1148/1785/2293 1147/1784/2292 1173/1771/2279
f 1149/1786/2294 1148/1785/2293 1173/1771/2279
f 1150/1787/2295 1149/1786/2294 1173/1771/2279
f 1151/1788/2296 1150/1787/2295 1173/1771/2279
f 1152/1789/2297 1151/1788/2296 1173/1771/2279
f 1133/1770/2278 1152/1789/2297 1173/1771/2279
s 102
f 1175/1766/2298 1174/1768/2299 1153/1790/2300 1172/1791/2301
f 1176/1764/2302 1175/1766/2298 1172/1791/2301 1171/1792/2303
f 1177/1762/2304 1176/1764/2302 1171/1792/2303 1170/1793/2305
f 1178/1760/2306 1177/1762/2304 1170/1793/2305 1169/1794/2307
f 1179/1758/2308 1178/1760/2306 1169/1794/2307 1168/1795/2309
f 1180/1756/2310 1179/1758/2308 1168/1795/2309 1167/1796/2311
f 1181/1754/2312 1180/1756/2310 1167/1796/2311 1166/1797/2313
f 1182/1752/2314 1181/1754/2312 1166/1797/2313 1165/1798/2315
f 1183/1750/2316 1182/1752/2314 1165/1798/2315 1164/1799/2317
f 1184/1748/2318 1183/1750/2316 1164/1799/2317 1163/1800/2319
f 1185/1746/2320 1184/1748/2318 1163/1800/2319 1162/1801/2321
f 1186/1744/2322 1185/1746/2320 1162/1801/2321 1161/1802/2323
f 1187/1742/2324 1186/1744/2322 1161/1802/2323 1160/1803/2325
f 1188/1740/2326 1187/1742/2324 1160/1803/2325 1159/1804/2327
f 1189/1738/2328 1188/1740/2326 1159/1804/2327 1158/1805/2329
f 1190/1736/2330 1189/1738/2328 1158/1805/2329 1157/1806/2331
f 1191/1734/2332 1190/1736/2330 1157/1806/2331 1156/1807/2333
f 1192/1732/2334 1191/1734/2332 1156/1807/2333 1155/1808/2335
f 1193/1729/2336 1192/1732/2334 1155/1808/2335 1154/1809/2337
f 1174/1730/2299 1193/1729/2336 1154/1809/2337 1153/1810/2300
s off
f 1194/1811/2338 1195/1812/2339 1196/1813/2340 1197/1814/2341
f 1197/1815/2342 1196/1816/2343 1198/1817/2344 1199/1818/2345
f 1200/1819/2346 1201/1820/2347 1203/1821/2348 1202/1822/2349
f 1202/1822/2350 1203/1821/2351 1204/1823/2352 1205/1824/2353
s 103
f 1206/1825/2354 1207/1826/2355 1208/1827/2356 1209/1828/2357
f 1207/1829/2355 1206/1825/2354 1210/1830/2358 1211/1831/2359
s 104
f 1209/1828/2360 1208/1827/2361 1223/1832/2362 1222/1833/2363
s 105
f 1212/1834/2364 1213/1835/2365 1216/1836/2366 1217/1837/2367
f 1213/1835/2365 1212/1834/2364 1215/1838/2368 1214/1839/2369
s 106
f 1214/1839/2370 1215/1838/2371 1218/1840/2372 1219/1841/2373
f 1219/1841/2373 1218/1840/2372 1220/1842/2374 1221/1843/2375
s 104
f 1222/1833/2363 1223/1832/2362 1224/1844/2376 1225/1845/2377
s 107
f 1207/1829/2378 1211/1831/2379 1194/1811/2380 1197/1814/2381
s 108
f 1203/1821/2382 1201/1820/2383 1216/1836/2384 1213/1835/2385
f 1214/1839/2386 1219/1841/2387 1203/1821/2382 1213/1835/2385
f 1219/1841/2387 1221/1843/2388 1204/1823/2389 1203/1821/2382
s 107
f 1223/1832/2390 1208/1827/2391 1207/1826/2378 1197/1815/2381
f 1197/1815/2381 1199/1818/2392 1224/1844/2393 1223/1832/2390
s off
f 1196/1813/2394 1195/1812/2395 1200/1819/2396 1202/1822/2397
s 109
f 1222/1833/2398 1218/1840/2399 1215/1838/2400 1209/1828/2401
s 110
f 1206/1825/2402 1212/1834/2403 1217/1837/2404 1210/1830/2405
f 1212/1834/2403 1206/1825/2402 1209/1828/2406 1215/1838/2407
s off
f 1196/1813/2408 1202/1822/2409 1205/1824/2410 1198/1817/2411
s 109
f 1218/1840/2399 1222/1833/2398 1225/1845/2412 1220/1842/2413
s 111
f 1306/1846/2414 1307/1847/2415 1308/1848/2416
f 1307/1847/2415 1309/1849/2417 1308/1848/2416
f 1309/1849/2417 1310/1850/2418 1308/1848/2416
f 1310/1850/2418 1311/1851/2419 1308/1848/2416
f 1311/1851/2419 1312/1852/2420 1308/1848/2416
f 1312/1852/2420 1313/1853/2421 1308/1848/2416
f 1313/1853/2421 1314/1854/2422 1308/1848/2416
f 1314/1854/2422 1315/1855/2423 1308/1848/2416
f 1315/1855/2423 1316/1856/2424 1308/1848/2416
f 1316/1856/2424 1317/1857/2425 1308/1848/2416
f 1317/1857/2425 1318/1858/2426 1308/1848/2416
f 1318/1858/2426 1319/1859/2427 1308/1848/2416
f 1319/1859/2427 1320/1860/2428 1308/1848/2416
f 1320/1860/2428 1321/1861/2429 1308/1848/2416
f 1321/1861/2429 1322/1862/2430 1308/1848/2416
f 1322/1862/2430 1323/1863/2431 1308/1848/2416
f 1323/1863/2431 1324/1864/2432 1308/1848/2416
f 1324/1864/2432 1325/1865/2433 1308/1848/2416
f 1325/1865/2433 1326/1866/2434 1308/1848/2416
f 1326/1866/2434 1306/1846/2414 1308/1848/2416
s 112
f 1266/1867/2435 1267/1868/2436 1304/1869/2437 1305/1870/2438
f 1267/1871/2436 1266/1872/2435 1269/1873/2439 1268/1874/2440
f 1268/1875/2440 1269/1873/2439 1271/1876/2441 1270/1877/2442
f 1270/1878/2442 1271/1876/2441 1273/1879/2443 1272/1880/2444
f 1272/1881/2444 1273/1879/2443 1275/1882/2445 1274/1883/2446
f 1274/1884/2446 1275/1882/2445 1277/1885/2447 1276/1886/2448
f 1276/1887/2448 1277/1885/2447 1279/1888/2449 1278/1889/2450
f 1278/1890/2450 1279/1888/2449 1281/1891/2451 1280/1892/2452
f 1280/1893/2452 1281/1891/2451 1283/1894/2453 1282/1895/2454
f 1282/1896/2454 1283/1894/2453 1285/1897/2455 1284/1898/2456
f 1284/1899/2456 1285/1897/2455 1287/1900/2457 1286/1901/2458
f 1286/1902/2458 1287/1900/2457 1289/1903/2459 1288/1904/2460
f 1288/1905/2460 1289/1903/2459 1291/1906/2461 1290/1907/2462
f 1290/1908/2462 1291/1906/2461 1293/1909/2463 1292/1910/2464
f 1292/1911/2464 1293/1909/2463 1295/1912/2465 1294/1913/2466
f 1294/1914/2466 1295/1912/2465 1297/1915/2467 1296/1916/2468
f 1296/1917/2468 1297/1915/2467 1299/1918/2469 1298/1919/2470
f 1298/1920/2470 1299/1918/2469 1301/1921/2471 1300/1922/2472
f 1300/1923/2472 1301/1921/2471 1303/1924/2473 1302/1925/2474
f 1302/1926/2474 1303/1924/2473 1305/1870/2438 1304/1927/2437
s 113
f 1266/1872/2475 1226/1928/2476 1227/1929/2477 1269/1873/2478
f 1227/1929/2477 1228/1930/2479 1271/1876/2480 1269/1873/2478
f 1228/1930/2479 1229/1931/2481 1273/1879/2482 1271/1876/2480
f 1229/1931/2481 1230/1932/2483 1275/1882/2484 1273/1879/2482
f 1230/1932/2483 1231/1933/2485 1277/1885/2486 1275/1882/2484
f 1231/1933/2485 1232/1934/2487 1279/1888/2488 1277/1885/2486
f 1232/1934/2487 1233/1935/2489 1281/1891/2490 1279/1888/2488
f 1233/1935/2489 1234/1936/2491 1283/1894/2492 1281/1891/2490
f 1234/1936/2491 1235/1937/2493 1285/1897/2494 1283/1894/2492
f 1235/1937/2493 1236/1938/2495 1287/1900/2496 1285/1897/2494
f 1236/1938/2495 1237/1939/2497 1289/1903/2498 1287/1900/2496
f 1237/1939/2497 1238/1940/2499 1291/1906/2500 1289/1903/2498
f 1238/1940/2499 1239/1941/2501 1293/1909/2502 1291/1906/2500
f 1239/1941/2501 1240/1942/2503 1295/1912/2504 1293/1909/2502
f 1240/1942/2503 1241/1943/2505 1297/1915/2506 1295/1912/2504
f 1241/1943/2505 1242/1944/2507 1299/1918/2508 1297/1915/2506
f 1242/1944/2507 1243/1945/2509 1301/1921/2510 1299/1918/2508
f 1243/1945/2509 1244/1946/2511 1303/1924/2512 1301/1921/2510
f 1244/1946/2511 1245/1947/2513 1305/1870/2514 1303/1924/2512
f 1245/1947/2513 1226/1948/2476 1266/1867/2475 1305/1870/2514
s 114
f 1268/1949/2515 1270/1950/2516 1247/1951/2517 1246/1952/2518
f 1270/1950/2516 1272/1953/2519 1248/1954/2520 1247/1951/2517
f 1272/1953/2519 1274/1955/2521 1249/1956/2522 1248/1954/2520
f 1274/1955/2521 1276/1957/2523 1250/1958/2524 1249/1956/2522
f 1276/1957/2523 1278/1959/2525 1251/1960/2526 1250/1958/2524
f 1278/1959/2525 1280/1961/2527 1252/1962/2528 1251/1960/2526
f 1280/1961/2527 1282/1963/2529 1253/1964/2530 1252/1962/2528
f 1282/1963/2529 1284/1965/2531 1254/1966/2532 1253/1964/2530
f 1284/1965/2531 1286/1967/2533 1255/1968/2534 1254/1966/2532
f 1286/1967/2533 1288/1969/2535 1256/1970/2536 1255/1968/2534
f 1288/1969/2535 1290/1971/2537 1257/1972/2538 1256/1970/2536
f 1290/1971/2537 1292/1973/2539 1258/1974/2540 1257/1972/2538
f 1292/1973/2539 1294/1975/2541 1259/1976/2542 1258/1974/2540
f 1294/1975/2541 1296/1977/2543 1260/1978/2544 1259/1976/2542
f 1296/1977/2543 1298/1979/2545 1261/1980/2546 1260/1978/2544
f 1298/1979/2545 1300/1981/2547 1262/1982/2548 1261/1980/2546
f 1300/1981/2547 1302/1983/2549 1263/1984/2550 1262/1982/2548
f 1302/1983/2549 1304/1985/2551 1264/1986/2552 1263/1984/2550
f 1304/1985/2551 1267/1987/2553 1265/1988/2554 1264/1986/2552
f 1267/1987/2553 1268/1949/2515 1246/1952/2518 1265/1988/2554
s 115
f 1265/1988/2555 1246/1952/2556 1307/1847/2557 1306/1846/2558
f 1246/1952/2556 1247/1951/2559 1309/1849/2560 1307/1847/2557
f 1247/1951/2559 1248/1954/2561 1310/1850/2562 1309/1849/2560
f 1248/1954/2561 1249/1956/2563 1311/1851/2564 1310/1850/2562
f 1249/1956/2563 1250/1958/2565 1312/1852/2566 1311/1851/2564
f 1250/1958/2565 1251/1960/2567 1313/1853/2568 1312/1852/2566
f 1251/1960/2567 1252/1962/2569 1314/1854/2570 1313/1853/2568
f 1252/1962/2569 1253/1964/2571 1315/1855/2572 1314/1854/2570
f 1253/1964/2571 1254/1966/2573 1316/1856/2574 1315/1855/2572
f 1254/1966/2573 1255/1968/2575 1317/1857/2576 1316/1856/2574
f 1255/1968/2575 1256/1970/2577 1318/1858/2578 1317/1857/2576
f 1256/1970/2577 1257/1972/2579 1319/1859/2580 1318/1858/2578
f 1257/1972/2579 1258/1974/2581 1320/1860/2582 1319/1859/2580
f 1258/1974/2581 1259/1976/2583 1321/1861/2584 1320/1860/2582
f 1259/1976/2583 1260/1978/2585 1322/1862/2586 1321/1861/2584
f 1260/1978/2585 1261/1980/2587 1323/1863/2588 1322/1862/2586
f 1261/1980/2587 1262/1982/2589 1324/1864/2590 1323/1863/2588
f 1262/1982/2589 1263/1984/2591 1325/1865/2592 1324/1864/2590
f 1263/1984/2591 1264/1986/2593 1326/1866/2594 1325/1865/2592
f 1264/1986/2593 1265/1988/2555 1306/1846/2558 1326/1866/2594
s 116
f 1327/1989/2595 1328/1990/2596 1329/1991/2597 1330/1992/2598
f 1332/1993/2599 1331/1994/2600 1329/1995/2597 1328/1996/2596
f 1333/1997/2601 1331/1998/2600 1332/1999/2599 1334/2000/2602
f 1336/2001/2603 1335/2002/2604 1334/2003/2602 1332/2004/2599
f 1338/2005/2605 1337/2006/2606 1335/2007/2604 1336/2008/2603
f 1340/2009/2607 1339/2010/2608 1337/2011/2606 1338/2012/2605
f 1342/2013/2609 1341/2014/2610 1339/2015/2608 1340/2016/2607
f 1343/2017/2611 1341/2018/2610 1342/2019/2609 1344/2020/2612
f 1346/2021/2613 1345/2022/2614 1344/2023/2612 1342/2024/2609
f 1348/2025/2615 1347/2026/2616 1345/2027/2614 1346/2028/2613
f 1349/2029/2617 1347/2030/2616 1348/2031/2615 1350/2032/2618
f 1350/2033/2618 1348/2034/2615 1351/2035/2619 1352/2036/2620
f 1352/2037/2620 1351/2038/2619 1353/2039/2621 1354/2040/2622
f 1354/2041/2622 1353/2042/2621 1355/2043/2623 1356/2044/2624
f 1327/2045/2595 1330/2046/2598 1357/2047/2625 1358/2048/2626
f 1356/2049/2624 1355/2050/2623 1327/2051/2595 1358/2052/2626
f 1346/2053/2613 1342/2054/2609 1340/2055/2607 1361/2056/2627
f 1359/2057/2628 1338/2058/2605 1336/2059/2603 1360/2060/2629
f 1360/2060/2629 1336/2059/2603 1332/2061/2599 1328/2062/2596
f 1361/2056/2627 1340/2055/2607 1338/2063/2605 1359/2064/2628
f 1359/2065/2628 1353/2066/2621 1351/2067/2619 1361/2068/2627
f 1360/2069/2629 1355/2070/2623 1353/2071/2621 1359/2072/2628
f 1328/2073/2596 1327/2074/2595 1355/2075/2623 1360/2076/2629
f 1361/2077/2627 1351/2078/2619 1348/2079/2615 1346/2080/2613
s 117
f 1363/2081/2630 1422/2082/2631 1403/2083/2632 1362/2084/2633
f 1421/2085/2634 1422/2082/2631 1363/2081/2630 1364/2086/2635
f 1420/2087/2636 1421/2085/2634 1364/2086/2635 1365/2088/2637
f 1419/2089/2638 1420/2087/2636 1365/2088/2637 1366/2090/2639
f 1418/2091/2640 1419/2089/2638 1366/2090/2639 1367/2092/2641
f 1417/2093/2642 1418/2091/2640 1367/2092/2641 1368/2094/2643
f 1416/2095/2644 1417/2093/2642 1368/2094/2643 1369/2096/2645
f 1415/2097/2646 1416/2095/2644 1369/2096/2645 1370/2098/2647
f 1414/2099/2648 1415/2097/2646 1370/2098/2647 1371/2100/2649
f 1413/2101/2650 1414/2099/2648 1371/2100/2649 1372/2102/2651
f 1412/2103/2652 1413/2101/2650 1372/2102/2651 1373/2104/2653
f 1411/2105/2654 1412/2103/2652 1373/2104/2653 1374/2106/2655
f 1410/2107/2656 1411/2105/2654 1374/2106/2655 1375/2108/2657
f 1409/2109/2658 1410/2107/2656 1375/2108/2657 1376/2110/2659
f 1408/2111/2660 1409/2109/2658 1376/2110/2659 1377/2112/2661
f 1407/2113/2662 1408/2111/2660 1377/2112/2661 1378/2114/2663
f 1406/2115/2664 1407/2113/2662 1378/2114/2663 1379/2116/2665
f 1405/2117/2666 1406/2115/2664 1379/2116/2665 1380/2118/2667
f 1404/2119/2668 1405/2117/2666 1380/2118/2667 1381/2120/2669
f 1403/2121/2632 1404/2119/2668 1381/2120/2669 1362/2122/2633
s 118
f 1463/2123/2670 1464/2124/2671 1465/2125/2672
f 1466/2126/2673 1463/2123/2670 1465/2125/2672
f 1467/2127/2674 1466/2126/2673 1465/2125/2672
f 1468/2128/2675 1467/2127/2674 1465/2125/2672
f 1469/2129/2676 1468/2128/2675 1465/2125/2672
f 1470/2130/2677 1469/2129/2676 1465/2125/2672
f 1471/2131/2678 1470/2130/2677 1465/2125/2672
f 1472/2132/2679 1471/2131/2678 1465/2125/2672
f 1473/2133/2680 1472/2132/2679 1465/2125/2672
f 1474/2134/2681 1473/2133/2680 1465/2125/2672
f 1475/2135/2682 1474/2134/2681 1465/2125/2672
f 1476/2136/2683 1475/2135/2682 1465/2125/2672
f 1477/2137/2684 1476/2136/2683 1465/2125/2672
f 1478/2138/2685 1477/2137/2684 1465/2125/2672
f 1479/2139/2686 1478/2138/2685 1465/2125/2672
f 1480/2140/2687 1479/2139/2686 1465/2125/2672
f 1481/2141/2688 1480/2140/2687 1465/2125/2672
f 1482/2142/2689 1481/2141/2688 1465/2125/2672
f 1483/2143/2690 1482/2142/2689 1465/2125/2672
f 1464/2124/2671 1483/2143/2690 1465/2125/2672
s 119
f 1382/2144/2691 1383/2145/2692 1402/2146/2693
f 1383/2145/2692 1384/2147/2694 1402/2146/2693
f 1384/2147/2694 1385/2148/2695 1402/2146/2693
f 1385/2148/2695 1386/2149/2696 1402/2146/2693
f 1386/2149/2696 1387/2150/2697 1402/2146/2693
f 1387/2150/2697 1388/2151/2698 1402/2146/2693
f 1388/2151/2698 1389/2152/2699 1402/2146/2693
f 1389/2152/2699 1390/2153/2700 1402/2146/2693
f 1390/2153/2700 1391/2154/2701 1402/2146/2693
f 1391/2154/2701 1392/2155/2702 1402/2146/2693
f 1392/2155/2702 1393/2156/2703 1402/2146/2693
f 1393/2156/2703 1394/2157/2704 1402/2146/2693
f 1394/2157/2704 1395/2158/2705 1402/2146/2693
f 1395/2158/2705 1396/2159/2706 1402/2146/2693
f 1396/2159/2706 1397/2160/2707 1402/2146/2693
f 1397/2160/2707 1398/2161/2708 1402/2146/2693
f 1398/2161/2708 1399/2162/2709 1402/2146/2693
f 1399/2162/2709 1400/2163/2710 1402/2146/2693
f 1400/2163/2710 1401/2164/2711 1402/2146/2693
f 1401/2164/2711 1382/2144/2691 1402/2146/2693
s 120
f 1404/2119/2712 1403/2121/2713 1423/2165/2714 1424/2166/2715
f 1405/2117/2716 1404/2119/2712 1424/2166/2715 1425/2167/2717
f 1406/2115/2718 1405/2117/2716 1425/2167/2717 1426/2168/2719
f 1407/2113/2720 1406/2115/2718 1426/2168/2719 1427/2169/2721
f 1408/2111/2722 1407/2113/2720 1427/2169/2721 1428/2170/2723
f 1409/2109/2724 1408/2111/2722 1428/2170/2723 1429/2171/2725
f 1410/2107/2726 1409/2109/2724 1429/2171/2725 1430/2172/2727
f 1411/2105/2728 1410/2107/2726 1430/2172/2727 1431/2173/2729
f 1412/2103/2730 1411/2105/2728 1431/2173/2729 1432/2174/2731
f 1413/2101/2732 1412/2103/2730 1432/2174/2731 1433/2175/2733
f 1414/2099/2734 1413/2101/2732 1433/2175/2733 1434/2176/2735
f 1415/2097/2736 1414/2099/2734 1434/2176/2735 1435/2177/2737
f 1416/2095/2738 1415/2097/2736 1435/2177/2737 1436/2178/2739
f 1417/2093/2740 1416/2095/2738 1436/2178/2739 1437/2179/2741
f 1418/2091/2742 1417/2093/2740 1437/2179/2741 1438/2180/2743
f 1419/2089/2744 1418/2091/2742 1438/2180/2743 1439/2181/2745
f 1420/2087/2746 1419/2089/2744 1439/2181/2745 1440/2182/2747
f 1421/2085/2748 1420/2087/2746 1440/2182/2747 1441/2183/2749
f 1422/2082/2750 1421/2085/2748 1441/2183/2749 1442/2184/2751
f 1403/2083/2713 1422/2082/2750 1442/2184/2751 1423/2185/2714
s 121
f 1424/2166/2752 1423/2165/2753 1484/2186/2754 1485/2187/2755
f 1425/2167/2756 1424/2166/2752 1485/2187/2755 1486/2188/2757
f 1426/2168/2758 1425/2167/2756 1486/2188/2757 1487/2189/2759
f 1427/2169/2760 1426/2168/2758 1487/2189/2759 1488/2190/2761
f 1428/2170/2762 1427/2169/2760 1488/2190/2761 1489/2191/2763
f 1429/2171/2764 1428/2170/2762 1489/2191/2763 1490/2192/2765
f 1430/2172/2766 1429/2171/2764 1490/2192/2765 1491/2193/2767
f 1431/2173/2768 1430/2172/2766 1491/2193/2767 1492/2194/2769
f 1432/2174/2770 1431/2173/2768 1492/2194/2769 1493/2195/2771
f 1433/2175/2772 1432/2174/2770 1493/2195/2771 1494/2196/2773
f 1434/2176/2774 1433/2175/2772 1494/2196/2773 1495/2197/2775
f 1435/2177/2776 1434/2176/2774 1495/2197/2775 1496/2198/2777
f 1436/2178/2778 1435/2177/2776 1496/2198/2777 1497/2199/2779
f 1437/2179/2780 1436/2178/2778 1497/2199/2779 1498/2200/2781
f 1438/2180/2782 1437/2179/2780 1498/2200/2781 1499/2201/2783
f 1439/2181/2784 1438/2180/2782 1499/2201/2783 1500/2202/2785
f 1440/2182/2786 1439/2181/2784 1500/2202/2785 1501/2203/2787
f 1441/2183/2788 1440/2182/2786 1501/2203/2787 1502/2204/2789
f 1442/2184/2790 1441/2183/2788 1502/2204/2789 1503/2205/2791
f 1423/2185/2753 1442/2184/2790 1503/2205/2791 1484/2206/2754
s 122
f 1362/2207/2792 1381/2208/2793 1444/2209/2794 1443/2210/2795
f 1381/2208/2793 1380/2211/2796 1445/2212/2797 1444/2209/2794
f 1380/2211/2796 1379/2213/2798 1446/2214/2799 1445/2212/2797
f 1379/2213/2798 1378/2215/2800 1447/2216/2801 1446/2214/2799
f 1378/2215/2800 1377/2217/2802 1448/2218/2803 1447/2216/2801
f 1377/2217/2802 1376/2219/2804 1449/2220/2805 1448/2218/2803
f 1376/2219/2804 1375/2221/2806 1450/2222/2807 1449/2220/2805
f 1375/2221/2806 1374/2223/2808 1451/2224/2809 1450/2222/2807
f 1374/2223/2808 1373/2225/2810 1452/2226/2811 1451/2224/2809
f 1373/2225/2810 1372/2227/2812 1453/2228/2813 1452/2226/2811
f 1372/2227/2812 1371/2229/2814 1454/2230/2815 1453/2228/2813
f 1371/2229/2814 1370/2231/2816 1455/2232/2817 1454/2230/2815
f 1370/2231/2816 1369/2233/2818 1456/2234/2819 1455/2232/2817
f 1369/2233/2818 1368/2235/2820 1457/2236/2821 1456/2234/2819
f 1368/2235/2820 1367/2237/2822 1458/2238/2823 1457/2236/2821
f 1367/2237/2822 1366/2239/2824 1459/2240/2825 1458/2238/2823
f 1366/2239/2824 1365/2241/2826 1460/2242/2827 1459/2240/2825
f 1365/2241/2826 1364/2243/2828 1461/2244/2829 1460/2242/2827
f 1364/2243/2828 1363/2245/2830 1462/2246/2831 1461/2244/2829
f 1363/2245/2830 1362/2207/2792 1443/2210/2795 1462/2246/2831
s 123
f 1462/2246/2832 1443/2210/2833 1464/2124/2834 1463/2123/2835
f 1461/2244/2836 1462/2246/2832 1463/2123/2835 1466/2126/2837
f 1460/2242/2838 1461/2244/2836 1466/2126/2837 1467/2127/2839
f 1459/2240/2840 1460/2242/2838 1467/2127/2839 1468/2128/2841
f 1458/2238/2842 1459/2240/2840 1468/2128/2841 1469/2129/2843
f 1457/2236/2844 1458/2238/2842 1469/2129/2843 1470/2130/2845
f 1456/2234/2846 1457/2236/2844 1470/2130/2845 1471/2131/2847
f 1455/2232/2848 1456/2234/2846 1471/2131/2847 1472/2132/2849
f 1454/2230/2850 1455/2232/2848 1472/2132/2849 1473/2133/2851
f 1453/2228/2852 1454/2230/2850 1473/2133/2851 1474/2134/2853
f 1452/2226/2854 1453/2228/2852 1474/2134/2853 1475/2135/2855
f 1451/2224/2856 1452/2226/2854 1475/2135/2855 1476/2136/2857
f 1450/2222/2858 1451/2224/2856 1476/2136/2857 1477/2137/2859
f 1449/2220/2860 1450/2222/2858 1477/2137/2859 1478/2138/2861
f 1448/2218/2862 1449/2220/2860 1478/2138/2861 1479/2139/2863
f 1447/2216/2864 1448/2218/2862 1479/2139/2863 1480/2140/2865
f 1446/2214/2866 1447/2216/2864 1480/2140/2865 1481/2141/2867
f 1445/2212/2868 1446/2214/2866 1481/2141/2867 1482/2142/2869
f 1444/2209/2870 1445/2212/2868 1482/2142/2869 1483/2143/2871
f 1443/2210/2833 1444/2209/2870 1483/2143/2871 1464/2124/2834
s 124
f 1485/2187/2872 1484/2186/2873 1504/2247/2874 1505/2248/2875
f 1486/2188/2876 1485/2187/2872 1505/2248/2875 1506/2249/2877
f 1487/2189/2878 1486/2188/2876 1506/2249/2877 1507/2250/2879
f 1488/2190/2880 1487/2189/2878 1507/2250/2879 1508/2251/2881
f 1489/2191/2882 1488/2190/2880 1508/2251/2881 1509/2252/2883
f 1490/2192/2884 1489/2191/2882 1509/2252/2883 1510/2253/2885
f 1491/2193/2886 1490/2192/2884 1510/2253/2885 1511/2254/2887
f 1492/2194/2888 1491/2193/2886 1511/2254/2887 1512/2255/2889
f 1493/2195/2890 1492/2194/2888 1512/2255/2889 1513/2256/2891
f 1494/2196/2892 1493/2195/2890 1513/2256/2891 1514/2257/2893
f 1495/2197/2894 1494/2196/2892 1514/2257/2893 1515/2258/2895
f 1496/2198/2896 1495/2197/2894 1515/2258/2895 1516/2259/2897
f 1497/2199/2898 1496/2198/2896 1516/2259/2897 1517/2260/2899
f 1498/2200/2900 1497/2199/2898 1517/2260/2899 1518/2261/2901
f 1499/2201/2902 1498/2200/2900 1518/2261/2901 1519/2262/2903
f 1500/2202/2904 1499/2201/2902 1519/2262/2903 1520/2263/2905
f 1501/2203/2906 1500/2202/2904 1520/2263/2905 1521/2264/2907
f 1502/2204/2908 1501/2203/2906 1521/2264/2907 1522/2265/2909
f 1503/2205/2910 1502/2204/2908 1522/2265/2909 1523/2266/2911
f 1484/2206/2873 1503/2205/2910 1523/2266/2911 1504/2267/2874
s 125
f 1505/2248/2912 1504/2247/2913 1382/2268/2914 1401/2269/2915
f 1506/2249/2916 1505/2248/2912 1401/2269/2915 1400/2270/2917
f 1507/2250/2918 1506/2249/2916 1400/2270/2917 1399/2271/2919
f 1508/2251/2920 1507/2250/2918 1399/2271/2919 1398/2272/2921
f 1509/2252/2922 1508/2251/2920 1398/2272/2921 1397/2273/2923
f 1510/2253/2924 1509/2252/2922 1397/2273/2923 1396/2274/2925
f 1511/2254/2926 1510/2253/2924 1396/2274/2925 1395/2275/2927
f 1512/2255/2928 1511/2254/2926 1395/2275/2927 1394/2276/2929
f 1513/2256/2930 1512/2255/2928 1394/2276/2929 1393/2277/2931
f 1514/2257/2932 1513/2256/2930 1393/2277/2931 1392/2278/2933
f 1515/2258/2934 1514/2257/2932 1392/2278/2933 1391/2279/2935
f 1516/2259/2936 1515/2258/2934 1391/2279/2935 1390/2280/2937
f 1517/2260/2938 1516/2259/2936 1390/2280/2937 1389/2281/2939
f 1518/2261/2940 1517/2260/2938 1389/2281/2939 1388/2282/2941
f 1519/2262/2942 1518/2261/2940 1388/2282/2941 1387/2283/2943
f 1520/2263/2944 1519/2262/2942 1387/2283/2943 1386/2284/2945
f 1521/2264/2946 1520/2263/2944 1386/2284/2945 1385/2285/2947
f 1522/2265/2948 1521/2264/2946 1385/2285/2947 1384/2286/2949
f 1523/2266/2950 1522/2265/2948 1384/2286/2949 1383/2287/2951
f 1504/2267/2913 1523/2266/2950 1383/2287/2951 1382/2288/2914
s off
f 1535/2289/2952 1533/2290/2953 1537/2291/2954 1539/2292/2955
f 1543/2293/2956 1541/2294/2957 1545/2295/2958 1547/2296/2959
f 1529/2297/2960 1530/2298/2961 1536/2299/2962 1537/2300/2963 1533/2301/2964 1532/2302/2965
f 1538/2303/2966 1536/2304/2967 1530/2305/2968 1531/2306/2969
f 1528/2307/2970 1529/2308/2971 1532/2309/2972 1534/2310/2973
f 1540/2311/2974 1542/2312/2975 1525/2313/2976 1524/2314/2977
f 1527/2315/2978 1526/2316/2979 1546/2317/2980 1544/2318/2981
f 1524/2319/2982 1527/2320/2983 1544/2321/2984 1545/2295/2985 1541/2294/2986 1540/2322/2987
f 1524/2314/2988 1525/2313/2989 1529/2308/2990 1528/2307/2991
f 1525/2323/2992 1526/2324/2993 1530/2298/2994 1529/2297/2995
f 1531/2306/2996 1530/2305/2997 1526/2316/2998 1527/2315/2999
f 1528/2325/3000 1531/2326/3001 1527/2320/3002 1524/2319/3003
f 1534/2327/3004 1535/2289/3005 1539/2292/3006 1538/2328/3007 1531/2326/3008 1528/2325/3009
f 1542/2329/3010 1543/2293/3011 1547/2296/3012 1546/2330/3013 1526/2324/3014 1525/2323/3015
f 1532/2309/3016 1533/2290/3017 1535/2289/3018 1534/2310/3019
f 1537/2291/3020 1536/2304/3021 1538/2303/3022 1539/2292/3023
f 1540/2322/3024 1541/2294/3025 1543/2293/3026 1542/2329/3027
f 1545/2295/3028 1544/2321/3029 1546/2330/3030 1547/2296/3031
s 126
f 1548/2331/3032 1549/2332/3033 1559/2333/3034 1558/2334/3035
f 1549/2332/3033 1550/2335/3036 1560/2336/3037 1559/2333/3034
f 1550/2335/3036 1551/2337/3038 1561/2338/3039 1560/2336/3037
f 1551/2337/3038 1552/2339/3040 1562/2340/3041 1561/2338/3039
f 1552/2339/3040 1553/2341/3042 1563/2342/3043 1562/2340/3041
f 1553/2341/3042 1554/2343/3044 1564/2344/3045 1563/2342/3043
f 1554/2343/3044 1555/2345/3046 1565/2346/3047 1564/2344/3045
f 1555/2345/3046 1556/2347/3048 1566/2348/3049 1565/2346/3047
f 1556/2347/3048 1557/2349/3050 1567/2350/3051 1566/2348/3049
f 1557/2349/3050 1548/2351/3032 1558/2352/3035 1567/2350/3051
s 127
f 1568/2353/3052 1569/2354/3053 1628/2355/3054 1609/2356/3055
f 1569/2354/3053 1570/2357/3056 1627/2358/3057 1628/2355/3054
f 1570/2357/3056 1571/2359/3058 1626/2360/3059 1627/2358/3057
f 1571/2359/3058 1572/2361/3060 1625/2362/3061 1626/2360/3059
f 1572/2361/3060 1573/2363/3062 1624/2364/3063 1625/2362/3061
f 1573/2363/3062 1574/2365/3064 1623/2366/3065 1624/2364/3063
f 1574/2365/3064 1575/2367/3066 1622/2368/3067 1623/2366/3065
f 1575/2367/3066 1576/2369/3068 1621/2370/3069 1622/2368/3067
f 1576/2369/3068 1577/2371/3070 1620/2372/3071 1621/2370/3069
f 1577/2371/3070 1578/2373/3072 1619/2374/3073 1620/2372/3071
f 1578/2373/3072 1579/2375/3074 1618/2376/3075 1619/2374/3073
f 1579/2375/3074 1580/2377/3076 1617/2378/3077 1618/2376/3075
f 1580/2377/3076 1581/2379/3078 1616/2380/3079 1617/2378/3077
f 1581/2379/3078 1582/2381/3080 1615/2382/3081 1616/2380/3079
f 1582/2381/3080 1583/2383/3082 1614/2384/3083 1615/2382/3081
f 1583/2383/3082 1584/2385/3084 1613/2386/3085 1614/2384/3083
f 1584/2385/3084 1585/2387/3086 1612/2388/3087 1613/2386/3085
f 1585/2387/3086 1586/2389/3088 1611/2390/3089 1612/2388/3087
f 1586/2389/3088 1587/2391/3090 1610/2392/3091 1611/2390/3089
f 1587/2391/3090 1568/2393/3052 1609/2394/3055 1610/2392/3091
s 128
f 1569/2395/3092 1568/2396/3093 1608/2397/3094
f 1570/2398/3095 1569/2395/3092 1608/2397/3094
f 1571/2399/3096 1570/2398/3095 1608/2397/3094
f 1572/2400/3097 1571/2399/3096 1608/2397/3094
f 1573/2401/3098 1572/2400/3097 1608/2397/3094
f 1574/2402/3099 1573/2401/3098 1608/2397/3094
f 1575/2403/3100 1574/2402/3099 1608/2397/3094
f 1576/2404/3101 1575/2403/3100 1608/2397/3094
f 1577/2405/3102 1576/2404/3101 1608/2397/3094
f 1578/2406/3103 1577/2405/3102 1608/2397/3094
f 1579/2407/3104 1578/2406/3103 1608/2397/3094
f 1580/2408/3105 1579/2407/3104 1608/2397/3094
f 1581/2409/3106 1580/2408/3105 1608/2397/3094
f 1582/2410/3107 1581/2409/3106 1608/2397/3094
f 1583/2411/3108 1582/2410/3107 1608/2397/3094
f 1584/2412/3109 1583/2411/3108 1608/2397/3094
f 1585/2413/3110 1584/2412/3109 1608/2397/3094
f 1586/2414/3111 1585/2413/3110 1608/2397/3094
f 1587/2415/3112 1586/2414/3111 1608/2397/3094
f 1568/2396/3093 1587/2415/3112 1608/2397/3094
s 129
f 1610/2392/3113 1609/2394/3114 1588/2416/3115 1607/2417/3116
f 1611/2390/3117 1610/2392/3113 1607/2417/3116 1606/2418/3118
f 1612/2388/3119 1611/2390/3117 1606/2418/3118 1605/2419/3120
f 1613/2386/3121 1612/2388/3119 1605/2419/3120 1604/2420/3122
f 1614/2384/3123 1613/2386/3121 1604/2420/3122 1603/2421/3124
f 1615/2382/3125 1614/2384/3123 1603/2421/3124 1602/2422/3126
f 1616/2380/3127 1615/2382/3125 1602/2422/3126 1601/2423/3128
f 1617/2378/3129 1616/2380/3127 1601/2423/3128 1600/2424/3130
f 1618/2376/3131 1617/2378/3129 1600/2424/3130 1599/2425/3132
f 1619/2374/3133 1618/2376/3131 1599/2425/3132 1598/2426/3134
f 1620/2372/3135 1619/2374/3133 1598/2426/3134 1597/2427/3136
f 1621/2370/3137 1620/2372/3135 1597/2427/3136 1596/2428/3138
f 1622/2368/3139 1621/2370/3137 1596/2428/3138 1595/2429/3140
f 1623/2366/3141 1622/2368/3139 1595/2429/3140 1594/2430/3142
f 1624/2364/3143 1623/2366/3141 1594/2430/3142 1593/2431/3144
f 1625/2362/3145 1624/2364/3143 1593/2431/3144 1592/2432/3146
f 1626/2360/3147 1625/2362/3145 1592/2432/3146 1591/2433/3148
f 1627/2358/3149 1626/2360/3147 1591/2433/3148 1590/2434/3150
f 1628/2355/3151 1627/2358/3149 1590/2434/3150 1589/2435/3152
f 1609/2356/3114 1628/2355/3151 1589/2435/3152 1588/2436/3115
s 130
f 1637/2437/3153 1638/2438/3154 1629/2439/3155 1654/2440/3156 1653/2441/3157
f 1638/2438/3154 1639/2442/3158 1630/2443/3159 1629/2439/3155
f 1639/2442/3158 1640/2444/3160 1657/2445/3161 1658/2446/3162 1630/2443/3159
f 1629/2447/3155 1630/2448/3159 1643/2449/3163 1645/2450/3164
s 131
f 1636/2451/3165 1635/2452/3166 1652/2453/3167 1650/2454/3168
f 1635/2452/3166 1636/2451/3165 1639/2442/3169 1638/2438/3170
f 1636/2451/3165 1672/2455/3171 1671/2456/3172 1640/2444/3173 1639/2442/3169
s off
f 1643/2449/3174 1630/2448/3175 1632/2457/3176 1644/2458/3177
f 1644/2458/3178 1632/2457/3179 1641/2459/3180 1647/2460/3181
f 1629/2447/3182 1645/2450/3183 1646/2461/3184 1631/2462/3185
f 1631/2462/3186 1646/2461/3187 1648/2463/3188 1642/2464/3189
f 1647/2460/3190 1641/2459/3191 1634/2465/3192 1649/2466/3193
f 1642/2464/3194 1648/2463/3195 1651/2467/3196 1633/2468/3197
f 1649/2466/3198 1634/2465/3199 1636/2451/3200 1650/2454/3201
f 1633/2468/3202 1651/2467/3203 1652/2453/3204 1635/2452/3205
f 1646/2461/3206 1645/2450/3207 1643/2449/3208 1644/2458/3209
f 1646/2461/3210 1644/2458/3211 1647/2460/3212 1648/2463/3213
f 1651/2467/3214 1649/2466/3215 1650/2454/3216 1652/2453/3217
f 1648/2463/3218 1647/2460/3219 1649/2466/3220 1651/2467/3221
s 131
f 1667/2469/3222 1668/2470/3223 1635/2452/3166 1638/2438/3170 1637/2437/3224
s off
f 1653/2471/3225 1654/2472/3226 1656/2473/3227 1655/2474/3228
f 1655/2475/3229 1656/2473/3230 1662/2476/3231 1661/2477/3232
f 1658/2478/3233 1657/2479/3234 1660/2480/3235 1659/2481/3236
f 1659/2481/3237 1660/2482/3238 1663/2483/3239 1664/2484/3240
f 1661/2485/3241 1662/2486/3242 1665/2487/3243 1666/2488/3244
f 1664/2489/3245 1663/2490/3246 1669/2491/3247 1670/2492/3248
f 1666/2493/3249 1665/2494/3250 1668/2470/3251 1667/2469/3252
f 1670/2495/3253 1669/2496/3254 1671/2456/3255 1672/2455/3256
f 1656/2473/3257 1654/2472/3258 1629/2447/3259 1631/2462/3260
f 1630/2448/3261 1658/2478/3262 1659/2481/3263 1632/2457/3264
f 1656/2473/3265 1631/2462/3266 1642/2464/3267 1662/2476/3268
f 1632/2457/3269 1659/2481/3270 1664/2484/3271 1641/2459/3272
f 1665/2494/3273 1633/2468/3274 1635/2452/3275 1668/2470/3276
f 1634/2465/3277 1670/2495/3278 1672/2455/3279 1636/2451/3280
s 132
f 1660/2480/3281 1657/2479/3282 1640/2497/3283 1663/2490/3284
s 133
f 1661/2485/3285 1637/2498/3286 1653/2471/3287 1655/2474/3288
f 1666/2488/3289 1667/2499/3290 1637/2498/3286 1661/2485/3285
s 132
f 1663/2490/3284 1640/2497/3283 1671/2500/3291 1669/2491/3292
s off
f 1641/2459/3293 1664/2484/3294 1670/2495/3295 1634/2465/3296
f 1662/2476/3297 1642/2464/3298 1633/2468/3299 1665/2494/3300
s 134
f 1673/2501/3301 1674/2502/3302 1675/2503/3303 1676/2504/3304
f 1678/2505/3305 1677/2506/3306 1675/2507/3303 1674/2508/3302
f 1679/2509/3307 1677/2510/3306 1678/2511/3305 1680/2512/3308
f 1682/2513/3309 1681/2514/3310 1680/2515/3308 1678/2516/3305
f 1684/2517/3311 1683/2518/3312 1681/2519/3310 1682/2520/3309
f 1686/2521/3313 1685/2522/3314 1683/2523/3312 1684/2524/3311
f 1688/2525/3315 1687/2526/3316 1685/2527/3314 1686/2528/3313
f 1689/2529/3317 1687/2530/3316 1688/2531/3315 1690/2532/3318
f 1692/2533/3319 1691/2534/3320 1690/2535/3318 1688/2536/3315
f 1694/2537/3321 1693/2538/3322 1691/2539/3320 1692/2540/3319
f 1695/2541/3323 1693/2542/3322 1694/2543/3321 1696/2544/3324
f 1696/2545/3324 1694/2546/3321 1697/2547/3325 1698/2548/3326
f 1698/2549/3326 1697/2550/3325 1699/2551/3327 1700/2552/3328
f 1700/2553/3328 1699/2554/3327 1701/2555/3329 1702/2556/3330
f 1673/2557/3301 1676/2558/3304 1703/2559/3331 1704/2560/3332
f 1702/2561/3330 1701/2562/3329 1673/2563/3301 1704/2564/3332
f 1692/2565/3319 1688/2566/3315 1686/2567/3313 1707/2568/3333
f 1705/2569/3334 1684/2570/3311 1682/2571/3309 1706/2572/3335
f 1706/2572/3335 1682/2571/3309 1678/2573/3305 1674/2574/3302
f 1707/2568/3333 1686/2567/3313 1684/2575/3311 1705/2576/3334
f 1705/2577/3334 1699/2578/3327 1697/2579/3325 1707/2580/3333
f 1706/2581/3335 1701/2582/3329 1699/2583/3327 1705/2584/3334
f 1674/2585/3302 1673/2586/3301 1701/2587/3329 1706/2588/3335
f 1707/2589/3333 1697/2590/3325 1694/2591/3321 1692/2592/3319
s off
f 1713/2593/3336 1714/2594/3337 1710/2595/3338 1708/2596/3339
f 1717/2597/3340 1718/2598/3341 1715/2599/3342 1712/2600/3343
f 1709/2601/3344 1711/2602/3345 1719/2603/3346 1716/2604/3347
f 1708/2596/3348 1710/2595/3349 1711/2602/3350 1709/2601/3351
f 1713/2593/3352 1712/2600/3353 1715/2599/3354 1714/2594/3355
f 1717/2597/3356 1716/2604/3357 1719/2603/3358 1718/2598/3359
s 135
f 1737/2605/3360 1739/2606/3361 1741/2607/3362 1743/2608/3363
f 1747/2609/3364 1745/2610/3365 1749/2611/3366 1751/2612/3367
f 1747/2609/3364 1751/2612/3367 1739/2606/3361 1737/2605/3360
s off
f 1720/2613/3368 1721/2614/3369 1723/2615/3370 1722/2616/3371
f 1721/2617/3372 1720/2618/3373 1725/2619/3374 1724/2620/3375
f 1722/2621/3376 1723/2622/3377 1732/2623/3378 1733/2624/3379
f 1724/2620/3380 1725/2619/3381 1727/2625/3382 1726/2626/3383
f 1726/2626/3384 1727/2625/3385 1728/2627/3386 1729/2628/3387
f 1729/2629/3388 1728/2630/3389 1730/2631/3390 1731/2632/3391
f 1731/2633/3392 1730/2634/3393 1735/2635/3394 1734/2636/3395
f 1733/2624/3396 1732/2623/3397 1734/2636/3398 1735/2635/3399
s 136
f 1723/2622/3400 1731/2633/3401 1734/2636/3402 1732/2623/3403
f 1721/2617/3404 1724/2620/3405 1726/2626/3406 1729/2637/3407
f 1721/2617/3404 1729/2637/3407 1731/2633/3401 1723/2622/3400
s off
f 1752/2638/3408 1753/2639/3409 1754/2640/3410 1755/2641/3411
f 1738/2642/3412 1740/2643/3413 1741/2607/3414 1739/2606/3415
f 1753/2639/3416 1756/2644/3417 1757/2645/3418 1754/2640/3419
f 1740/2643/3420 1742/2646/3421 1743/2608/3422 1741/2607/3423
f 1756/2644/3424 1758/2647/3425 1759/2648/3426 1757/2645/3427
f 1742/2646/3428 1736/2649/3429 1737/2605/3430 1743/2608/3431
f 1761/2650/3432 1760/2651/3433 1762/2652/3434 1763/2653/3435
f 1746/2654/3436 1744/2655/3437 1745/2610/3438 1747/2609/3439
f 1760/2651/3440 1764/2656/3441 1765/2657/3442 1762/2652/3443
f 1744/2655/3444 1748/2658/3445 1749/2611/3446 1745/2610/3447
f 1764/2656/3448 1766/2659/3449 1767/2660/3450 1765/2657/3451
f 1748/2658/3452 1750/2661/3453 1751/2612/3454 1749/2611/3455
f 1766/2659/3456 1752/2638/3457 1755/2641/3458 1767/2660/3459
f 1750/2661/3460 1738/2642/3461 1739/2606/3462 1751/2612/3463
f 1758/2647/3464 1761/2650/3465 1763/2653/3466 1759/2648/3467
f 1736/2649/3468 1746/2654/3469 1747/2609/3470 1737/2605/3471
s 137
f 1740/2643/3472 1738/2642/3473 1755/2641/3474 1754/2640/3475
f 1742/2646/3476 1740/2643/3472 1754/2640/3475 1757/2645/3477
f 1736/2649/3478 1742/2646/3476 1757/2645/3477 1759/2648/3479
f 1744/2655/3480 1746/2654/3481 1763/2653/3482 1762/2652/3483
f 1748/2658/3484 1744/2655/3480 1762/2652/3483 1765/2657/3485
f 1750/2661/3486 1748/2658/3484 1765/2657/3485 1767/2660/3487
f 1738/2642/3473 1750/2661/3486 1767/2660/3487 1755/2641/3474
f 1746/2654/3481 1736/2649/3478 1759/2648/3479 1763/2653/3482
s off
f 1768/2662/3488 1756/2644/3489 1753/2639/3490 1769/2663/3491
f 1756/2644/3492 1768/2662/3493 1770/2664/3494 1758/2647/3495
f 1769/2663/3496 1753/2639/3497 1752/2638/3498 1771/2665/3499
f 1758/2647/3500 1770/2666/3501 1774/2667/3502 1761/2650/3503
f 1771/2668/3504 1752/2638/3505 1766/2659/3506 1775/2669/3507
f 1772/2670/3508 1760/2671/3509 1761/2672/3510 1774/2673/3511
f 1760/2674/3512 1772/2670/3513 1773/2675/3514 1764/2676/3515
f 1764/2677/3516 1773/2675/3517 1775/2678/3518 1766/2679/3519
f 1725/2619/3520 1768/2662/3521 1769/2663/3522 1727/2625/3523
f 1772/2670/3524 1733/2624/3525 1735/2635/3526 1773/2675/3527
f 1775/2669/3528 1730/2631/3529 1728/2630/3530 1771/2668/3531
f 1722/2616/3532 1774/2667/3533 1770/2666/3534 1720/2613/3535
f 1770/2664/3536 1768/2662/3537 1725/2619/3538 1720/2618/3539
f 1769/2663/3540 1771/2665/3541 1728/2627/3542 1727/2625/3543
f 1772/2670/3544 1774/2673/3545 1722/2621/3546 1733/2624/3547
f 1775/2678/3548 1773/2675/3549 1735/2635/3550 1730/2634/3551
f 1776/2680/3552 1777/2681/3553 1779/2682/3554 1778/2683/3555
f 1778/2683/3556 1779/2682/3557 1781/2684/3558 1780/2685/3559
f 1780/2685/3560 1781/2684/3561 1783/2686/3562 1782/2687/3563
f 1782/2687/3564 1783/2686/3565 1777/2688/3566 1776/2689/3567
f 1777/2681/3568 1783/2690/3569 1781/2691/3570 1779/2682/3571
f 1782/2692/3572 1776/2680/3573 1778/2683/3574 1780/2693/3575
f 1795/2694/3576 1796/2695/3577 1794/2696/3578 1793/2697/3579 1798/2698/3580 1797/2699/3581
f 1784/2700/3582 1785/2701/3583 1796/2695/3584 1795/2694/3585
f 1785/2702/3586 1784/2703/3587 1787/2704/3588 1786/2705/3589
f 1786/2706/3590 1788/2707/3591 1792/2708/3592 1791/2709/3593
f 1788/2707/3594 1787/2704/3595 1790/2710/3596 1789/2711/3597
f 1789/2712/3598 1790/2713/3599 1797/2699/3600 1798/2698/3601
f 1791/2714/3602 1792/2715/3603 1793/2697/3604 1794/2696/3605
f 1784/2703/3606 1790/2710/3607 1787/2704/3608
f 1789/2716/3609 1792/2708/3610 1788/2707/3611
f 1791/2717/3612 1785/2718/3613 1786/2706/3614
f 1785/2701/3615 1791/2714/3616 1794/2696/3617 1796/2695/3618
f 1792/2715/3619 1789/2712/3620 1798/2698/3621 1793/2697/3622
f 1790/2713/3623 1784/2700/3624 1795/2694/3625 1797/2699/3626
f 1786/2705/3627 1787/2704/3628 1788/2707/3629
s 138
f 1814/2719/3630 1815/2720/3631 1799/2721/3632 1807/2722/3633
s 139
f 1801/2723/3634 1800/2724/3635 1808/2725/3636 1809/2726/3637
s 140
f 1802/2727/3638 1812/2728/3639 1813/2729/3640 1810/2730/3641
s 138
f 1815/2720/3631 1816/2731/3642 1803/2732/3643 1799/2721/3632
s 139
f 1805/2733/3644 1804/2734/3645 1800/2724/3635 1801/2723/3634
s 140
f 1806/2735/3646 1811/2736/3647 1812/2728/3639 1802/2727/3638
s 141
f 1803/2737/3648 1806/2735/3649 1802/2727/3650 1810/2730/3651 1807/2738/3652 1799/2739/3653
s 140
f 1821/2740/3654 1822/2741/3655 1805/2733/3656 1801/2723/3657
f 1820/2742/3658 1821/2740/3654 1801/2723/3657 1809/2726/3659
s 138
f 1800/2724/3660 1818/2743/3661 1819/2744/3662 1808/2725/3663
f 1804/2734/3664 1817/2745/3665 1818/2743/3661 1800/2724/3660
s 140
f 1813/2729/3640 1812/2728/3639 1821/2740/3654 1820/2742/3658
f 1812/2728/3639 1811/2736/3647 1822/2741/3655 1821/2740/3654
s off
f 1818/2743/3666 1817/2745/3667 1823/2746/3668 1824/2747/3669
f 1817/2745/3670 1816/2731/3671 1825/2748/3672 1823/2746/3673
f 1816/2731/3674 1815/2720/3675 1826/2749/3676 1825/2748/3677
f 1819/2744/3678 1818/2743/3679 1824/2747/3680 1827/2750/3681
f 1815/2720/3682 1814/2719/3683 1828/2751/3684 1826/2749/3685
f 1814/2719/3686 1819/2744/3687 1827/2750/3688 1828/2751/3689
s 143
f 1829/2752/3690 1830/2753/3691 1834/2754/3692 1833/2755/3693
s off
f 1830/2756/3694 1829/2757/3695 1831/2758/3696 1832/2759/3697
s 144
f 1832/2760/3698 1831/2761/3699 1854/2762/3700 1855/2763/3701
s 143
f 1833/2755/3693 1834/2754/3692 1836/2764/3702 1835/2765/3703
f 1835/2765/3703 1836/2764/3702 1845/2766/3704
s off
f 1837/2767/3705 1838/2768/3706 1840/2769/3707 1839/2770/3708
s 145
f 1838/2771/3709 1837/2767/3710 1841/2772/3711 1842/2773/3712
s 146
f 1839/2770/3713 1840/2769/3714 1857/2774/3715 1856/2775/3716
s 145
f 1842/2773/3712 1841/2772/3711 1843/2776/3717 1844/2777/3718
f 1844/2777/3718 1843/2776/3717 1849/2778/3719
s off
f 1835/2779/3720 1845/2780/3721 1847/2781/3722 1846/2782/3723
s 144
f 1846/2783/3724 1847/2784/3725 1848/2785/3726
f 1846/2783/3724 1848/2785/3726 1855/2763/3701 1854/2762/3700
s off
f 1849/2786/3727 1843/2787/3728 1850/2788/3729 1851/2789/3730
s 146
f 1851/2790/3731 1850/2791/3732 1853/2792/3733 1852/2793/3734
f 1852/2794/3734 1853/2795/3733 1856/2775/3716 1857/2774/3715
s 141
f 1830/2756/3735 1832/2759/3736 1806/2735/3649 1803/2737/3648
s 138
f 1834/2754/3737 1830/2753/3738 1803/2732/3643 1816/2731/3642
f 1836/2764/3739 1834/2754/3737 1816/2731/3642 1817/2745/3665
s 141
f 1840/2769/3740 1838/2768/3741 1807/2738/3652 1810/2730/3651
s 138
f 1838/2771/3742 1842/2773/3743 1814/2719/3630 1807/2722/3633
f 1842/2773/3743 1844/2777/3744 1819/2744/3662 1814/2719/3630
f 1845/2766/3745 1836/2764/3739 1817/2745/3665 1804/2734/3664
s 139
f 1847/2781/3746 1845/2780/3747 1804/2734/3645 1805/2733/3644
s 140
f 1848/2785/3748 1847/2784/3749 1805/2733/3656 1822/2741/3655
s 138
f 1844/2777/3744 1849/2778/3750 1808/2725/3663 1819/2744/3662
s 139
f 1849/2786/3751 1851/2789/3752 1809/2726/3637 1808/2725/3636
s 140
f 1851/2790/3753 1852/2793/3754 1820/2742/3658 1809/2726/3659
f 1855/2763/3755 1848/2785/3748 1822/2741/3655 1811/2736/3647
f 1852/2794/3754 1857/2774/3756 1813/2729/3640 1820/2742/3658
f 1832/2760/3757 1855/2763/3755 1811/2736/3647 1806/2735/3646
f 1857/2774/3756 1840/2769/3758 1810/2730/3641 1813/2729/3640
s 147
f 1837/2767/3759 1839/2770/3760 1856/2775/3761 1841/2772/3762
s 148
f 1831/2761/3763 1829/2752/3764 1833/2755/3765 1854/2762/3766
s 147
f 1843/2776/3767 1853/2795/3768 1850/2796/3769
s 148
f 1854/2762/3766 1833/2755/3765 1835/2765/3770 1846/2783/3771
s 147
f 1841/2772/3762 1856/2775/3761 1853/2795/3768 1843/2776/3767
s 149
f 1858/2797/3772 1859/2798/3773 1860/2799/3774 1861/2800/3775
f 1863/2801/3776 1862/2802/3777 1860/2803/3774 1859/2804/3773
f 1864/2805/3778 1862/2806/3777 1863/2807/3776 1865/2808/3779
f 1867/2809/3780 1866/2810/3781 1865/2811/3779 1863/2812/3776
f 1869/2813/3782 1868/2814/3783 1866/2815/3781 1867/2816/3780
f 1871/2817/3784 1870/2818/3785 1868/2819/3783 1869/2820/3782
f 1873/2821/3786 1872/2822/3787 1870/2823/3785 1871/2824/3784
f 1874/2825/3788 1872/2826/3787 1873/2827/3786 1875/2828/3789
f 1877/2829/3790 1876/2830/3791 1875/2831/3789 1873/2832/3786
f 1879/2833/3792 1878/2834/3793 1876/2835/3791 1877/2836/3790
f 1880/2837/3794 1878/2838/3793 1879/2839/3792 1881/2840/3795
f 1881/2841/3795 1879/2842/3792 1882/2843/3796 1883/2844/3797
f 1883/2845/3797 1882/2846/3796 1884/2847/3798 1885/2848/3799
f 1885/2849/3799 1884/2850/3798 1886/2851/3800 1887/2852/3801
f 1858/2853/3772 1861/2854/3775 1888/2855/3802 1889/2856/3803
f 1887/2857/3801 1886/2858/3800 1858/2859/3772 1889/2860/3803
f 1877/2861/3790 1873/2862/3786 1871/2863/3784 1892/2864/3804
f 1890/2865/3805 1869/2866/3782 1867/2867/3780 1891/2868/3806
f 1891/2868/3806 1867/2867/3780 1863/2869/3776 1859/2870/3773
f 1892/2864/3804 1871/2863/3784 1869/2871/3782 1890/2872/3805
f 1890/2873/3805 1884/2874/3798 1882/2875/3796 1892/2876/3804
f 1891/2877/3806 1886/2878/3800 1884/2879/3798 1890/2880/3805
f 1859/2881/3773 1858/2882/3772 1886/2883/3800 1891/2884/3806
f 1892/2885/3804 1882/2886/3796 1879/2887/3792 1877/2888/3790
s 150
f 1893/2889/3807 1894/2890/3808 1895/2891/3809 1896/2892/3810
f 1898/2893/3811 1897/2894/3812 1895/2895/3809 1894/2896/3808
f 1899/2897/3813 1897/2898/3812 1898/2899/3811 1900/2900/3814
f 1902/2901/3815 1901/2902/3816 1900/2903/3814 1898/2904/3811
f 1904/2905/3817 1903/2906/3818 1901/2907/3816 1902/2908/3815
f 1906/2909/3819 1905/2910/3820 1903/2911/3818 1904/2912/3817
f 1908/2913/3821 1907/2914/3822 1905/2915/3820 1906/2916/3819
f 1909/2917/3823 1907/2918/3822 1908/2919/3821 1910/2920/3824
f 1912/2921/3825 1911/2922/3826 1910/2923/3824 1908/2924/3821
f 1914/2925/3827 1913/2926/3828 1911/2927/3826 1912/2928/3825
f 1915/2929/3829 1913/2930/3828 1914/2931/3827 1916/2932/3830
f 1916/2933/3830 1914/2934/3827 1917/2935/3831 1918/2936/3832
f 1918/2937/3832 1917/2938/3831 1919/2939/3833 1920/2940/3834
f 1920/2941/3834 1919/2942/3833 1921/2943/3835 1922/2944/3836
f 1893/2945/3807 1896/2946/3810 1923/2947/3837 1924/2948/3838
f 1922/2949/3836 1921/2950/3835 1893/2951/3807 1924/2952/3838
f 1912/2953/3825 1908/2954/3821 1906/2955/3819 1927/2956/3839
f 1925/2957/3840 1904/2958/3817 1902/2959/3815 1926/2960/3841
f 1926/2960/3841 1902/2959/3815 1898/2961/3811 1894/2962/3808
f 1927/2956/3839 1906/2955/3819 1904/2963/3817 1925/2964/3840
f 1925/2965/3840 1919/2966/3833 1917/2967/3831 1927/2968/3839
f 1926/2969/3841 1921/2970/3835 1919/2971/3833 1925/2972/3840
f 1894/2973/3808 1893/2974/3807 1921/2975/3835 1926/2976/3841
f 1927/2977/3839 1917/2978/3831 1914/2979/3827 1912/2980/3825
s 151
f 1928/2981/3842 1929/2982/3843 1987/2983/3844 1968/2984/3845
f 1929/2982/3843 1930/2985/3846 1986/2986/3847 1987/2983/3844
f 1930/2985/3846 1931/2987/3848 1985/2988/3849 1986/2986/3847
f 1931/2987/3848 1932/2989/3850 1984/2990/3851 1985/2988/3849
f 1932/2989/3850 1933/2991/3852 1983/2992/3853 1984/2990/3851
f 1933/2991/3852 1934/2993/3854 1982/2994/3855 1983/2992/3853
f 1934/2993/3854 1935/2995/3856 1981/2996/3857 1982/2994/3855
f 1935/2995/3856 1936/2997/3858 1980/2998/3859 1981/2996/3857
f 1936/2997/3858 1937/2999/3860 1979/3000/3861 1980/2998/3859
f 1937/2999/3860 1938/3001/3862 1978/3002/3863 1979/3000/3861
f 1938/3001/3862 1939/3003/3864 1977/3004/3865 1978/3002/3863
f 1939/3003/3864 1940/3005/3866 1976/3006/3867 1977/3004/3865
f 1940/3005/3866 1941/3007/3868 1975/3008/3869 1976/3006/3867
f 1941/3007/3868 1942/3009/3870 1974/3010/3871 1975/3008/3869
f 1942/3009/3870 1943/3011/3872 1973/3012/3873 1974/3010/3871
f 1943/3011/3872 1944/3013/3874 1972/3014/3875 1973/3012/3873
f 1944/3013/3874 1945/3015/3876 1971/3016/3877 1972/3014/3875
f 1945/3015/3876 1946/3017/3878 1970/3018/3879 1971/3016/3877
f 1946/3017/3878 1947/3019/3880 1969/3020/3881 1970/3018/3879
f 1947/3019/3880 1928/3021/3842 1968/3022/3845 1969/3020/3881
s 152
f 2008/3023/3882 2009/3024/3883 2010/3025/3884
f 2009/3024/3883 2011/3026/3885 2010/3025/3884
f 2011/3026/3885 2012/3027/3886 2010/3025/3884
f 2012/3027/3886 2013/3028/3887 2010/3025/3884
f 2013/3028/3887 2014/3029/3888 2010/3025/3884
f 2014/3029/3888 2015/3030/3889 2010/3025/3884
f 2015/3030/3889 2016/3031/3890 2010/3025/3884
f 2016/3031/3890 2017/3032/3891 2010/3025/3884
f 2017/3032/3891 2018/3033/3892 2010/3025/3884
f 2018/3033/3892 2019/3034/3893 2010/3025/3884
f 2019/3034/3893 2020/3035/3894 2010/3025/3884
f 2020/3035/3894 2021/3036/3895 2010/3025/3884
f 2021/3036/3895 2022/3037/3896 2010/3025/3884
f 2022/3037/3896 2023/3038/3897 2010/3025/3884
f 2023/3038/3897 2024/3039/3898 2010/3025/3884
f 2024/3039/3898 2025/3040/3899 2010/3025/3884
f 2025/3040/3899 2026/3041/3900 2010/3025/3884
f 2026/3041/3900 2027/3042/3901 2010/3025/3884
f 2027/3042/3901 2028/3043/3902 2010/3025/3884
f 2028/3043/3902 2008/3023/3882 2010/3025/3884
s 153
f 1969/3020/3903 1968/3022/3904 2029/3044/3905 2030/3045/3906
f 1970/3018/3907 1969/3020/3903 2030/3045/3906 2031/3046/3908
f 1971/3016/3909 1970/3018/3907 2031/3046/3908 2032/3047/3910
f 1972/3014/3911 1971/3016/3909 2032/3047/3910 2033/3048/3912
f 1973/3012/3913 1972/3014/3911 2033/3048/3912 2034/3049/3914
f 1974/3010/3915 1973/3012/3913 2034/3049/3914 2035/3050/3916
f 1975/3008/3917 1974/3010/3915 2035/3050/3916 2036/3051/3918
f 1976/3006/3919 1975/3008/3917 2036/3051/3918 2037/3052/3920
f 1977/3004/3921 1976/3006/3919 2037/3052/3920 2038/3053/3922
f 1978/3002/3923 1977/3004/3921 2038/3053/3922 2039/3054/3924
f 1979/3000/3925 1978/3002/3923 2039/3054/3924 2040/3055/3926
f 1980/2998/3927 1979/3000/3925 2040/3055/3926 2041/3056/3928
f 1981/2996/3929 1980/2998/3927 2041/3056/3928 2042/3057/3930
f 1982/2994/3931 1981/2996/3929 2042/3057/3930 2043/3058/3932
f 1983/2992/3933 1982/2994/3931 2043/3058/3932 2044/3059/3934
f 1984/2990/3935 1983/2992/3933 2044/3059/3934 2045/3060/3936
f 1985/2988/3937 1984/2990/3935 2045/3060/3936 2046/3061/3938
f 1986/2986/3939 1985/2988/3937 2046/3061/3938 2047/3062/3940
f 1987/2983/3941 1986/2986/3939 2047/3062/3940 2048/3063/3942
f 1968/2984/3904 1987/2983/3941 2048/3063/3942 2029/3064/3905
s 154
f 1949/3065/3943 1950/3066/3944 1989/3067/3945 1988/3068/3946
f 1950/3066/3944 1951/3069/3947 1990/3070/3948 1989/3067/3945
f 1951/3069/3947 1952/3071/3949 1991/3072/3950 1990/3070/3948
f 1952/3071/3949 1953/3073/3951 1992/3074/3952 1991/3072/3950
f 1953/3073/3951 1954/3075/3953 1993/3076/3954 1992/3074/3952
f 1954/3075/3953 1955/3077/3955 1994/3078/3956 1993/3076/3954
f 1955/3077/3955 1956/3079/3957 1995/3080/3958 1994/3078/3956
f 1956/3079/3957 1957/3081/3959 1996/3082/3960 1995/3080/3958
f 1957/3081/3959 1958/3083/3961 1997/3084/3962 1996/3082/3960
f 1958/3083/3961 1959/3085/3963 1998/3086/3964 1997/3084/3962
f 1959/3085/3963 1960/3087/3965 1999/3088/3966 1998/3086/3964
f 1960/3087/3965 1961/3089/3967 2000/3090/3968 1999/3088/3966
f 1961/3089/3967 1962/3091/3969 2001/3092/3970 2000/3090/3968
f 1962/3091/3969 1963/3093/3971 2002/3094/3972 2001/3092/3970
f 1963/3093/3971 1964/3095/3973 2003/3096/3974 2002/3094/3972
f 1964/3095/3973 1965/3097/3975 2004/3098/3976 2003/3096/3974
f 1965/3097/3975 1966/3099/3977 2005/3100/3978 2004/3098/3976
f 1966/3099/3977 1967/3101/3979 2006/3102/3980 2005/3100/3978
f 1967/3101/3979 1948/3103/3981 2007/3104/3982 2006/3102/3980
f 1948/3103/3981 1949/3065/3943 1988/3068/3946 2007/3104/3982
s 155
f 2007/3104/3983 1988/3068/3984 2009/3024/3985 2008/3023/3986
f 1988/3068/3984 1989/3067/3987 2011/3026/3988 2009/3024/3985
f 1989/3067/3987 1990/3070/3989 2012/3027/3990 2011/3026/3988
f 1990/3070/3989 1991/3072/3991 2013/3028/3992 2012/3027/3990
f 1991/3072/3991 1992/3074/3993 2014/3029/3994 2013/3028/3992
f 1992/3074/3993 1993/3076/3995 2015/3030/3996 2014/3029/3994
f 1993/3076/3995 1994/3078/3997 2016/3031/3998 2015/3030/3996
f 1994/3078/3997 1995/3080/3999 2017/3032/4000 2016/3031/3998
f 1995/3080/3999 1996/3082/4001 2018/3033/4002 2017/3032/4000
f 1996/3082/4001 1997/3084/4003 2019/3034/4004 2018/3033/4002
f 1997/3084/4003 1998/3086/4005 2020/3035/4006 2019/3034/4004
f 1998/3086/4005 1999/3088/4007 2021/3036/4008 2020/3035/4006
f 1999/3088/4007 2000/3090/4009 2022/3037/4010 2021/3036/4008
f 2000/3090/4009 2001/3092/4011 2023/3038/4012 2022/3037/4010
f 2001/3092/4011 2002/3094/4013 2024/3039/4014 2023/3038/4012
f 2002/3094/4013 2003/3096/4015 2025/3040/4016 2024/3039/4014
f 2003/3096/4015 2004/3098/4017 2026/3041/4018 2025/3040/4016
f 2004/3098/4017 2005/3100/4019 2027/3042/4020 2026/3041/4018
f 2005/3100/4019 2006/3102/4021 2028/3043/4022 2027/3042/4020
f 2006/3102/4021 2007/3104/3983 2008/3023/3986 2028/3043/4022
s 156
f 2030/3045/4023 2029/3044/4024 1948/3105/4025 1967/3106/4026
f 2031/3046/4027 2030/3045/4023 1967/3106/4026 1966/3107/4028
f 2032/3047/4029 2031/3046/4027 1966/3107/4028 1965/3108/4030
f 2033/3048/4031 2032/3047/4029 1965/3108/4030 1964/3109/4032
f 2034/3049/4033 2033/3048/4031 1964/3109/4032 1963/3110/4034
f 2035/3050/4035 2034/3049/4033 1963/3110/4034 1962/3111/4036
f 2036/3051/4037 2035/3050/4035 1962/3111/4036 1961/3112/4038
f 2037/3052/4039 2036/3051/4037 1961/3112/4038 1960/3113/4040
f 2038/3053/4041 2037/3052/4039 1960/3113/4040 1959/3114/4042
f 2039/3054/4043 2038/3053/4041 1959/3114/4042 1958/3115/4044
f 2040/3055/4045 2039/3054/4043 1958/3115/4044 1957/3116/4046
f 2041/3056/4047 2040/3055/4045 1957/3116/4046 1956/3117/4048
f 2042/3057/4049 2041/3056/4047 1956/3117/4048 1955/3118/4050
f 2043/3058/4051 2042/3057/4049 1955/3118/4050 1954/3119/4052
f 2044/3059/4053 2043/3058/4051 1954/3119/4052 1953/3120/4054
f 2045/3060/4055 2044/3059/4053 1953/3120/4054 1952/3121/4056
f 2046/3061/4057 2045/3060/4055 1952/3121/4056 1951/3122/4058
f 2047/3062/4059 2046/3061/4057 1951/3122/4058 1950/3123/4060
f 2048/3063/4061 2047/3062/4059 1950/3123/4060 1949/3124/4062
f 2029/3064/4024 2048/3063/4061 1949/3124/4062 1948/3125/4025
